令和６年,人口動態統計,,
保管統計表　死因　死亡　第２表　死亡数，死因（死因簡単分類）・性・年齢（５歳階級）・死亡の場所別（０～64歳）
,,総数,,,,,,,,,0歳,,,,,,,,,1歳,,,,,,,,,2歳,,,,,,,,,3歳,,,,,,,,,4歳,,,,,,,,,0～4歳,,,,,,,,,5～9歳,,,,,,,,,10～14歳,,,,,,,,,15～19歳,,,,,,,,,20～24歳,,,,,,,,,25～29歳,,,,,,,,,30～34歳,,,,,,,,,35～39歳,,,,,,,,,40～44歳,,,,,,,,,45～49歳,,,,,,,,,50～54歳,,,,,,,,,55～59歳,,,,,,,,,60～64歳,,,,,,,,
,,総数,病院,診療所,介護医療院・介護老人保健施設,（再掲）介護医療院,助産所,老人ホーム,自宅,その他,総数,病院,診療所,介護医療院・介護老人保健施設,（再掲）介護医療院,助産所,老人ホーム,自宅,その他,総数,病院,診療所,介護医療院・介護老人保健施設,（再掲）介護医療院,助産所,老人ホーム,自宅,その他,総数,病院,診療所,介護医療院・介護老人保健施設,（再掲）介護医療院,助産所,老人ホーム,自宅,その他,総数,病院,診療所,介護医療院・介護老人保健施設,（再掲）介護医療院,助産所,老人ホーム,自宅,その他,総数,病院,診療所,介護医療院・介護老人保健施設,（再掲）介護医療院,助産所,老人ホーム,自宅,その他,総数,病院,診療所,介護医療院・介護老人保健施設,（再掲）介護医療院,助産所,老人ホーム,自宅,その他,総数,病院,診療所,介護医療院・介護老人保健施設,（再掲）介護医療院,助産所,老人ホーム,自宅,その他,総数,病院,診療所,介護医療院・介護老人保健施設,（再掲）介護医療院,助産所,老人ホーム,自宅,その他,総数,病院,診療所,介護医療院・介護老人保健施設,（再掲）介護医療院,助産所,老人ホーム,自宅,その他,総数,病院,診療所,介護医療院・介護老人保健施設,（再掲）介護医療院,助産所,老人ホーム,自宅,その他,総数,病院,診療所,介護医療院・介護老人保健施設,（再掲）介護医療院,助産所,老人ホーム,自宅,その他,総数,病院,診療所,介護医療院・介護老人保健施設,（再掲）介護医療院,助産所,老人ホーム,自宅,その他,総数,病院,診療所,介護医療院・介護老人保健施設,（再掲）介護医療院,助産所,老人ホーム,自宅,その他,総数,病院,診療所,介護医療院・介護老人保健施設,（再掲）介護医療院,助産所,老人ホーム,自宅,その他,総数,病院,診療所,介護医療院・介護老人保健施設,（再掲）介護医療院,助産所,老人ホーム,自宅,その他,総数,病院,診療所,介護医療院・介護老人保健施設,（再掲）介護医療院,助産所,老人ホーム,自宅,その他,総数,病院,診療所,介護医療院・介護老人保健施設,（再掲）介護医療院,助産所,老人ホーム,自宅,その他,総数,病院,診療所,介護医療院・介護老人保健施設,（再掲）介護医療院,助産所,老人ホーム,自宅,その他
　　 　総　　　数　　　　　　　　　　　　　　　　　　　　　　　　　　　　　　　,総数,1605378,1033675,19148,66131,20375,-,196003,262883,27538,1266,1107,10,-,-,-,-,131,18,196,161,-,-,-,-,-,31,4,135,114,-,-,-,-,-,18,3,99,82,-,-,-,-,-,13,4,89,70,-,-,-,-,-,16,3,1785,1534,10,-,-,-,-,209,32,349,264,-,-,-,-,-,71,14,513,379,1,-,-,-,-,97,36,1284,730,3,-,-,-,1,314,236,2170,914,3,-,-,-,1,714,538,2299,968,7,-,-,-,3,798,523,2765,1301,7,-,-,-,5,919,533,4237,2242,14,-,-,-,23,1352,606,6835,3839,29,1,-,-,52,2164,750,12401,7503,46,3,2,-,102,3762,985,22134,13738,102,32,19,-,262,6741,1259,29979,19032,156,45,24,-,531,9024,1191,41886,27818,261,151,62,-,1018,11428,1210
,男　Ｍ．,819709,562711,9016,22890,7635,-,62538,146844,15710,647,558,6,-,-,-,-,75,8,104,90,-,-,-,-,-,12,2,60,50,-,-,-,-,-,10,-,48,42,-,-,-,-,-,5,1,45,33,-,-,-,-,-,11,1,904,773,6,-,-,-,-,113,12,191,147,-,-,-,-,-,36,8,275,207,1,-,-,-,-,54,13,714,426,2,-,-,-,-,158,128,1376,566,3,-,-,-,1,425,381,1422,575,4,-,-,-,1,472,370,1808,751,5,-,-,-,1,624,427,2696,1322,9,-,-,-,14,879,472,4388,2303,18,1,-,-,23,1432,611,7846,4466,27,3,2,-,46,2509,795,14180,8412,58,22,11,-,147,4538,1003,20095,12305,92,27,14,-,303,6390,978,28887,18729,169,101,39,-,650,8262,976
,女　Ｆ．,785669,470964,10132,43241,12740,-,133465,116039,11828,619,549,4,-,-,-,-,56,10,92,71,-,-,-,-,-,19,2,75,64,-,-,-,-,-,8,3,51,40,-,-,-,-,-,8,3,44,37,-,-,-,-,-,5,2,881,761,4,-,-,-,-,96,20,158,117,-,-,-,-,-,35,6,238,172,-,-,-,-,-,43,23,570,304,1,-,-,-,1,156,108,794,348,-,-,-,-,-,289,157,877,393,3,-,-,-,2,326,153,957,550,2,-,-,-,4,295,106,1541,920,5,-,-,-,9,473,134,2447,1536,11,-,-,-,29,732,139,4555,3037,19,-,-,-,56,1253,190,7954,5326,44,10,8,-,115,2203,256,9884,6727,64,18,10,-,228,2634,213,12999,9089,92,50,23,-,368,3166,234
01000　感染症及び寄生虫症　　　　　　　　　　　　　　　　　　　　　　　　　　　,総数,24547,21617,273,400,159,-,987,1174,96,43,42,-,-,-,-,-,1,-,25,23,-,-,-,-,-,2,-,9,7,-,-,-,-,-,2,-,6,6,-,-,-,-,-,-,-,7,7,-,-,-,-,-,-,-,90,85,-,-,-,-,-,5,-,20,20,-,-,-,-,-,-,-,13,13,-,-,-,-,-,-,-,11,10,-,-,-,-,-,1,-,16,14,-,-,-,-,-,2,-,21,19,-,-,-,-,-,1,1,32,29,-,-,-,-,-,3,-,48,45,-,-,-,-,-,3,-,75,69,1,-,-,-,2,3,-,133,120,-,-,-,-,-,13,-,242,224,1,-,-,-,3,13,1,380,332,2,1,1,-,5,37,3,595,529,6,1,-,-,14,40,5
,男　Ｍ．,12340,11173,127,138,52,-,321,548,33,23,22,-,-,-,-,-,1,-,13,13,-,-,-,-,-,-,-,3,3,-,-,-,-,-,-,-,5,5,-,-,-,-,-,-,-,2,2,-,-,-,-,-,-,-,46,45,-,-,-,-,-,1,-,12,12,-,-,-,-,-,-,-,8,8,-,-,-,-,-,-,-,6,5,-,-,-,-,-,1,-,8,6,-,-,-,-,-,2,-,11,10,-,-,-,-,-,-,1,20,17,-,-,-,-,-,3,-,36,33,-,-,-,-,-,3,-,49,47,-,-,-,-,1,1,-,94,86,-,-,-,-,-,8,-,160,147,1,-,-,-,1,10,1,270,232,2,-,-,-,3,30,3,414,364,5,1,-,-,10,30,4
,女　Ｆ．,12207,10444,146,262,107,-,666,626,63,20,20,-,-,-,-,-,-,-,12,10,-,-,-,-,-,2,-,6,4,-,-,-,-,-,2,-,1,1,-,-,-,-,-,-,-,5,5,-,-,-,-,-,-,-,44,40,-,-,-,-,-,4,-,8,8,-,-,-,-,-,-,-,5,5,-,-,-,-,-,-,-,5,5,-,-,-,-,-,-,-,8,8,-,-,-,-,-,-,-,10,9,-,-,-,-,-,1,-,12,12,-,-,-,-,-,-,-,12,12,-,-,-,-,-,-,-,26,22,1,-,-,-,1,2,-,39,34,-,-,-,-,-,5,-,82,77,-,-,-,-,2,3,-,110,100,-,1,1,-,2,7,-,181,165,1,-,-,-,4,10,1
01100　　腸管感染症　　　　　　　　　　　　　　　　　　　　　　　　　　　　　　,総数,2284,1927,34,66,18,-,115,131,11,3,3,-,-,-,-,-,-,-,8,7,-,-,-,-,-,1,-,2,1,-,-,-,-,-,1,-,2,2,-,-,-,-,-,-,-,2,2,-,-,-,-,-,-,-,17,15,-,-,-,-,-,2,-,2,2,-,-,-,-,-,-,-,1,1,-,-,-,-,-,-,-,2,2,-,-,-,-,-,-,-,2,2,-,-,-,-,-,-,-,-,-,-,-,-,-,-,-,-,2,1,-,-,-,-,-,1,-,5,5,-,-,-,-,-,-,-,2,2,-,-,-,-,-,-,-,7,6,-,-,-,-,-,1,-,14,12,-,-,-,-,1,1,-,23,19,-,-,-,-,-,4,-,39,31,1,-,-,-,-,7,-
,男　Ｍ．,1012,888,13,19,4,-,26,65,1,2,2,-,-,-,-,-,-,-,3,3,-,-,-,-,-,-,-,1,1,-,-,-,-,-,-,-,2,2,-,-,-,-,-,-,-,-,-,-,-,-,-,-,-,-,8,8,-,-,-,-,-,-,-,1,1,-,-,-,-,-,-,-,1,1,-,-,-,-,-,-,-,1,1,-,-,-,-,-,-,-,-,-,-,-,-,-,-,-,-,-,-,-,-,-,-,-,-,-,2,1,-,-,-,-,-,1,-,4,4,-,-,-,-,-,-,-,2,2,-,-,-,-,-,-,-,4,3,-,-,-,-,-,1,-,9,8,-,-,-,-,-,1,-,16,13,-,-,-,-,-,3,-,27,21,-,-,-,-,-,6,-
,女　Ｆ．,1272,1039,21,47,14,-,89,66,10,1,1,-,-,-,-,-,-,-,5,4,-,-,-,-,-,1,-,1,-,-,-,-,-,-,1,-,-,-,-,-,-,-,-,-,-,2,2,-,-,-,-,-,-,-,9,7,-,-,-,-,-,2,-,1,1,-,-,-,-,-,-,-,-,-,-,-,-,-,-,-,-,1,1,-,-,-,-,-,-,-,2,2,-,-,-,-,-,-,-,-,-,-,-,-,-,-,-,-,-,-,-,-,-,-,-,-,-,1,1,-,-,-,-,-,-,-,-,-,-,-,-,-,-,-,-,3,3,-,-,-,-,-,-,-,5,4,-,-,-,-,1,-,-,7,6,-,-,-,-,-,1,-,12,10,1,-,-,-,-,1,-
01200　　結核　　　　　　　　　　　　　　　　　　　　　　　　　　　　　　　　　,総数,1462,1327,9,17,6,-,44,59,6,-,-,-,-,-,-,-,-,-,-,-,-,-,-,-,-,-,-,-,-,-,-,-,-,-,-,-,-,-,-,-,-,-,-,-,-,-,-,-,-,-,-,-,-,-,-,-,-,-,-,-,-,-,-,-,-,-,-,-,-,-,-,-,-,-,-,-,-,-,-,-,-,-,-,-,-,-,-,-,-,-,-,-,-,-,-,-,-,-,-,-,-,-,-,-,-,-,-,-,-,-,-,-,-,-,-,-,-,-,-,-,-,-,-,-,-,-,1,1,-,-,-,-,-,-,-,9,9,-,-,-,-,-,-,-,4,3,-,-,-,-,-,-,1,9,8,-,-,-,-,-,1,-,20,19,-,-,-,-,-,1,-
,男　Ｍ．,846,777,8,7,4,-,16,35,3,-,-,-,-,-,-,-,-,-,-,-,-,-,-,-,-,-,-,-,-,-,-,-,-,-,-,-,-,-,-,-,-,-,-,-,-,-,-,-,-,-,-,-,-,-,-,-,-,-,-,-,-,-,-,-,-,-,-,-,-,-,-,-,-,-,-,-,-,-,-,-,-,-,-,-,-,-,-,-,-,-,-,-,-,-,-,-,-,-,-,-,-,-,-,-,-,-,-,-,-,-,-,-,-,-,-,-,-,-,-,-,-,-,-,-,-,-,1,1,-,-,-,-,-,-,-,9,9,-,-,-,-,-,-,-,4,3,-,-,-,-,-,-,1,8,7,-,-,-,-,-,1,-,16,15,-,-,-,-,-,1,-
,女　Ｆ．,616,550,1,10,2,-,28,24,3,-,-,-,-,-,-,-,-,-,-,-,-,-,-,-,-,-,-,-,-,-,-,-,-,-,-,-,-,-,-,-,-,-,-,-,-,-,-,-,-,-,-,-,-,-,-,-,-,-,-,-,-,-,-,-,-,-,-,-,-,-,-,-,-,-,-,-,-,-,-,-,-,-,-,-,-,-,-,-,-,-,-,-,-,-,-,-,-,-,-,-,-,-,-,-,-,-,-,-,-,-,-,-,-,-,-,-,-,-,-,-,-,-,-,-,-,-,-,-,-,-,-,-,-,-,-,-,-,-,-,-,-,-,-,-,-,-,-,-,-,-,-,-,-,1,1,-,-,-,-,-,-,-,4,4,-,-,-,-,-,-,-
01201　　　呼吸器結核　　　　　　　　　　　　　　　　　　　　　　　　　　　　　,総数,1247,1131,9,13,5,-,38,50,6,-,-,-,-,-,-,-,-,-,-,-,-,-,-,-,-,-,-,-,-,-,-,-,-,-,-,-,-,-,-,-,-,-,-,-,-,-,-,-,-,-,-,-,-,-,-,-,-,-,-,-,-,-,-,-,-,-,-,-,-,-,-,-,-,-,-,-,-,-,-,-,-,-,-,-,-,-,-,-,-,-,-,-,-,-,-,-,-,-,-,-,-,-,-,-,-,-,-,-,-,-,-,-,-,-,-,-,-,-,-,-,-,-,-,-,-,-,1,1,-,-,-,-,-,-,-,7,7,-,-,-,-,-,-,-,4,3,-,-,-,-,-,-,1,6,6,-,-,-,-,-,-,-,16,15,-,-,-,-,-,1,-
,男　Ｍ．,758,697,8,6,4,-,14,30,3,-,-,-,-,-,-,-,-,-,-,-,-,-,-,-,-,-,-,-,-,-,-,-,-,-,-,-,-,-,-,-,-,-,-,-,-,-,-,-,-,-,-,-,-,-,-,-,-,-,-,-,-,-,-,-,-,-,-,-,-,-,-,-,-,-,-,-,-,-,-,-,-,-,-,-,-,-,-,-,-,-,-,-,-,-,-,-,-,-,-,-,-,-,-,-,-,-,-,-,-,-,-,-,-,-,-,-,-,-,-,-,-,-,-,-,-,-,1,1,-,-,-,-,-,-,-,7,7,-,-,-,-,-,-,-,4,3,-,-,-,-,-,-,1,5,5,-,-,-,-,-,-,-,14,13,-,-,-,-,-,1,-
,女　Ｆ．,489,434,1,7,1,-,24,20,3,-,-,-,-,-,-,-,-,-,-,-,-,-,-,-,-,-,-,-,-,-,-,-,-,-,-,-,-,-,-,-,-,-,-,-,-,-,-,-,-,-,-,-,-,-,-,-,-,-,-,-,-,-,-,-,-,-,-,-,-,-,-,-,-,-,-,-,-,-,-,-,-,-,-,-,-,-,-,-,-,-,-,-,-,-,-,-,-,-,-,-,-,-,-,-,-,-,-,-,-,-,-,-,-,-,-,-,-,-,-,-,-,-,-,-,-,-,-,-,-,-,-,-,-,-,-,-,-,-,-,-,-,-,-,-,-,-,-,-,-,-,-,-,-,1,1,-,-,-,-,-,-,-,2,2,-,-,-,-,-,-,-
01202　　　その他の結核　　　　　　　　　　　　　　　　　　　　　　　　　　　　,総数,215,196,-,4,1,-,6,9,-,-,-,-,-,-,-,-,-,-,-,-,-,-,-,-,-,-,-,-,-,-,-,-,-,-,-,-,-,-,-,-,-,-,-,-,-,-,-,-,-,-,-,-,-,-,-,-,-,-,-,-,-,-,-,-,-,-,-,-,-,-,-,-,-,-,-,-,-,-,-,-,-,-,-,-,-,-,-,-,-,-,-,-,-,-,-,-,-,-,-,-,-,-,-,-,-,-,-,-,-,-,-,-,-,-,-,-,-,-,-,-,-,-,-,-,-,-,-,-,-,-,-,-,-,-,-,2,2,-,-,-,-,-,-,-,-,-,-,-,-,-,-,-,-,3,2,-,-,-,-,-,1,-,4,4,-,-,-,-,-,-,-
,男　Ｍ．,88,80,-,1,-,-,2,5,-,-,-,-,-,-,-,-,-,-,-,-,-,-,-,-,-,-,-,-,-,-,-,-,-,-,-,-,-,-,-,-,-,-,-,-,-,-,-,-,-,-,-,-,-,-,-,-,-,-,-,-,-,-,-,-,-,-,-,-,-,-,-,-,-,-,-,-,-,-,-,-,-,-,-,-,-,-,-,-,-,-,-,-,-,-,-,-,-,-,-,-,-,-,-,-,-,-,-,-,-,-,-,-,-,-,-,-,-,-,-,-,-,-,-,-,-,-,-,-,-,-,-,-,-,-,-,2,2,-,-,-,-,-,-,-,-,-,-,-,-,-,-,-,-,3,2,-,-,-,-,-,1,-,2,2,-,-,-,-,-,-,-
,女　Ｆ．,127,116,-,3,1,-,4,4,-,-,-,-,-,-,-,-,-,-,-,-,-,-,-,-,-,-,-,-,-,-,-,-,-,-,-,-,-,-,-,-,-,-,-,-,-,-,-,-,-,-,-,-,-,-,-,-,-,-,-,-,-,-,-,-,-,-,-,-,-,-,-,-,-,-,-,-,-,-,-,-,-,-,-,-,-,-,-,-,-,-,-,-,-,-,-,-,-,-,-,-,-,-,-,-,-,-,-,-,-,-,-,-,-,-,-,-,-,-,-,-,-,-,-,-,-,-,-,-,-,-,-,-,-,-,-,-,-,-,-,-,-,-,-,-,-,-,-,-,-,-,-,-,-,-,-,-,-,-,-,-,-,-,2,2,-,-,-,-,-,-,-
01300　　敗血症　　　　　　　　　　　　　　　　　　　　　　　　　　　　　　　　,総数,11714,10768,129,139,70,-,363,285,30,21,21,-,-,-,-,-,-,-,6,5,-,-,-,-,-,1,-,2,1,-,-,-,-,-,1,-,1,1,-,-,-,-,-,-,-,1,1,-,-,-,-,-,-,-,31,29,-,-,-,-,-,2,-,10,10,-,-,-,-,-,-,-,7,7,-,-,-,-,-,-,-,2,2,-,-,-,-,-,-,-,7,7,-,-,-,-,-,-,-,8,7,-,-,-,-,-,1,-,20,19,-,-,-,-,-,1,-,21,20,-,-,-,-,-,1,-,42,39,-,-,-,-,1,2,-,65,60,-,-,-,-,-,5,-,126,121,1,-,-,-,1,3,-,201,189,1,-,-,-,2,8,1,288,268,3,1,-,-,4,11,1
,男　Ｍ．,6072,5641,66,55,26,-,155,142,13,10,10,-,-,-,-,-,-,-,3,3,-,-,-,-,-,-,-,-,-,-,-,-,-,-,-,-,1,1,-,-,-,-,-,-,-,1,1,-,-,-,-,-,-,-,15,15,-,-,-,-,-,-,-,5,5,-,-,-,-,-,-,-,4,4,-,-,-,-,-,-,-,1,1,-,-,-,-,-,-,-,4,4,-,-,-,-,-,-,-,4,4,-,-,-,-,-,-,-,14,13,-,-,-,-,-,1,-,16,15,-,-,-,-,-,1,-,24,23,-,-,-,-,1,-,-,46,42,-,-,-,-,-,4,-,85,81,1,-,-,-,-,3,-,135,126,1,-,-,-,2,5,1,206,188,3,1,-,-,4,9,1
,女　Ｆ．,5642,5127,63,84,44,-,208,143,17,11,11,-,-,-,-,-,-,-,3,2,-,-,-,-,-,1,-,2,1,-,-,-,-,-,1,-,-,-,-,-,-,-,-,-,-,-,-,-,-,-,-,-,-,-,16,14,-,-,-,-,-,2,-,5,5,-,-,-,-,-,-,-,3,3,-,-,-,-,-,-,-,1,1,-,-,-,-,-,-,-,3,3,-,-,-,-,-,-,-,4,3,-,-,-,-,-,1,-,6,6,-,-,-,-,-,-,-,5,5,-,-,-,-,-,-,-,18,16,-,-,-,-,-,2,-,19,18,-,-,-,-,-,1,-,41,40,-,-,-,-,1,-,-,66,63,-,-,-,-,-,3,-,82,80,-,-,-,-,-,2,-
01400　　ウイルス性肝炎　　　　　　　　　　　　　　　　　　　　　　　　　　　　,総数,1448,1122,18,44,17,-,108,142,14,-,-,-,-,-,-,-,-,-,-,-,-,-,-,-,-,-,-,-,-,-,-,-,-,-,-,-,-,-,-,-,-,-,-,-,-,-,-,-,-,-,-,-,-,-,-,-,-,-,-,-,-,-,-,-,-,-,-,-,-,-,-,-,-,-,-,-,-,-,-,-,-,-,-,-,-,-,-,-,-,-,1,1,-,-,-,-,-,-,-,1,1,-,-,-,-,-,-,-,1,1,-,-,-,-,-,-,-,3,2,-,-,-,-,-,1,-,6,6,-,-,-,-,-,-,-,10,7,-,-,-,-,-,3,-,14,12,-,-,-,-,-,2,-,48,35,1,-,-,-,1,10,1,71,54,2,-,-,-,-,11,4
,男　Ｍ．,688,566,8,14,4,-,22,71,7,-,-,-,-,-,-,-,-,-,-,-,-,-,-,-,-,-,-,-,-,-,-,-,-,-,-,-,-,-,-,-,-,-,-,-,-,-,-,-,-,-,-,-,-,-,-,-,-,-,-,-,-,-,-,-,-,-,-,-,-,-,-,-,-,-,-,-,-,-,-,-,-,-,-,-,-,-,-,-,-,-,1,1,-,-,-,-,-,-,-,1,1,-,-,-,-,-,-,-,1,1,-,-,-,-,-,-,-,2,1,-,-,-,-,-,1,-,6,6,-,-,-,-,-,-,-,7,6,-,-,-,-,-,1,-,12,10,-,-,-,-,-,2,-,45,32,1,-,-,-,1,10,1,51,39,2,-,-,-,-,7,3
,女　Ｆ．,760,556,10,30,13,-,86,71,7,-,-,-,-,-,-,-,-,-,-,-,-,-,-,-,-,-,-,-,-,-,-,-,-,-,-,-,-,-,-,-,-,-,-,-,-,-,-,-,-,-,-,-,-,-,-,-,-,-,-,-,-,-,-,-,-,-,-,-,-,-,-,-,-,-,-,-,-,-,-,-,-,-,-,-,-,-,-,-,-,-,-,-,-,-,-,-,-,-,-,-,-,-,-,-,-,-,-,-,-,-,-,-,-,-,-,-,-,1,1,-,-,-,-,-,-,-,-,-,-,-,-,-,-,-,-,3,1,-,-,-,-,-,2,-,2,2,-,-,-,-,-,-,-,3,3,-,-,-,-,-,-,-,20,15,-,-,-,-,-,4,1
01401　　　Ｂ型ウイルス性肝炎　　　　　　　　　　　　　　　　　　　　　　　　　,総数,317,256,2,3,3,-,19,34,3,-,-,-,-,-,-,-,-,-,-,-,-,-,-,-,-,-,-,-,-,-,-,-,-,-,-,-,-,-,-,-,-,-,-,-,-,-,-,-,-,-,-,-,-,-,-,-,-,-,-,-,-,-,-,-,-,-,-,-,-,-,-,-,-,-,-,-,-,-,-,-,-,-,-,-,-,-,-,-,-,-,-,-,-,-,-,-,-,-,-,1,1,-,-,-,-,-,-,-,-,-,-,-,-,-,-,-,-,1,1,-,-,-,-,-,-,-,4,4,-,-,-,-,-,-,-,5,4,-,-,-,-,-,1,-,5,3,-,-,-,-,-,2,-,15,11,1,-,-,-,-,2,1,22,19,-,-,-,-,-,2,1
,男　Ｍ．,172,149,1,-,-,-,4,16,2,-,-,-,-,-,-,-,-,-,-,-,-,-,-,-,-,-,-,-,-,-,-,-,-,-,-,-,-,-,-,-,-,-,-,-,-,-,-,-,-,-,-,-,-,-,-,-,-,-,-,-,-,-,-,-,-,-,-,-,-,-,-,-,-,-,-,-,-,-,-,-,-,-,-,-,-,-,-,-,-,-,-,-,-,-,-,-,-,-,-,1,1,-,-,-,-,-,-,-,-,-,-,-,-,-,-,-,-,-,-,-,-,-,-,-,-,-,4,4,-,-,-,-,-,-,-,4,3,-,-,-,-,-,1,-,5,3,-,-,-,-,-,2,-,15,11,1,-,-,-,-,2,1,14,13,-,-,-,-,-,-,1
,女　Ｆ．,145,107,1,3,3,-,15,18,1,-,-,-,-,-,-,-,-,-,-,-,-,-,-,-,-,-,-,-,-,-,-,-,-,-,-,-,-,-,-,-,-,-,-,-,-,-,-,-,-,-,-,-,-,-,-,-,-,-,-,-,-,-,-,-,-,-,-,-,-,-,-,-,-,-,-,-,-,-,-,-,-,-,-,-,-,-,-,-,-,-,-,-,-,-,-,-,-,-,-,-,-,-,-,-,-,-,-,-,-,-,-,-,-,-,-,-,-,1,1,-,-,-,-,-,-,-,-,-,-,-,-,-,-,-,-,1,1,-,-,-,-,-,-,-,-,-,-,-,-,-,-,-,-,-,-,-,-,-,-,-,-,-,8,6,-,-,-,-,-,2,-
01402　　　Ｃ型ウイルス性肝炎　　　　　　　　　　　　　　　　　　　　　　　　　,総数,948,702,14,38,12,-,81,103,10,-,-,-,-,-,-,-,-,-,-,-,-,-,-,-,-,-,-,-,-,-,-,-,-,-,-,-,-,-,-,-,-,-,-,-,-,-,-,-,-,-,-,-,-,-,-,-,-,-,-,-,-,-,-,-,-,-,-,-,-,-,-,-,-,-,-,-,-,-,-,-,-,-,-,-,-,-,-,-,-,-,-,-,-,-,-,-,-,-,-,-,-,-,-,-,-,-,-,-,-,-,-,-,-,-,-,-,-,1,1,-,-,-,-,-,-,-,2,2,-,-,-,-,-,-,-,5,3,-,-,-,-,-,2,-,6,6,-,-,-,-,-,-,-,28,19,-,-,-,-,1,8,-,44,31,2,-,-,-,-,9,2
,男　Ｍ．,414,321,7,12,3,-,16,53,5,-,-,-,-,-,-,-,-,-,-,-,-,-,-,-,-,-,-,-,-,-,-,-,-,-,-,-,-,-,-,-,-,-,-,-,-,-,-,-,-,-,-,-,-,-,-,-,-,-,-,-,-,-,-,-,-,-,-,-,-,-,-,-,-,-,-,-,-,-,-,-,-,-,-,-,-,-,-,-,-,-,-,-,-,-,-,-,-,-,-,-,-,-,-,-,-,-,-,-,-,-,-,-,-,-,-,-,-,1,1,-,-,-,-,-,-,-,2,2,-,-,-,-,-,-,-,3,3,-,-,-,-,-,-,-,5,5,-,-,-,-,-,-,-,26,17,-,-,-,-,1,8,-,34,23,2,-,-,-,-,7,2
,女　Ｆ．,534,381,7,26,9,-,65,50,5,-,-,-,-,-,-,-,-,-,-,-,-,-,-,-,-,-,-,-,-,-,-,-,-,-,-,-,-,-,-,-,-,-,-,-,-,-,-,-,-,-,-,-,-,-,-,-,-,-,-,-,-,-,-,-,-,-,-,-,-,-,-,-,-,-,-,-,-,-,-,-,-,-,-,-,-,-,-,-,-,-,-,-,-,-,-,-,-,-,-,-,-,-,-,-,-,-,-,-,-,-,-,-,-,-,-,-,-,-,-,-,-,-,-,-,-,-,-,-,-,-,-,-,-,-,-,2,-,-,-,-,-,-,2,-,1,1,-,-,-,-,-,-,-,2,2,-,-,-,-,-,-,-,10,8,-,-,-,-,-,2,-
01403　　　その他のウイルス性肝炎　　　　　　　　　　　　　　　　　　　　　　　,総数,183,164,2,3,2,-,8,5,1,-,-,-,-,-,-,-,-,-,-,-,-,-,-,-,-,-,-,-,-,-,-,-,-,-,-,-,-,-,-,-,-,-,-,-,-,-,-,-,-,-,-,-,-,-,-,-,-,-,-,-,-,-,-,-,-,-,-,-,-,-,-,-,-,-,-,-,-,-,-,-,-,-,-,-,-,-,-,-,-,-,1,1,-,-,-,-,-,-,-,-,-,-,-,-,-,-,-,-,1,1,-,-,-,-,-,-,-,1,-,-,-,-,-,-,1,-,-,-,-,-,-,-,-,-,-,-,-,-,-,-,-,-,-,-,3,3,-,-,-,-,-,-,-,5,5,-,-,-,-,-,-,-,5,4,-,-,-,-,-,-,1
,男　Ｍ．,102,96,-,2,1,-,2,2,-,-,-,-,-,-,-,-,-,-,-,-,-,-,-,-,-,-,-,-,-,-,-,-,-,-,-,-,-,-,-,-,-,-,-,-,-,-,-,-,-,-,-,-,-,-,-,-,-,-,-,-,-,-,-,-,-,-,-,-,-,-,-,-,-,-,-,-,-,-,-,-,-,-,-,-,-,-,-,-,-,-,1,1,-,-,-,-,-,-,-,-,-,-,-,-,-,-,-,-,1,1,-,-,-,-,-,-,-,1,-,-,-,-,-,-,1,-,-,-,-,-,-,-,-,-,-,-,-,-,-,-,-,-,-,-,2,2,-,-,-,-,-,-,-,4,4,-,-,-,-,-,-,-,3,3,-,-,-,-,-,-,-
,女　Ｆ．,81,68,2,1,1,-,6,3,1,-,-,-,-,-,-,-,-,-,-,-,-,-,-,-,-,-,-,-,-,-,-,-,-,-,-,-,-,-,-,-,-,-,-,-,-,-,-,-,-,-,-,-,-,-,-,-,-,-,-,-,-,-,-,-,-,-,-,-,-,-,-,-,-,-,-,-,-,-,-,-,-,-,-,-,-,-,-,-,-,-,-,-,-,-,-,-,-,-,-,-,-,-,-,-,-,-,-,-,-,-,-,-,-,-,-,-,-,-,-,-,-,-,-,-,-,-,-,-,-,-,-,-,-,-,-,-,-,-,-,-,-,-,-,-,1,1,-,-,-,-,-,-,-,1,1,-,-,-,-,-,-,-,2,1,-,-,-,-,-,-,1
01500　　ヒト免疫不全ウイルス［ＨＩＶ］病　　　　　　　　　　　　　　　　　　　,総数,55,37,-,-,-,-,4,14,-,-,-,-,-,-,-,-,-,-,-,-,-,-,-,-,-,-,-,-,-,-,-,-,-,-,-,-,-,-,-,-,-,-,-,-,-,-,-,-,-,-,-,-,-,-,-,-,-,-,-,-,-,-,-,-,-,-,-,-,-,-,-,-,-,-,-,-,-,-,-,-,-,-,-,-,-,-,-,-,-,-,-,-,-,-,-,-,-,-,-,1,1,-,-,-,-,-,-,-,1,1,-,-,-,-,-,-,-,3,2,-,-,-,-,-,1,-,3,3,-,-,-,-,-,-,-,6,4,-,-,-,-,-,2,-,5,5,-,-,-,-,-,-,-,11,7,-,-,-,-,-,4,-,2,1,-,-,-,-,1,-,-
,男　Ｍ．,50,33,-,-,-,-,3,14,-,-,-,-,-,-,-,-,-,-,-,-,-,-,-,-,-,-,-,-,-,-,-,-,-,-,-,-,-,-,-,-,-,-,-,-,-,-,-,-,-,-,-,-,-,-,-,-,-,-,-,-,-,-,-,-,-,-,-,-,-,-,-,-,-,-,-,-,-,-,-,-,-,-,-,-,-,-,-,-,-,-,-,-,-,-,-,-,-,-,-,1,1,-,-,-,-,-,-,-,1,1,-,-,-,-,-,-,-,3,2,-,-,-,-,-,1,-,3,3,-,-,-,-,-,-,-,6,4,-,-,-,-,-,2,-,5,5,-,-,-,-,-,-,-,9,5,-,-,-,-,-,4,-,2,1,-,-,-,-,1,-,-
,女　Ｆ．,5,4,-,-,-,-,1,-,-,-,-,-,-,-,-,-,-,-,-,-,-,-,-,-,-,-,-,-,-,-,-,-,-,-,-,-,-,-,-,-,-,-,-,-,-,-,-,-,-,-,-,-,-,-,-,-,-,-,-,-,-,-,-,-,-,-,-,-,-,-,-,-,-,-,-,-,-,-,-,-,-,-,-,-,-,-,-,-,-,-,-,-,-,-,-,-,-,-,-,-,-,-,-,-,-,-,-,-,-,-,-,-,-,-,-,-,-,-,-,-,-,-,-,-,-,-,-,-,-,-,-,-,-,-,-,-,-,-,-,-,-,-,-,-,-,-,-,-,-,-,-,-,-,2,2,-,-,-,-,-,-,-,-,-,-,-,-,-,-,-,-
01600　　その他の感染症及び寄生虫症　　　　　　　　　　　　　　　　　　　　　　,総数,7584,6436,83,134,48,-,353,543,35,19,18,-,-,-,-,-,1,-,11,11,-,-,-,-,-,-,-,5,5,-,-,-,-,-,-,-,3,3,-,-,-,-,-,-,-,4,4,-,-,-,-,-,-,-,42,41,-,-,-,-,-,1,-,8,8,-,-,-,-,-,-,-,5,5,-,-,-,-,-,-,-,7,6,-,-,-,-,-,1,-,6,4,-,-,-,-,-,2,-,11,10,-,-,-,-,-,-,1,8,7,-,-,-,-,-,1,-,16,16,-,-,-,-,-,-,-,21,18,1,-,-,-,1,1,-,36,34,-,-,-,-,-,2,-,79,71,-,-,-,-,1,7,-,88,74,-,1,1,-,2,10,1,175,156,-,-,-,-,9,10,-
,男　Ｍ．,3672,3268,32,43,14,-,99,221,9,11,10,-,-,-,-,-,1,-,7,7,-,-,-,-,-,-,-,2,2,-,-,-,-,-,-,-,2,2,-,-,-,-,-,-,-,1,1,-,-,-,-,-,-,-,23,22,-,-,-,-,-,1,-,6,6,-,-,-,-,-,-,-,3,3,-,-,-,-,-,-,-,4,3,-,-,-,-,-,1,-,3,1,-,-,-,-,-,2,-,5,4,-,-,-,-,-,-,1,2,1,-,-,-,-,-,1,-,11,11,-,-,-,-,-,-,-,13,12,-,-,-,-,-,1,-,22,22,-,-,-,-,-,-,-,45,40,-,-,-,-,1,4,-,57,49,-,-,-,-,-,7,1,112,100,-,-,-,-,5,7,-
,女　Ｆ．,3912,3168,51,91,34,-,254,322,26,8,8,-,-,-,-,-,-,-,4,4,-,-,-,-,-,-,-,3,3,-,-,-,-,-,-,-,1,1,-,-,-,-,-,-,-,3,3,-,-,-,-,-,-,-,19,19,-,-,-,-,-,-,-,2,2,-,-,-,-,-,-,-,2,2,-,-,-,-,-,-,-,3,3,-,-,-,-,-,-,-,3,3,-,-,-,-,-,-,-,6,6,-,-,-,-,-,-,-,6,6,-,-,-,-,-,-,-,5,5,-,-,-,-,-,-,-,8,6,1,-,-,-,1,-,-,14,12,-,-,-,-,-,2,-,34,31,-,-,-,-,-,3,-,31,25,-,1,1,-,2,3,-,63,56,-,-,-,-,4,3,-
02000　新生物＜腫瘍＞　　　　　　　　　　　　　　　　　　　　　　　　　　　　　,総数,398020,282601,4290,4796,1668,-,31058,71914,3361,19,16,-,-,-,-,-,3,-,13,9,-,-,-,-,-,4,-,11,7,-,-,-,-,-,4,-,17,9,-,-,-,-,-,8,-,13,8,-,-,-,-,-,5,-,73,49,-,-,-,-,-,24,-,94,51,-,-,-,-,-,43,-,102,59,-,-,-,-,-,41,2,130,85,-,-,-,-,1,44,-,172,106,1,-,-,-,-,65,-,241,157,2,-,-,-,1,78,3,454,324,2,-,-,-,3,122,3,946,652,8,-,-,-,20,257,9,1817,1303,15,-,-,-,38,448,13,4039,2933,25,-,-,-,73,977,31,7863,5804,52,2,1,-,178,1760,67,11548,8629,74,7,3,-,313,2450,75,17438,13337,119,24,9,-,564,3292,102
,男　Ｍ．,229406,167000,2368,2150,765,-,14878,41381,1629,7,4,-,-,-,-,-,3,-,5,3,-,-,-,-,-,2,-,5,3,-,-,-,-,-,2,-,9,5,-,-,-,-,-,4,-,6,2,-,-,-,-,-,4,-,32,17,-,-,-,-,-,15,-,46,26,-,-,-,-,-,20,-,55,32,-,-,-,-,-,23,-,78,50,-,-,-,-,-,28,-,105,67,1,-,-,-,-,37,-,131,93,1,-,-,-,-,34,3,201,148,1,-,-,-,1,51,-,379,272,5,-,-,-,11,90,1,753,561,10,-,-,-,15,161,6,1720,1294,9,-,-,-,26,377,14,3696,2784,23,2,1,-,90,764,33,6086,4661,30,2,1,-,164,1187,42,10358,8126,64,17,5,-,331,1755,65
,女　Ｆ．,168614,115601,1922,2646,903,-,16180,30533,1732,12,12,-,-,-,-,-,-,-,8,6,-,-,-,-,-,2,-,6,4,-,-,-,-,-,2,-,8,4,-,-,-,-,-,4,-,7,6,-,-,-,-,-,1,-,41,32,-,-,-,-,-,9,-,48,25,-,-,-,-,-,23,-,47,27,-,-,-,-,-,18,2,52,35,-,-,-,-,1,16,-,67,39,-,-,-,-,-,28,-,110,64,1,-,-,-,1,44,-,253,176,1,-,-,-,2,71,3,567,380,3,-,-,-,9,167,8,1064,742,5,-,-,-,23,287,7,2319,1639,16,-,-,-,47,600,17,4167,3020,29,-,-,-,88,996,34,5462,3968,44,5,2,-,149,1263,33,7080,5211,55,7,4,-,233,1537,37
02100　　悪性新生物＜腫瘍＞　　　　　　　　　　　　　　　　　　　　　　　　　　,総数,384111,272410,4105,4376,1508,-,29645,70321,3254,9,7,-,-,-,-,-,2,-,11,8,-,-,-,-,-,3,-,10,6,-,-,-,-,-,4,-,14,6,-,-,-,-,-,8,-,12,8,-,-,-,-,-,4,-,56,35,-,-,-,-,-,21,-,81,42,-,-,-,-,-,39,-,95,53,-,-,-,-,-,40,2,120,75,-,-,-,-,1,44,-,158,97,1,-,-,-,-,60,-,223,145,2,-,-,-,1,72,3,428,305,2,-,-,-,3,115,3,902,620,7,-,-,-,18,248,9,1768,1265,14,-,-,-,33,443,13,3913,2828,24,-,-,-,71,959,31,7700,5680,50,2,1,-,168,1733,67,11330,8459,72,6,3,-,309,2411,73,17064,13043,115,21,8,-,544,3243,98
,男　Ｍ．,221786,161191,2279,2011,717,-,14298,40431,1576,4,2,-,-,-,-,-,2,-,5,3,-,-,-,-,-,2,-,5,3,-,-,-,-,-,2,-,9,5,-,-,-,-,-,4,-,5,2,-,-,-,-,-,3,-,28,15,-,-,-,-,-,13,-,40,22,-,-,-,-,-,18,-,51,29,-,-,-,-,-,22,-,73,45,-,-,-,-,-,28,-,98,61,1,-,-,-,-,36,-,119,85,1,-,-,-,-,30,3,185,136,1,-,-,-,1,47,-,359,260,4,-,-,-,10,84,1,719,534,9,-,-,-,12,158,6,1651,1237,8,-,-,-,25,367,14,3605,2717,22,2,1,-,84,747,33,5951,4551,29,2,1,-,163,1164,42,10118,7931,64,15,5,-,322,1724,62
,女　Ｆ．,162325,111219,1826,2365,791,-,15347,29890,1678,5,5,-,-,-,-,-,-,-,6,5,-,-,-,-,-,1,-,5,3,-,-,-,-,-,2,-,5,1,-,-,-,-,-,4,-,7,6,-,-,-,-,-,1,-,28,20,-,-,-,-,-,8,-,41,20,-,-,-,-,-,21,-,44,24,-,-,-,-,-,18,2,47,30,-,-,-,-,1,16,-,60,36,-,-,-,-,-,24,-,104,60,1,-,-,-,1,42,-,243,169,1,-,-,-,2,68,3,543,360,3,-,-,-,8,164,8,1049,731,5,-,-,-,21,285,7,2262,1591,16,-,-,-,46,592,17,4095,2963,28,-,-,-,84,986,34,5379,3908,43,4,2,-,146,1247,31,6946,5112,51,6,3,-,222,1519,36
02101　　　口唇，口腔及び咽頭の悪性新生物＜腫瘍＞　　　　　　　　　　　　　　　,総数,8580,5935,102,76,27,-,796,1603,68,-,-,-,-,-,-,-,-,-,-,-,-,-,-,-,-,-,-,-,-,-,-,-,-,-,-,-,-,-,-,-,-,-,-,-,-,-,-,-,-,-,-,-,-,-,-,-,-,-,-,-,-,-,-,-,-,-,-,-,-,-,-,-,1,1,-,-,-,-,-,-,-,-,-,-,-,-,-,-,-,-,6,3,-,-,-,-,-,3,-,8,6,-,-,-,-,-,2,-,17,12,-,-,-,-,-,5,-,22,15,-,-,-,-,2,5,-,55,42,-,-,-,-,1,11,1,126,98,1,-,-,-,4,20,3,248,184,1,-,-,-,10,51,2,316,234,1,-,-,-,12,67,2,507,376,7,-,-,-,18,103,3
,男　Ｍ．,6085,4302,78,34,14,-,441,1188,42,-,-,-,-,-,-,-,-,-,-,-,-,-,-,-,-,-,-,-,-,-,-,-,-,-,-,-,-,-,-,-,-,-,-,-,-,-,-,-,-,-,-,-,-,-,-,-,-,-,-,-,-,-,-,-,-,-,-,-,-,-,-,-,1,1,-,-,-,-,-,-,-,-,-,-,-,-,-,-,-,-,4,1,-,-,-,-,-,3,-,6,4,-,-,-,-,-,2,-,10,8,-,-,-,-,-,2,-,15,10,-,-,-,-,2,3,-,33,24,-,-,-,-,-,8,1,88,70,1,-,-,-,2,12,3,175,132,1,-,-,-,8,32,2,254,183,1,-,-,-,11,57,2,409,300,6,-,-,-,17,83,3
,女　Ｆ．,2495,1633,24,42,13,-,355,415,26,-,-,-,-,-,-,-,-,-,-,-,-,-,-,-,-,-,-,-,-,-,-,-,-,-,-,-,-,-,-,-,-,-,-,-,-,-,-,-,-,-,-,-,-,-,-,-,-,-,-,-,-,-,-,-,-,-,-,-,-,-,-,-,-,-,-,-,-,-,-,-,-,-,-,-,-,-,-,-,-,-,2,2,-,-,-,-,-,-,-,2,2,-,-,-,-,-,-,-,7,4,-,-,-,-,-,3,-,7,5,-,-,-,-,-,2,-,22,18,-,-,-,-,1,3,-,38,28,-,-,-,-,2,8,-,73,52,-,-,-,-,2,19,-,62,51,-,-,-,-,1,10,-,98,76,1,-,-,-,1,20,-
02102　　　食道の悪性新生物＜腫瘍＞　　　　　　　　　　　　　　　　　　　　　　,総数,10638,7708,120,71,27,-,679,1993,67,-,-,-,-,-,-,-,-,-,-,-,-,-,-,-,-,-,-,-,-,-,-,-,-,-,-,-,-,-,-,-,-,-,-,-,-,-,-,-,-,-,-,-,-,-,-,-,-,-,-,-,-,-,-,-,-,-,-,-,-,-,-,-,-,-,-,-,-,-,-,-,-,-,-,-,-,-,-,-,-,-,-,-,-,-,-,-,-,-,-,1,1,-,-,-,-,-,-,-,1,-,-,-,-,-,-,1,-,7,2,-,-,-,-,1,3,1,23,17,-,-,-,-,1,5,-,84,64,-,-,-,-,-,20,-,237,182,3,-,-,-,3,47,2,363,272,3,-,-,-,4,81,3,689,532,3,-,-,-,24,129,1
,男　Ｍ．,8572,6256,98,56,24,-,502,1619,41,-,-,-,-,-,-,-,-,-,-,-,-,-,-,-,-,-,-,-,-,-,-,-,-,-,-,-,-,-,-,-,-,-,-,-,-,-,-,-,-,-,-,-,-,-,-,-,-,-,-,-,-,-,-,-,-,-,-,-,-,-,-,-,-,-,-,-,-,-,-,-,-,-,-,-,-,-,-,-,-,-,-,-,-,-,-,-,-,-,-,-,-,-,-,-,-,-,-,-,-,-,-,-,-,-,-,-,-,3,2,-,-,-,-,-,1,-,13,10,-,-,-,-,1,2,-,54,40,-,-,-,-,-,14,-,159,123,2,-,-,-,2,30,2,281,209,3,-,-,-,3,64,2,542,421,3,-,-,-,16,102,-
,女　Ｆ．,2066,1452,22,15,3,-,177,374,26,-,-,-,-,-,-,-,-,-,-,-,-,-,-,-,-,-,-,-,-,-,-,-,-,-,-,-,-,-,-,-,-,-,-,-,-,-,-,-,-,-,-,-,-,-,-,-,-,-,-,-,-,-,-,-,-,-,-,-,-,-,-,-,-,-,-,-,-,-,-,-,-,-,-,-,-,-,-,-,-,-,-,-,-,-,-,-,-,-,-,1,1,-,-,-,-,-,-,-,1,-,-,-,-,-,-,1,-,4,-,-,-,-,-,1,2,1,10,7,-,-,-,-,-,3,-,30,24,-,-,-,-,-,6,-,78,59,1,-,-,-,1,17,-,82,63,-,-,-,-,1,17,1,147,111,-,-,-,-,8,27,1
02103　　　胃の悪性新生物＜腫瘍＞　　　　　　　　　　　　　　　　　　　　　　　,総数,37867,26446,415,454,137,-,2749,7464,339,-,-,-,-,-,-,-,-,-,-,-,-,-,-,-,-,-,-,-,-,-,-,-,-,-,-,-,-,-,-,-,-,-,-,-,-,-,-,-,-,-,-,-,-,-,-,-,-,-,-,-,-,-,-,-,-,-,-,-,-,-,-,-,-,-,-,-,-,-,-,-,-,1,-,-,-,-,-,-,1,-,11,4,-,-,-,-,-,7,-,18,12,-,-,-,-,-,5,1,40,28,1,-,-,-,-,11,-,92,64,-,-,-,-,-,28,-,152,105,1,-,-,-,1,44,1,258,185,3,-,-,-,3,66,1,539,406,2,-,-,-,7,119,5,788,587,2,-,-,-,22,171,6,1290,983,6,2,2,-,34,257,8
,男　Ｍ．,24720,17571,263,232,71,-,1494,4972,188,-,-,-,-,-,-,-,-,-,-,-,-,-,-,-,-,-,-,-,-,-,-,-,-,-,-,-,-,-,-,-,-,-,-,-,-,-,-,-,-,-,-,-,-,-,-,-,-,-,-,-,-,-,-,-,-,-,-,-,-,-,-,-,-,-,-,-,-,-,-,-,-,-,-,-,-,-,-,-,-,-,8,3,-,-,-,-,-,5,-,9,6,-,-,-,-,-,2,1,19,15,-,-,-,-,-,4,-,42,30,-,-,-,-,-,12,-,88,62,1,-,-,-,-,24,1,147,102,3,-,-,-,2,39,1,346,263,2,-,-,-,5,73,3,510,396,2,-,-,-,12,97,3,914,703,5,2,2,-,29,168,7
,女　Ｆ．,13147,8875,152,222,66,-,1255,2492,151,-,-,-,-,-,-,-,-,-,-,-,-,-,-,-,-,-,-,-,-,-,-,-,-,-,-,-,-,-,-,-,-,-,-,-,-,-,-,-,-,-,-,-,-,-,-,-,-,-,-,-,-,-,-,-,-,-,-,-,-,-,-,-,-,-,-,-,-,-,-,-,-,1,-,-,-,-,-,-,1,-,3,1,-,-,-,-,-,2,-,9,6,-,-,-,-,-,3,-,21,13,1,-,-,-,-,7,-,50,34,-,-,-,-,-,16,-,64,43,-,-,-,-,1,20,-,111,83,-,-,-,-,1,27,-,193,143,-,-,-,-,2,46,2,278,191,-,-,-,-,10,74,3,376,280,1,-,-,-,5,89,1
02104　　　結腸の悪性新生物＜腫瘍＞　　　　　　　　　　　　　　　　　　　　　　,総数,38297,26344,432,617,208,-,3477,7073,354,-,-,-,-,-,-,-,-,-,-,-,-,-,-,-,-,-,-,-,-,-,-,-,-,-,-,-,-,-,-,-,-,-,-,-,-,-,-,-,-,-,-,-,-,-,-,-,-,-,-,-,-,-,-,-,-,-,-,-,-,-,-,-,1,1,-,-,-,-,-,-,-,5,3,-,-,-,-,-,2,-,4,2,-,-,-,-,-,2,-,20,13,-,-,-,-,-,6,1,37,25,1,-,-,-,-,11,-,88,55,2,-,-,-,3,27,1,173,108,1,-,-,-,2,60,2,416,308,1,-,-,-,2,104,1,738,529,2,-,-,-,22,178,7,1141,843,8,-,-,-,31,245,14,1644,1230,14,2,-,-,59,330,9
,男　Ｍ．,18831,13330,188,211,65,-,1321,3633,148,-,-,-,-,-,-,-,-,-,-,-,-,-,-,-,-,-,-,-,-,-,-,-,-,-,-,-,-,-,-,-,-,-,-,-,-,-,-,-,-,-,-,-,-,-,-,-,-,-,-,-,-,-,-,-,-,-,-,-,-,-,-,-,1,1,-,-,-,-,-,-,-,3,2,-,-,-,-,-,1,-,3,1,-,-,-,-,-,2,-,13,8,-,-,-,-,-,4,1,22,15,1,-,-,-,-,6,-,45,31,1,-,-,-,1,12,-,89,57,1,-,-,-,1,29,1,226,173,-,-,-,-,1,52,-,391,290,2,-,-,-,11,83,5,647,496,2,-,-,-,17,124,8,1023,781,9,2,-,-,36,187,8
,女　Ｆ．,19466,13014,244,406,143,-,2156,3440,206,-,-,-,-,-,-,-,-,-,-,-,-,-,-,-,-,-,-,-,-,-,-,-,-,-,-,-,-,-,-,-,-,-,-,-,-,-,-,-,-,-,-,-,-,-,-,-,-,-,-,-,-,-,-,-,-,-,-,-,-,-,-,-,-,-,-,-,-,-,-,-,-,2,1,-,-,-,-,-,1,-,1,1,-,-,-,-,-,-,-,7,5,-,-,-,-,-,2,-,15,10,-,-,-,-,-,5,-,43,24,1,-,-,-,2,15,1,84,51,-,-,-,-,1,31,1,190,135,1,-,-,-,1,52,1,347,239,-,-,-,-,11,95,2,494,347,6,-,-,-,14,121,6,621,449,5,-,-,-,23,143,1
02105　　　直腸Ｓ状結腸移行部及び直腸の悪性新生物＜腫瘍＞　　　　　　　　　　　,総数,16119,11230,144,227,75,-,1295,3098,125,-,-,-,-,-,-,-,-,-,-,-,-,-,-,-,-,-,-,-,-,-,-,-,-,-,-,-,-,-,-,-,-,-,-,-,-,-,-,-,-,-,-,-,-,-,-,-,-,-,-,-,-,-,-,-,-,-,-,-,-,-,-,-,-,-,-,-,-,-,-,-,-,-,-,-,-,-,-,-,-,-,1,1,-,-,-,-,-,-,-,6,4,-,-,-,-,-,2,-,25,16,-,-,-,-,-,9,-,53,35,1,-,-,-,-,15,2,105,74,1,-,-,-,1,29,-,241,166,3,-,-,-,4,67,1,545,391,1,-,-,-,13,131,9,714,541,3,-,-,-,22,145,3,1074,834,8,1,-,-,36,191,4
,男　Ｍ．,9995,7141,91,103,38,-,645,1940,75,-,-,-,-,-,-,-,-,-,-,-,-,-,-,-,-,-,-,-,-,-,-,-,-,-,-,-,-,-,-,-,-,-,-,-,-,-,-,-,-,-,-,-,-,-,-,-,-,-,-,-,-,-,-,-,-,-,-,-,-,-,-,-,-,-,-,-,-,-,-,-,-,-,-,-,-,-,-,-,-,-,1,1,-,-,-,-,-,-,-,5,3,-,-,-,-,-,2,-,15,9,-,-,-,-,-,6,-,33,24,1,-,-,-,-,7,1,58,45,1,-,-,-,1,11,-,146,103,2,-,-,-,3,37,1,351,252,1,-,-,-,8,86,4,486,376,1,-,-,-,16,91,2,753,596,7,-,-,-,26,120,4
,女　Ｆ．,6124,4089,53,124,37,-,650,1158,50,-,-,-,-,-,-,-,-,-,-,-,-,-,-,-,-,-,-,-,-,-,-,-,-,-,-,-,-,-,-,-,-,-,-,-,-,-,-,-,-,-,-,-,-,-,-,-,-,-,-,-,-,-,-,-,-,-,-,-,-,-,-,-,-,-,-,-,-,-,-,-,-,-,-,-,-,-,-,-,-,-,-,-,-,-,-,-,-,-,-,1,1,-,-,-,-,-,-,-,10,7,-,-,-,-,-,3,-,20,11,-,-,-,-,-,8,1,47,29,-,-,-,-,-,18,-,95,63,1,-,-,-,1,30,-,194,139,-,-,-,-,5,45,5,228,165,2,-,-,-,6,54,1,321,238,1,1,-,-,10,71,-
02106　　　肝及び肝内胆管の悪性新生物＜腫瘍＞　　　　　　　　　　　　　　　　　,総数,22465,16153,265,287,101,-,1541,4041,178,2,2,-,-,-,-,-,-,-,1,-,-,-,-,-,-,1,-,-,-,-,-,-,-,-,-,-,1,1,-,-,-,-,-,-,-,2,1,-,-,-,-,-,1,-,6,4,-,-,-,-,-,2,-,1,1,-,-,-,-,-,-,-,2,-,-,-,-,-,-,2,-,4,3,-,-,-,-,-,1,-,1,1,-,-,-,-,-,-,-,-,-,-,-,-,-,-,-,-,9,7,-,-,-,-,-,1,1,11,6,1,-,-,-,1,2,1,44,30,-,-,-,-,-,14,-,102,71,-,-,-,-,2,27,2,267,202,4,1,-,-,4,55,1,482,355,2,-,-,-,6,116,3,919,727,7,1,-,-,23,158,3
,男　Ｍ．,15133,11048,166,141,51,-,823,2849,106,-,-,-,-,-,-,-,-,-,1,-,-,-,-,-,-,1,-,-,-,-,-,-,-,-,-,-,1,1,-,-,-,-,-,-,-,-,-,-,-,-,-,-,-,-,2,1,-,-,-,-,-,1,-,-,-,-,-,-,-,-,-,-,2,-,-,-,-,-,-,2,-,3,2,-,-,-,-,-,1,-,-,-,-,-,-,-,-,-,-,-,-,-,-,-,-,-,-,-,5,5,-,-,-,-,-,-,-,6,3,1,-,-,-,-,2,-,28,21,-,-,-,-,-,7,-,71,51,-,-,-,-,2,18,-,213,158,2,1,-,-,3,48,1,388,285,2,-,-,-,4,94,3,771,613,7,1,-,-,17,130,3
,女　Ｆ．,7332,5105,99,146,50,-,718,1192,72,2,2,-,-,-,-,-,-,-,-,-,-,-,-,-,-,-,-,-,-,-,-,-,-,-,-,-,-,-,-,-,-,-,-,-,-,2,1,-,-,-,-,-,1,-,4,3,-,-,-,-,-,1,-,1,1,-,-,-,-,-,-,-,-,-,-,-,-,-,-,-,-,1,1,-,-,-,-,-,-,-,1,1,-,-,-,-,-,-,-,-,-,-,-,-,-,-,-,-,4,2,-,-,-,-,-,1,1,5,3,-,-,-,-,1,-,1,16,9,-,-,-,-,-,7,-,31,20,-,-,-,-,-,9,2,54,44,2,-,-,-,1,7,-,94,70,-,-,-,-,2,22,-,148,114,-,-,-,-,6,28,-
02107　　　胆のう及びその他の胆道の悪性新生物＜腫瘍＞　　　　　　　　　　　　　,総数,17232,12151,186,216,74,-,1398,3129,152,-,-,-,-,-,-,-,-,-,-,-,-,-,-,-,-,-,-,-,-,-,-,-,-,-,-,-,-,-,-,-,-,-,-,-,-,-,-,-,-,-,-,-,-,-,-,-,-,-,-,-,-,-,-,-,-,-,-,-,-,-,-,-,-,-,-,-,-,-,-,-,-,-,-,-,-,-,-,-,-,-,-,-,-,-,-,-,-,-,-,3,2,-,-,-,-,-,1,-,8,5,-,-,-,-,-,2,1,10,8,-,-,-,-,-,2,-,17,11,1,-,-,-,-,5,-,55,32,1,-,-,-,-,20,2,139,95,1,-,-,-,4,37,2,245,188,1,-,-,-,1,53,2,484,367,3,1,-,-,11,96,6
,男　Ｍ．,9205,6697,89,82,29,-,581,1700,56,-,-,-,-,-,-,-,-,-,-,-,-,-,-,-,-,-,-,-,-,-,-,-,-,-,-,-,-,-,-,-,-,-,-,-,-,-,-,-,-,-,-,-,-,-,-,-,-,-,-,-,-,-,-,-,-,-,-,-,-,-,-,-,-,-,-,-,-,-,-,-,-,-,-,-,-,-,-,-,-,-,-,-,-,-,-,-,-,-,-,3,2,-,-,-,-,-,1,-,3,2,-,-,-,-,-,1,-,4,3,-,-,-,-,-,1,-,10,7,1,-,-,-,-,2,-,29,16,1,-,-,-,-,10,2,81,55,1,-,-,-,2,21,2,146,107,1,-,-,-,-,36,2,311,243,1,1,-,-,9,53,4
,女　Ｆ．,8027,5454,97,134,45,-,817,1429,96,-,-,-,-,-,-,-,-,-,-,-,-,-,-,-,-,-,-,-,-,-,-,-,-,-,-,-,-,-,-,-,-,-,-,-,-,-,-,-,-,-,-,-,-,-,-,-,-,-,-,-,-,-,-,-,-,-,-,-,-,-,-,-,-,-,-,-,-,-,-,-,-,-,-,-,-,-,-,-,-,-,-,-,-,-,-,-,-,-,-,-,-,-,-,-,-,-,-,-,5,3,-,-,-,-,-,1,1,6,5,-,-,-,-,-,1,-,7,4,-,-,-,-,-,3,-,26,16,-,-,-,-,-,10,-,58,40,-,-,-,-,2,16,-,99,81,-,-,-,-,1,17,-,173,124,2,-,-,-,2,43,2
02108　　　膵の悪性新生物＜腫瘍＞　　　　　　　　　　　　　　　　　　　　　　　,総数,41235,29067,412,258,85,-,2493,8662,343,-,-,-,-,-,-,-,-,-,-,-,-,-,-,-,-,-,-,-,-,-,-,-,-,-,-,-,-,-,-,-,-,-,-,-,-,-,-,-,-,-,-,-,-,-,-,-,-,-,-,-,-,-,-,-,-,-,-,-,-,-,-,-,-,-,-,-,-,-,-,-,-,2,1,-,-,-,-,-,1,-,2,-,-,-,-,-,-,2,-,6,3,-,-,-,-,-,3,-,12,11,-,-,-,-,-,1,-,32,25,1,-,-,-,-,6,-,98,67,2,-,-,-,1,27,1,319,224,1,-,-,-,3,91,-,772,531,4,-,-,-,14,221,2,1425,1045,12,1,1,-,26,336,5,2100,1564,12,-,-,-,45,463,16
,男　Ｍ．,20371,14652,187,95,36,-,957,4352,128,-,-,-,-,-,-,-,-,-,-,-,-,-,-,-,-,-,-,-,-,-,-,-,-,-,-,-,-,-,-,-,-,-,-,-,-,-,-,-,-,-,-,-,-,-,-,-,-,-,-,-,-,-,-,-,-,-,-,-,-,-,-,-,-,-,-,-,-,-,-,-,-,2,1,-,-,-,-,-,1,-,1,-,-,-,-,-,-,1,-,2,2,-,-,-,-,-,-,-,7,7,-,-,-,-,-,-,-,24,19,1,-,-,-,-,4,-,62,44,2,-,-,-,1,15,-,220,158,-,-,-,-,2,60,-,460,319,2,-,-,-,9,128,2,895,661,5,1,1,-,18,206,4,1291,984,5,-,-,-,30,262,10
,女　Ｆ．,20864,14415,225,163,49,-,1536,4310,215,-,-,-,-,-,-,-,-,-,-,-,-,-,-,-,-,-,-,-,-,-,-,-,-,-,-,-,-,-,-,-,-,-,-,-,-,-,-,-,-,-,-,-,-,-,-,-,-,-,-,-,-,-,-,-,-,-,-,-,-,-,-,-,-,-,-,-,-,-,-,-,-,-,-,-,-,-,-,-,-,-,1,-,-,-,-,-,-,1,-,4,1,-,-,-,-,-,3,-,5,4,-,-,-,-,-,1,-,8,6,-,-,-,-,-,2,-,36,23,-,-,-,-,-,12,1,99,66,1,-,-,-,1,31,-,312,212,2,-,-,-,5,93,-,530,384,7,-,-,-,8,130,1,809,580,7,-,-,-,15,201,6
02109　　　喉頭の悪性新生物＜腫瘍＞　　　　　　　　　　　　　　　　　　　　　　,総数,756,519,8,10,5,-,88,125,6,-,-,-,-,-,-,-,-,-,-,-,-,-,-,-,-,-,-,-,-,-,-,-,-,-,-,-,-,-,-,-,-,-,-,-,-,-,-,-,-,-,-,-,-,-,-,-,-,-,-,-,-,-,-,-,-,-,-,-,-,-,-,-,-,-,-,-,-,-,-,-,-,-,-,-,-,-,-,-,-,-,-,-,-,-,-,-,-,-,-,-,-,-,-,-,-,-,-,-,-,-,-,-,-,-,-,-,-,-,-,-,-,-,-,-,-,-,-,-,-,-,-,-,-,-,-,2,1,-,-,-,-,-,1,-,3,2,-,-,-,-,-,1,-,13,8,1,-,-,-,2,1,1,35,23,-,-,-,-,4,8,-
,男　Ｍ．,676,469,8,10,5,-,75,109,5,-,-,-,-,-,-,-,-,-,-,-,-,-,-,-,-,-,-,-,-,-,-,-,-,-,-,-,-,-,-,-,-,-,-,-,-,-,-,-,-,-,-,-,-,-,-,-,-,-,-,-,-,-,-,-,-,-,-,-,-,-,-,-,-,-,-,-,-,-,-,-,-,-,-,-,-,-,-,-,-,-,-,-,-,-,-,-,-,-,-,-,-,-,-,-,-,-,-,-,-,-,-,-,-,-,-,-,-,-,-,-,-,-,-,-,-,-,-,-,-,-,-,-,-,-,-,2,1,-,-,-,-,-,1,-,3,2,-,-,-,-,-,1,-,13,8,1,-,-,-,2,1,1,31,22,-,-,-,-,3,6,-
,女　Ｆ．,80,50,-,-,-,-,13,16,1,-,-,-,-,-,-,-,-,-,-,-,-,-,-,-,-,-,-,-,-,-,-,-,-,-,-,-,-,-,-,-,-,-,-,-,-,-,-,-,-,-,-,-,-,-,-,-,-,-,-,-,-,-,-,-,-,-,-,-,-,-,-,-,-,-,-,-,-,-,-,-,-,-,-,-,-,-,-,-,-,-,-,-,-,-,-,-,-,-,-,-,-,-,-,-,-,-,-,-,-,-,-,-,-,-,-,-,-,-,-,-,-,-,-,-,-,-,-,-,-,-,-,-,-,-,-,-,-,-,-,-,-,-,-,-,-,-,-,-,-,-,-,-,-,-,-,-,-,-,-,-,-,-,4,1,-,-,-,-,1,2,-
02110　　　気管，気管支及び肺の悪性新生物＜腫瘍＞　　　　　　　　　　　　　　　,総数,75569,56146,822,672,236,-,5022,12344,563,1,1,-,-,-,-,-,-,-,-,-,-,-,-,-,-,-,-,-,-,-,-,-,-,-,-,-,1,1,-,-,-,-,-,-,-,-,-,-,-,-,-,-,-,-,2,2,-,-,-,-,-,-,-,-,-,-,-,-,-,-,-,-,-,-,-,-,-,-,-,-,-,2,2,-,-,-,-,-,-,-,3,3,-,-,-,-,-,-,-,9,7,-,-,-,-,-,2,-,16,11,-,-,-,-,-,5,-,52,41,-,-,-,-,1,10,-,146,115,-,-,-,-,2,28,1,338,261,2,-,-,-,3,69,3,853,673,9,1,1,-,11,154,5,1491,1180,9,-,-,-,42,255,5,2773,2260,14,2,-,-,66,418,13
,男　Ｍ．,52333,39741,522,365,131,-,2887,8487,331,1,1,-,-,-,-,-,-,-,-,-,-,-,-,-,-,-,-,-,-,-,-,-,-,-,-,-,1,1,-,-,-,-,-,-,-,-,-,-,-,-,-,-,-,-,2,2,-,-,-,-,-,-,-,-,-,-,-,-,-,-,-,-,-,-,-,-,-,-,-,-,-,1,1,-,-,-,-,-,-,-,2,2,-,-,-,-,-,-,-,6,5,-,-,-,-,-,1,-,11,8,-,-,-,-,-,3,-,33,25,-,-,-,-,1,7,-,93,76,-,-,-,-,2,15,-,224,175,-,-,-,-,2,46,1,600,478,5,1,1,-,7,105,4,1079,877,5,-,-,-,29,164,4,2077,1708,12,2,-,-,50,296,9
,女　Ｆ．,23236,16405,300,307,105,-,2135,3857,232,-,-,-,-,-,-,-,-,-,-,-,-,-,-,-,-,-,-,-,-,-,-,-,-,-,-,-,-,-,-,-,-,-,-,-,-,-,-,-,-,-,-,-,-,-,-,-,-,-,-,-,-,-,-,-,-,-,-,-,-,-,-,-,-,-,-,-,-,-,-,-,-,1,1,-,-,-,-,-,-,-,1,1,-,-,-,-,-,-,-,3,2,-,-,-,-,-,1,-,5,3,-,-,-,-,-,2,-,19,16,-,-,-,-,-,3,-,53,39,-,-,-,-,-,13,1,114,86,2,-,-,-,1,23,2,253,195,4,-,-,-,4,49,1,412,303,4,-,-,-,13,91,1,696,552,2,-,-,-,16,122,4
02111　　　皮膚の悪性新生物＜腫瘍＞　　　　　　　　　　　　　　　　　　　　　　,総数,1894,1238,27,42,18,-,230,342,15,-,-,-,-,-,-,-,-,-,-,-,-,-,-,-,-,-,-,-,-,-,-,-,-,-,-,-,-,-,-,-,-,-,-,-,-,-,-,-,-,-,-,-,-,-,-,-,-,-,-,-,-,-,-,-,-,-,-,-,-,-,-,-,-,-,-,-,-,-,-,-,-,-,-,-,-,-,-,-,-,-,-,-,-,-,-,-,-,-,-,2,2,-,-,-,-,-,-,-,3,2,-,-,-,-,-,1,-,10,7,-,-,-,-,-,3,-,10,8,1,-,-,-,-,1,-,23,20,-,-,-,-,-,3,-,48,40,-,-,-,-,-,8,-,61,50,-,-,-,-,2,9,-,78,61,-,1,1,-,3,12,1
,男　Ｍ．,974,672,12,14,5,-,85,187,4,-,-,-,-,-,-,-,-,-,-,-,-,-,-,-,-,-,-,-,-,-,-,-,-,-,-,-,-,-,-,-,-,-,-,-,-,-,-,-,-,-,-,-,-,-,-,-,-,-,-,-,-,-,-,-,-,-,-,-,-,-,-,-,-,-,-,-,-,-,-,-,-,-,-,-,-,-,-,-,-,-,-,-,-,-,-,-,-,-,-,1,1,-,-,-,-,-,-,-,2,1,-,-,-,-,-,1,-,5,2,-,-,-,-,-,3,-,7,5,1,-,-,-,-,1,-,13,12,-,-,-,-,-,1,-,27,25,-,-,-,-,-,2,-,34,28,-,-,-,-,-,6,-,51,43,-,-,-,-,3,5,-
,女　Ｆ．,920,566,15,28,13,-,145,155,11,-,-,-,-,-,-,-,-,-,-,-,-,-,-,-,-,-,-,-,-,-,-,-,-,-,-,-,-,-,-,-,-,-,-,-,-,-,-,-,-,-,-,-,-,-,-,-,-,-,-,-,-,-,-,-,-,-,-,-,-,-,-,-,-,-,-,-,-,-,-,-,-,-,-,-,-,-,-,-,-,-,-,-,-,-,-,-,-,-,-,1,1,-,-,-,-,-,-,-,1,1,-,-,-,-,-,-,-,5,5,-,-,-,-,-,-,-,3,3,-,-,-,-,-,-,-,10,8,-,-,-,-,-,2,-,21,15,-,-,-,-,-,6,-,27,22,-,-,-,-,2,3,-,27,18,-,1,1,-,-,7,1
02112　　　乳房の悪性新生物＜腫瘍＞　　　　　　　　　　　　　　　　　　　　　　,総数,16005,10353,159,189,68,-,1663,3468,173,-,-,-,-,-,-,-,-,-,-,-,-,-,-,-,-,-,-,-,-,-,-,-,-,-,-,-,-,-,-,-,-,-,-,-,-,-,-,-,-,-,-,-,-,-,-,-,-,-,-,-,-,-,-,-,-,-,-,-,-,-,-,-,-,-,-,-,-,-,-,-,-,-,-,-,-,-,-,-,-,-,-,-,-,-,-,-,-,-,-,13,8,-,-,-,-,1,4,-,33,25,-,-,-,-,-,8,-,142,97,1,-,-,-,-,44,-,278,195,4,-,-,-,7,70,2,673,467,9,-,-,-,14,176,7,1075,770,12,-,-,-,20,266,7,1301,926,10,1,1,-,52,303,9,1404,1006,15,2,1,-,66,312,3
,男　Ｍ．,136,87,-,2,1,-,12,35,-,-,-,-,-,-,-,-,-,-,-,-,-,-,-,-,-,-,-,-,-,-,-,-,-,-,-,-,-,-,-,-,-,-,-,-,-,-,-,-,-,-,-,-,-,-,-,-,-,-,-,-,-,-,-,-,-,-,-,-,-,-,-,-,-,-,-,-,-,-,-,-,-,-,-,-,-,-,-,-,-,-,-,-,-,-,-,-,-,-,-,-,-,-,-,-,-,-,-,-,1,1,-,-,-,-,-,-,-,-,-,-,-,-,-,-,-,-,1,1,-,-,-,-,-,-,-,4,3,-,-,-,-,-,1,-,4,3,-,-,-,-,-,1,-,4,2,-,-,-,-,1,1,-,6,4,-,-,-,-,1,1,-
,女　Ｆ．,15869,10266,159,187,67,-,1651,3433,173,-,-,-,-,-,-,-,-,-,-,-,-,-,-,-,-,-,-,-,-,-,-,-,-,-,-,-,-,-,-,-,-,-,-,-,-,-,-,-,-,-,-,-,-,-,-,-,-,-,-,-,-,-,-,-,-,-,-,-,-,-,-,-,-,-,-,-,-,-,-,-,-,-,-,-,-,-,-,-,-,-,-,-,-,-,-,-,-,-,-,13,8,-,-,-,-,1,4,-,32,24,-,-,-,-,-,8,-,142,97,1,-,-,-,-,44,-,277,194,4,-,-,-,7,70,2,669,464,9,-,-,-,14,175,7,1071,767,12,-,-,-,20,265,7,1297,924,10,1,1,-,51,302,9,1398,1002,15,2,1,-,65,311,3
02113　　　子宮の悪性新生物＜腫瘍＞　　　　　　　　　　　　　　　　　　　　　　,総数,7116,4816,63,80,23,-,535,1535,87,-,-,-,-,-,-,-,-,-,-,-,-,-,-,-,-,-,-,-,-,-,-,-,-,-,-,-,-,-,-,-,-,-,-,-,-,-,-,-,-,-,-,-,-,-,-,-,-,-,-,-,-,-,-,-,-,-,-,-,-,-,-,-,-,-,-,-,-,-,-,-,-,1,1,-,-,-,-,-,-,-,1,-,-,-,-,-,-,1,-,6,-,1,-,-,-,-,5,-,34,24,-,-,-,-,-,9,1,95,63,-,-,-,-,2,28,2,161,111,-,-,-,-,5,44,1,281,200,-,-,-,-,9,70,2,529,363,4,-,-,-,13,143,6,657,463,4,2,-,-,13,173,2,653,470,5,-,-,-,21,151,6
,男　Ｍ．,・,・,・,・,・,・,・,・,・,・,・,・,・,・,・,・,・,・,・,・,・,・,・,・,・,・,・,・,・,・,・,・,・,・,・,・,・,・,・,・,・,・,・,・,・,・,・,・,・,・,・,・,・,・,・,・,・,・,・,・,・,・,・,・,・,・,・,・,・,・,・,・,・,・,・,・,・,・,・,・,・,・,・,・,・,・,・,・,・,・,・,・,・,・,・,・,・,・,・,・,・,・,・,・,・,・,・,・,・,・,・,・,・,・,・,・,・,・,・,・,・,・,・,・,・,・,・,・,・,・,・,・,・,・,・,・,・,・,・,・,・,・,・,・,・,・,・,・,・,・,・,・,・,・,・,・,・,・,・,・,・,・,・,・,・,・,・,・,・,・,・
,女　Ｆ．,7116,4816,63,80,23,-,535,1535,87,-,-,-,-,-,-,-,-,-,-,-,-,-,-,-,-,-,-,-,-,-,-,-,-,-,-,-,-,-,-,-,-,-,-,-,-,-,-,-,-,-,-,-,-,-,-,-,-,-,-,-,-,-,-,-,-,-,-,-,-,-,-,-,-,-,-,-,-,-,-,-,-,1,1,-,-,-,-,-,-,-,1,-,-,-,-,-,-,1,-,6,-,1,-,-,-,-,5,-,34,24,-,-,-,-,-,9,1,95,63,-,-,-,-,2,28,2,161,111,-,-,-,-,5,44,1,281,200,-,-,-,-,9,70,2,529,363,4,-,-,-,13,143,6,657,463,4,2,-,-,13,173,2,653,470,5,-,-,-,21,151,6
02114　　　卵巣の悪性新生物＜腫瘍＞　　　　　　　　　　　　　　　　　　　　　　,総数,5116,3558,47,24,6,-,277,1161,49,-,-,-,-,-,-,-,-,-,-,-,-,-,-,-,-,-,-,-,-,-,-,-,-,-,-,-,-,-,-,-,-,-,-,-,-,-,-,-,-,-,-,-,-,-,-,-,-,-,-,-,-,-,-,-,-,-,-,-,-,-,-,-,-,-,-,-,-,-,-,-,-,3,1,-,-,-,-,-,2,-,7,4,-,-,-,-,-,3,-,9,2,-,-,-,-,-,7,-,16,8,-,-,-,-,-,8,-,32,24,-,-,-,-,-,8,-,100,77,-,-,-,-,2,21,-,261,177,1,-,-,-,4,77,2,417,309,2,-,-,-,5,98,3,477,362,5,-,-,-,6,104,-,475,334,6,1,1,-,12,118,4
,男　Ｍ．,・,・,・,・,・,・,・,・,・,・,・,・,・,・,・,・,・,・,・,・,・,・,・,・,・,・,・,・,・,・,・,・,・,・,・,・,・,・,・,・,・,・,・,・,・,・,・,・,・,・,・,・,・,・,・,・,・,・,・,・,・,・,・,・,・,・,・,・,・,・,・,・,・,・,・,・,・,・,・,・,・,・,・,・,・,・,・,・,・,・,・,・,・,・,・,・,・,・,・,・,・,・,・,・,・,・,・,・,・,・,・,・,・,・,・,・,・,・,・,・,・,・,・,・,・,・,・,・,・,・,・,・,・,・,・,・,・,・,・,・,・,・,・,・,・,・,・,・,・,・,・,・,・,・,・,・,・,・,・,・,・,・,・,・,・,・,・,・,・,・,・
,女　Ｆ．,5116,3558,47,24,6,-,277,1161,49,-,-,-,-,-,-,-,-,-,-,-,-,-,-,-,-,-,-,-,-,-,-,-,-,-,-,-,-,-,-,-,-,-,-,-,-,-,-,-,-,-,-,-,-,-,-,-,-,-,-,-,-,-,-,-,-,-,-,-,-,-,-,-,-,-,-,-,-,-,-,-,-,3,1,-,-,-,-,-,2,-,7,4,-,-,-,-,-,3,-,9,2,-,-,-,-,-,7,-,16,8,-,-,-,-,-,8,-,32,24,-,-,-,-,-,8,-,100,77,-,-,-,-,2,21,-,261,177,1,-,-,-,4,77,2,417,309,2,-,-,-,5,98,3,477,362,5,-,-,-,6,104,-,475,334,6,1,1,-,12,118,4
02115　　　前立腺の悪性新生物＜腫瘍＞　　　　　　　　　　　　　　　　　　　　　,総数,13670,8497,186,268,91,-,1730,2840,149,-,-,-,-,-,-,-,-,-,-,-,-,-,-,-,-,-,-,-,-,-,-,-,-,-,-,-,-,-,-,-,-,-,-,-,-,-,-,-,-,-,-,-,-,-,-,-,-,-,-,-,-,-,-,-,-,-,-,-,-,-,-,-,-,-,-,-,-,-,-,-,-,-,-,-,-,-,-,-,-,-,1,1,-,-,-,-,-,-,-,3,1,-,-,-,-,-,2,-,-,-,-,-,-,-,-,-,-,-,-,-,-,-,-,-,-,-,2,2,-,-,-,-,-,-,-,6,2,-,-,-,-,-,4,-,29,20,-,-,-,-,1,8,-,104,63,1,-,-,-,1,39,-,212,149,1,-,-,-,11,49,2
,男　Ｍ．,13670,8497,186,268,91,-,1730,2840,149,-,-,-,-,-,-,-,-,-,-,-,-,-,-,-,-,-,-,-,-,-,-,-,-,-,-,-,-,-,-,-,-,-,-,-,-,-,-,-,-,-,-,-,-,-,-,-,-,-,-,-,-,-,-,-,-,-,-,-,-,-,-,-,-,-,-,-,-,-,-,-,-,-,-,-,-,-,-,-,-,-,1,1,-,-,-,-,-,-,-,3,1,-,-,-,-,-,2,-,-,-,-,-,-,-,-,-,-,-,-,-,-,-,-,-,-,-,2,2,-,-,-,-,-,-,-,6,2,-,-,-,-,-,4,-,29,20,-,-,-,-,1,8,-,104,63,1,-,-,-,1,39,-,212,149,1,-,-,-,11,49,2
,女　Ｆ．,・,・,・,・,・,・,・,・,・,・,・,・,・,・,・,・,・,・,・,・,・,・,・,・,・,・,・,・,・,・,・,・,・,・,・,・,・,・,・,・,・,・,・,・,・,・,・,・,・,・,・,・,・,・,・,・,・,・,・,・,・,・,・,・,・,・,・,・,・,・,・,・,・,・,・,・,・,・,・,・,・,・,・,・,・,・,・,・,・,・,・,・,・,・,・,・,・,・,・,・,・,・,・,・,・,・,・,・,・,・,・,・,・,・,・,・,・,・,・,・,・,・,・,・,・,・,・,・,・,・,・,・,・,・,・,・,・,・,・,・,・,・,・,・,・,・,・,・,・,・,・,・,・,・,・,・,・,・,・,・,・,・,・,・,・,・,・,・,・,・,・
02116　　　膀胱の悪性新生物＜腫瘍＞　　　　　　　　　　　　　　　　　　　　　　,総数,9725,6682,126,186,64,-,996,1643,92,-,-,-,-,-,-,-,-,-,-,-,-,-,-,-,-,-,-,-,-,-,-,-,-,-,-,-,-,-,-,-,-,-,-,-,-,-,-,-,-,-,-,-,-,-,-,-,-,-,-,-,-,-,-,-,-,-,-,-,-,-,-,-,-,-,-,-,-,-,-,-,-,-,-,-,-,-,-,-,-,-,2,1,-,-,-,-,-,1,-,2,-,-,-,-,-,-,2,-,-,-,-,-,-,-,-,-,-,4,3,-,-,-,-,-,1,-,17,11,-,-,-,-,-,6,-,27,23,-,-,-,-,-,4,-,66,50,-,-,-,-,3,13,-,123,85,1,-,-,-,6,30,1,217,161,1,-,-,-,7,44,4
,男　Ｍ．,6583,4553,84,107,44,-,612,1165,62,-,-,-,-,-,-,-,-,-,-,-,-,-,-,-,-,-,-,-,-,-,-,-,-,-,-,-,-,-,-,-,-,-,-,-,-,-,-,-,-,-,-,-,-,-,-,-,-,-,-,-,-,-,-,-,-,-,-,-,-,-,-,-,-,-,-,-,-,-,-,-,-,-,-,-,-,-,-,-,-,-,-,-,-,-,-,-,-,-,-,1,-,-,-,-,-,-,1,-,-,-,-,-,-,-,-,-,-,2,2,-,-,-,-,-,-,-,10,6,-,-,-,-,-,4,-,19,16,-,-,-,-,-,3,-,48,35,-,-,-,-,2,11,-,95,68,1,-,-,-,5,20,1,171,129,1,-,-,-,7,30,4
,女　Ｆ．,3142,2129,42,79,20,-,384,478,30,-,-,-,-,-,-,-,-,-,-,-,-,-,-,-,-,-,-,-,-,-,-,-,-,-,-,-,-,-,-,-,-,-,-,-,-,-,-,-,-,-,-,-,-,-,-,-,-,-,-,-,-,-,-,-,-,-,-,-,-,-,-,-,-,-,-,-,-,-,-,-,-,-,-,-,-,-,-,-,-,-,2,1,-,-,-,-,-,1,-,1,-,-,-,-,-,-,1,-,-,-,-,-,-,-,-,-,-,2,1,-,-,-,-,-,1,-,7,5,-,-,-,-,-,2,-,8,7,-,-,-,-,-,1,-,18,15,-,-,-,-,1,2,-,28,17,-,-,-,-,1,10,-,46,32,-,-,-,-,-,14,-
02117　　　中枢神経系の悪性新生物＜腫瘍＞　　　　　　　　　　　　　　　　　　　,総数,3251,1950,32,68,43,-,471,678,52,-,-,-,-,-,-,-,-,-,2,2,-,-,-,-,-,-,-,5,3,-,-,-,-,-,2,-,2,-,-,-,-,-,-,2,-,4,3,-,-,-,-,-,1,-,13,8,-,-,-,-,-,5,-,41,15,-,-,-,-,-,26,-,35,16,-,-,-,-,-,17,2,21,12,-,-,-,-,-,9,-,28,14,-,-,-,-,-,14,-,33,20,-,-,-,-,-,13,-,34,20,-,-,-,-,1,13,-,67,34,-,-,-,-,7,26,-,93,60,2,-,-,-,7,22,2,127,82,-,-,-,-,14,29,2,167,103,2,-,-,-,23,36,3,200,120,1,1,1,-,27,44,7,218,133,4,3,1,-,33,43,2
,男　Ｍ．,1784,1110,19,35,22,-,259,336,25,-,-,-,-,-,-,-,-,-,1,1,-,-,-,-,-,-,-,3,2,-,-,-,-,-,1,-,-,-,-,-,-,-,-,-,-,2,1,-,-,-,-,-,1,-,6,4,-,-,-,-,-,2,-,15,5,-,-,-,-,-,10,-,17,10,-,-,-,-,-,7,-,12,7,-,-,-,-,-,5,-,17,10,-,-,-,-,-,7,-,19,12,-,-,-,-,-,7,-,17,10,-,-,-,-,-,7,-,41,23,-,-,-,-,5,13,-,51,34,1,-,-,-,4,10,2,74,48,-,-,-,-,9,15,2,100,58,2,-,-,-,18,21,1,119,76,-,-,-,-,19,22,2,137,85,2,2,1,-,23,24,1
,女　Ｆ．,1467,840,13,33,21,-,212,342,27,-,-,-,-,-,-,-,-,-,1,1,-,-,-,-,-,-,-,2,1,-,-,-,-,-,1,-,2,-,-,-,-,-,-,2,-,2,2,-,-,-,-,-,-,-,7,4,-,-,-,-,-,3,-,26,10,-,-,-,-,-,16,-,18,6,-,-,-,-,-,10,2,9,5,-,-,-,-,-,4,-,11,4,-,-,-,-,-,7,-,14,8,-,-,-,-,-,6,-,17,10,-,-,-,-,1,6,-,26,11,-,-,-,-,2,13,-,42,26,1,-,-,-,3,12,-,53,34,-,-,-,-,5,14,-,67,45,-,-,-,-,5,15,2,81,44,1,1,1,-,8,22,5,81,48,2,1,-,-,10,19,1
02118　　　悪性リンパ腫　　　　　　　　　　　　　　　　　　　　　　　　　　　　,総数,14164,10817,131,156,53,-,1067,1900,93,-,-,-,-,-,-,-,-,-,-,-,-,-,-,-,-,-,-,-,-,-,-,-,-,-,-,-,-,-,-,-,-,-,-,-,-,-,-,-,-,-,-,-,-,-,-,-,-,-,-,-,-,-,-,4,4,-,-,-,-,-,-,-,2,2,-,-,-,-,-,-,-,3,2,-,-,-,-,-,1,-,6,6,-,-,-,-,-,-,-,10,10,-,-,-,-,-,-,-,17,12,-,-,-,-,-,5,-,25,22,-,-,-,-,-,3,-,39,35,-,-,-,-,-,4,-,82,70,1,-,-,-,2,9,-,143,121,1,-,-,-,5,16,-,239,203,1,1,-,-,8,26,-,451,374,3,2,-,-,23,48,1
,男　Ｍ．,7839,6173,68,61,19,-,477,1015,45,-,-,-,-,-,-,-,-,-,-,-,-,-,-,-,-,-,-,-,-,-,-,-,-,-,-,-,-,-,-,-,-,-,-,-,-,-,-,-,-,-,-,-,-,-,-,-,-,-,-,-,-,-,-,4,4,-,-,-,-,-,-,-,2,2,-,-,-,-,-,-,-,2,1,-,-,-,-,-,1,-,1,1,-,-,-,-,-,-,-,6,6,-,-,-,-,-,-,-,9,7,-,-,-,-,-,2,-,18,15,-,-,-,-,-,3,-,27,26,-,-,-,-,-,1,-,48,42,1,-,-,-,1,4,-,84,75,1,-,-,-,1,7,-,160,137,1,1,-,-,6,15,-,283,234,1,2,-,-,12,33,1
,女　Ｆ．,6325,4644,63,95,34,-,590,885,48,-,-,-,-,-,-,-,-,-,-,-,-,-,-,-,-,-,-,-,-,-,-,-,-,-,-,-,-,-,-,-,-,-,-,-,-,-,-,-,-,-,-,-,-,-,-,-,-,-,-,-,-,-,-,-,-,-,-,-,-,-,-,-,-,-,-,-,-,-,-,-,-,1,1,-,-,-,-,-,-,-,5,5,-,-,-,-,-,-,-,4,4,-,-,-,-,-,-,-,8,5,-,-,-,-,-,3,-,7,7,-,-,-,-,-,-,-,12,9,-,-,-,-,-,3,-,34,28,-,-,-,-,1,5,-,59,46,-,-,-,-,4,9,-,79,66,-,-,-,-,2,11,-,168,140,2,-,-,-,11,15,-
02119　　　白血病　　　　　　　　　　　　　　　　　　　　　　　　　　　　　　　,総数,9972,8076,62,51,16,-,383,1351,49,3,3,-,-,-,-,-,-,-,6,4,-,-,-,-,-,2,-,-,-,-,-,-,-,-,-,-,2,2,-,-,-,-,-,-,-,1,1,-,-,-,-,-,-,-,12,10,-,-,-,-,-,2,-,13,10,-,-,-,-,-,3,-,26,23,-,-,-,-,-,3,-,25,20,-,-,-,-,-,5,-,26,22,1,-,-,-,-,3,-,28,25,-,-,-,-,-,2,1,48,42,-,-,-,-,1,5,-,56,45,-,-,-,-,-,11,-,71,64,-,-,-,-,-,6,1,129,115,-,-,-,-,-,14,-,227,203,-,-,-,-,-,21,3,302,257,-,-,-,-,3,42,-,484,422,2,-,-,-,4,54,2
,男　Ｍ．,6077,4996,37,23,8,-,194,805,22,-,-,-,-,-,-,-,-,-,2,1,-,-,-,-,-,1,-,-,-,-,-,-,-,-,-,-,1,1,-,-,-,-,-,-,-,-,-,-,-,-,-,-,-,-,3,2,-,-,-,-,-,1,-,8,6,-,-,-,-,-,2,-,12,11,-,-,-,-,-,1,-,13,10,-,-,-,-,-,3,-,19,16,1,-,-,-,-,2,-,20,18,-,-,-,-,-,1,1,26,22,-,-,-,-,1,3,-,37,33,-,-,-,-,-,4,-,40,34,-,-,-,-,-,5,1,73,67,-,-,-,-,-,6,-,139,124,-,-,-,-,-,13,2,188,160,-,-,-,-,3,25,-,329,289,2,-,-,-,4,33,1
,女　Ｆ．,3895,3080,25,28,8,-,189,546,27,3,3,-,-,-,-,-,-,-,4,3,-,-,-,-,-,1,-,-,-,-,-,-,-,-,-,-,1,1,-,-,-,-,-,-,-,1,1,-,-,-,-,-,-,-,9,8,-,-,-,-,-,1,-,5,4,-,-,-,-,-,1,-,14,12,-,-,-,-,-,2,-,12,10,-,-,-,-,-,2,-,7,6,-,-,-,-,-,1,-,8,7,-,-,-,-,-,1,-,22,20,-,-,-,-,-,2,-,19,12,-,-,-,-,-,7,-,31,30,-,-,-,-,-,1,-,56,48,-,-,-,-,-,8,-,88,79,-,-,-,-,-,8,1,114,97,-,-,-,-,-,17,-,155,133,-,-,-,-,-,21,1
02120　　　その他のリンパ組織，造血組織及び関連組織の悪性新生物＜腫瘍＞　　　　,総数,4295,3170,42,61,20,-,382,598,42,-,-,-,-,-,-,-,-,-,-,-,-,-,-,-,-,-,-,-,-,-,-,-,-,-,-,-,-,-,-,-,-,-,-,-,-,-,-,-,-,-,-,-,-,-,-,-,-,-,-,-,-,-,-,-,-,-,-,-,-,-,-,-,-,-,-,-,-,-,-,-,-,-,-,-,-,-,-,-,-,-,-,-,-,-,-,-,-,-,-,-,-,-,-,-,-,-,-,-,2,2,-,-,-,-,-,-,-,4,2,-,-,-,-,-,2,-,4,1,-,-,-,-,-,3,-,23,19,-,-,-,-,-,3,1,44,33,-,-,-,-,-,10,1,71,53,1,-,-,-,3,12,2,126,106,-,-,-,-,2,18,-
,男　Ｍ．,2253,1722,16,24,8,-,159,310,22,-,-,-,-,-,-,-,-,-,-,-,-,-,-,-,-,-,-,-,-,-,-,-,-,-,-,-,-,-,-,-,-,-,-,-,-,-,-,-,-,-,-,-,-,-,-,-,-,-,-,-,-,-,-,-,-,-,-,-,-,-,-,-,-,-,-,-,-,-,-,-,-,-,-,-,-,-,-,-,-,-,-,-,-,-,-,-,-,-,-,-,-,-,-,-,-,-,-,-,2,2,-,-,-,-,-,-,-,2,1,-,-,-,-,-,1,-,-,-,-,-,-,-,-,-,-,15,12,-,-,-,-,-,3,-,28,22,-,-,-,-,-,5,1,48,38,-,-,-,-,2,6,2,83,71,-,-,-,-,2,10,-
,女　Ｆ．,2042,1448,26,37,12,-,223,288,20,-,-,-,-,-,-,-,-,-,-,-,-,-,-,-,-,-,-,-,-,-,-,-,-,-,-,-,-,-,-,-,-,-,-,-,-,-,-,-,-,-,-,-,-,-,-,-,-,-,-,-,-,-,-,-,-,-,-,-,-,-,-,-,-,-,-,-,-,-,-,-,-,-,-,-,-,-,-,-,-,-,-,-,-,-,-,-,-,-,-,-,-,-,-,-,-,-,-,-,-,-,-,-,-,-,-,-,-,2,1,-,-,-,-,-,1,-,4,1,-,-,-,-,-,3,-,8,7,-,-,-,-,-,-,1,16,11,-,-,-,-,-,5,-,23,15,1,-,-,-,1,6,-,43,35,-,-,-,-,-,8,-
02121　　　その他の悪性新生物＜腫瘍＞　　　　　　　　　　　　　　　　　　　　　,総数,30145,21554,324,363,131,-,2373,5273,258,3,1,-,-,-,-,-,2,-,2,2,-,-,-,-,-,-,-,5,3,-,-,-,-,-,2,-,8,2,-,-,-,-,-,6,-,5,3,-,-,-,-,-,2,-,23,11,-,-,-,-,-,12,-,22,12,-,-,-,-,-,10,-,28,10,-,-,-,-,-,18,-,53,30,-,-,-,-,1,22,-,59,35,-,-,-,-,-,24,-,46,29,1,-,-,-,-,16,-,76,55,-,-,-,-,1,20,-,100,72,1,-,-,-,1,24,2,180,132,1,-,-,-,3,43,1,340,243,1,-,-,-,7,85,4,614,473,2,-,-,-,10,120,9,817,624,6,-,-,-,20,159,8,1231,931,4,3,2,-,42,241,10
,男　Ｍ．,16549,12174,167,148,55,-,1044,2889,127,3,1,-,-,-,-,-,2,-,1,1,-,-,-,-,-,-,-,2,1,-,-,-,-,-,1,-,6,2,-,-,-,-,-,4,-,3,1,-,-,-,-,-,2,-,15,6,-,-,-,-,-,9,-,13,7,-,-,-,-,-,6,-,16,4,-,-,-,-,-,12,-,37,21,-,-,-,-,-,16,-,41,25,-,-,-,-,-,16,-,25,17,1,-,-,-,-,7,-,36,24,-,-,-,-,-,12,-,49,37,-,-,-,-,1,11,-,107,80,1,-,-,-,2,24,-,192,146,-,-,-,-,1,41,4,367,283,1,-,-,-,7,72,4,500,381,3,-,-,-,14,96,6,724,556,2,3,2,-,26,132,5
,女　Ｆ．,13596,9380,157,215,76,-,1329,2384,131,-,-,-,-,-,-,-,-,-,1,1,-,-,-,-,-,-,-,3,2,-,-,-,-,-,1,-,2,-,-,-,-,-,-,2,-,2,2,-,-,-,-,-,-,-,8,5,-,-,-,-,-,3,-,9,5,-,-,-,-,-,4,-,12,6,-,-,-,-,-,6,-,16,9,-,-,-,-,1,6,-,18,10,-,-,-,-,-,8,-,21,12,-,-,-,-,-,9,-,40,31,-,-,-,-,1,8,-,51,35,1,-,-,-,-,13,2,73,52,-,-,-,-,1,19,1,148,97,1,-,-,-,6,44,-,247,190,1,-,-,-,3,48,5,317,243,3,-,-,-,6,63,2,507,375,2,-,-,-,16,109,5
02200　　その他の新生物＜腫瘍＞　　　　　　　　　　　　　　　　　　　　　　　　,総数,13909,10191,185,420,160,-,1413,1593,107,10,9,-,-,-,-,-,1,-,2,1,-,-,-,-,-,1,-,1,1,-,-,-,-,-,-,-,3,3,-,-,-,-,-,-,-,1,-,-,-,-,-,-,1,-,17,14,-,-,-,-,-,3,-,13,9,-,-,-,-,-,4,-,7,6,-,-,-,-,-,1,-,10,10,-,-,-,-,-,-,-,14,9,-,-,-,-,-,5,-,18,12,-,-,-,-,-,6,-,26,19,-,-,-,-,-,7,-,44,32,1,-,-,-,2,9,-,49,38,1,-,-,-,5,5,-,126,105,1,-,-,-,2,18,-,163,124,2,-,-,-,10,27,-,218,170,2,1,-,-,4,39,2,374,294,4,3,1,-,20,49,4
,男　Ｍ．,7620,5809,89,139,48,-,580,950,53,3,2,-,-,-,-,-,1,-,-,-,-,-,-,-,-,-,-,-,-,-,-,-,-,-,-,-,-,-,-,-,-,-,-,-,-,1,-,-,-,-,-,-,1,-,4,2,-,-,-,-,-,2,-,6,4,-,-,-,-,-,2,-,4,3,-,-,-,-,-,1,-,5,5,-,-,-,-,-,-,-,7,6,-,-,-,-,-,1,-,12,8,-,-,-,-,-,4,-,16,12,-,-,-,-,-,4,-,20,12,1,-,-,-,1,6,-,34,27,1,-,-,-,3,3,-,69,57,1,-,-,-,1,10,-,91,67,1,-,-,-,6,17,-,135,110,1,-,-,-,1,23,-,240,195,-,2,-,-,9,31,3
,女　Ｆ．,6289,4382,96,281,112,-,833,643,54,7,7,-,-,-,-,-,-,-,2,1,-,-,-,-,-,1,-,1,1,-,-,-,-,-,-,-,3,3,-,-,-,-,-,-,-,-,-,-,-,-,-,-,-,-,13,12,-,-,-,-,-,1,-,7,5,-,-,-,-,-,2,-,3,3,-,-,-,-,-,-,-,5,5,-,-,-,-,-,-,-,7,3,-,-,-,-,-,4,-,6,4,-,-,-,-,-,2,-,10,7,-,-,-,-,-,3,-,24,20,-,-,-,-,1,3,-,15,11,-,-,-,-,2,2,-,57,48,-,-,-,-,1,8,-,72,57,1,-,-,-,4,10,-,83,60,1,1,-,-,3,16,2,134,99,4,1,1,-,11,18,1
02201　　　中枢神経系のその他の新生物＜腫瘍＞　　　　　　　　　　　　　　　　　,総数,2553,1709,35,124,58,-,361,304,20,1,1,-,-,-,-,-,-,-,1,1,-,-,-,-,-,-,-,1,1,-,-,-,-,-,-,-,2,2,-,-,-,-,-,-,-,1,-,-,-,-,-,-,1,-,6,5,-,-,-,-,-,1,-,10,6,-,-,-,-,-,4,-,3,2,-,-,-,-,-,1,-,8,8,-,-,-,-,-,-,-,7,5,-,-,-,-,-,2,-,10,6,-,-,-,-,-,4,-,16,10,-,-,-,-,-,6,-,27,19,-,-,-,-,2,6,-,21,14,1,-,-,-,4,2,-,44,32,1,-,-,-,2,9,-,58,35,1,-,-,-,7,15,-,57,41,-,1,-,-,1,13,1,97,68,1,2,1,-,12,12,2
,男　Ｍ．,1215,852,14,42,17,-,138,160,9,-,-,-,-,-,-,-,-,-,-,-,-,-,-,-,-,-,-,-,-,-,-,-,-,-,-,-,-,-,-,-,-,-,-,-,-,1,-,-,-,-,-,-,1,-,1,-,-,-,-,-,-,1,-,5,3,-,-,-,-,-,2,-,1,-,-,-,-,-,-,1,-,4,4,-,-,-,-,-,-,-,5,4,-,-,-,-,-,1,-,6,3,-,-,-,-,-,3,-,9,6,-,-,-,-,-,3,-,10,5,-,-,-,-,1,4,-,17,12,1,-,-,-,2,2,-,27,21,1,-,-,-,1,4,-,39,23,1,-,-,-,5,10,-,33,24,-,-,-,-,-,9,-,59,47,-,1,-,-,5,5,1
,女　Ｆ．,1338,857,21,82,41,-,223,144,11,1,1,-,-,-,-,-,-,-,1,1,-,-,-,-,-,-,-,1,1,-,-,-,-,-,-,-,2,2,-,-,-,-,-,-,-,-,-,-,-,-,-,-,-,-,5,5,-,-,-,-,-,-,-,5,3,-,-,-,-,-,2,-,2,2,-,-,-,-,-,-,-,4,4,-,-,-,-,-,-,-,2,1,-,-,-,-,-,1,-,4,3,-,-,-,-,-,1,-,7,4,-,-,-,-,-,3,-,17,14,-,-,-,-,1,2,-,4,2,-,-,-,-,2,-,-,17,11,-,-,-,-,1,5,-,19,12,-,-,-,-,2,5,-,24,17,-,1,-,-,1,4,1,38,21,1,1,1,-,7,7,1
02202　　　中枢神経系を除くその他の新生物＜腫瘍＞　　　　　　　　　　　　　　　,総数,11356,8482,150,296,102,-,1052,1289,87,9,8,-,-,-,-,-,1,-,1,-,-,-,-,-,-,1,-,-,-,-,-,-,-,-,-,-,1,1,-,-,-,-,-,-,-,-,-,-,-,-,-,-,-,-,11,9,-,-,-,-,-,2,-,3,3,-,-,-,-,-,-,-,4,4,-,-,-,-,-,-,-,2,2,-,-,-,-,-,-,-,7,4,-,-,-,-,-,3,-,8,6,-,-,-,-,-,2,-,10,9,-,-,-,-,-,1,-,17,13,1,-,-,-,-,3,-,28,24,-,-,-,-,1,3,-,82,73,-,-,-,-,-,9,-,105,89,1,-,-,-,3,12,-,161,129,2,-,-,-,3,26,1,277,226,3,1,-,-,8,37,2
,男　Ｍ．,6405,4957,75,97,31,-,442,790,44,3,2,-,-,-,-,-,1,-,-,-,-,-,-,-,-,-,-,-,-,-,-,-,-,-,-,-,-,-,-,-,-,-,-,-,-,-,-,-,-,-,-,-,-,-,3,2,-,-,-,-,-,1,-,1,1,-,-,-,-,-,-,-,3,3,-,-,-,-,-,-,-,1,1,-,-,-,-,-,-,-,2,2,-,-,-,-,-,-,-,6,5,-,-,-,-,-,1,-,7,6,-,-,-,-,-,1,-,10,7,1,-,-,-,-,2,-,17,15,-,-,-,-,1,1,-,42,36,-,-,-,-,-,6,-,52,44,-,-,-,-,1,7,-,102,86,1,-,-,-,1,14,-,181,148,-,1,-,-,4,26,2
,女　Ｆ．,4951,3525,75,199,71,-,610,499,43,6,6,-,-,-,-,-,-,-,1,-,-,-,-,-,-,1,-,-,-,-,-,-,-,-,-,-,1,1,-,-,-,-,-,-,-,-,-,-,-,-,-,-,-,-,8,7,-,-,-,-,-,1,-,2,2,-,-,-,-,-,-,-,1,1,-,-,-,-,-,-,-,1,1,-,-,-,-,-,-,-,5,2,-,-,-,-,-,3,-,2,1,-,-,-,-,-,1,-,3,3,-,-,-,-,-,-,-,7,6,-,-,-,-,-,1,-,11,9,-,-,-,-,-,2,-,40,37,-,-,-,-,-,3,-,53,45,1,-,-,-,2,5,-,59,43,1,-,-,-,2,12,1,96,78,3,-,-,-,4,11,-
03000　血液及び造血器の疾患並びに免疫機構の障害　　　　　　　　　　　　　　　　,総数,4882,3858,82,153,41,-,380,378,31,9,9,-,-,-,-,-,-,-,1,1,-,-,-,-,-,-,-,-,-,-,-,-,-,-,-,-,1,1,-,-,-,-,-,-,-,2,2,-,-,-,-,-,-,-,13,13,-,-,-,-,-,-,-,6,6,-,-,-,-,-,-,-,2,2,-,-,-,-,-,-,-,3,3,-,-,-,-,-,-,-,8,7,-,-,-,-,-,1,-,10,10,-,-,-,-,-,-,-,7,7,-,-,-,-,-,-,-,16,16,-,-,-,-,-,-,-,14,10,-,-,-,-,-,4,-,27,24,-,-,-,-,-,2,1,68,58,-,-,-,-,-,9,1,75,65,-,-,-,-,1,8,1,115,99,1,-,-,-,1,14,-
,男　Ｍ．,2199,1846,21,38,10,-,111,173,10,6,6,-,-,-,-,-,-,-,1,1,-,-,-,-,-,-,-,-,-,-,-,-,-,-,-,-,-,-,-,-,-,-,-,-,-,1,1,-,-,-,-,-,-,-,8,8,-,-,-,-,-,-,-,3,3,-,-,-,-,-,-,-,1,1,-,-,-,-,-,-,-,1,1,-,-,-,-,-,-,-,4,4,-,-,-,-,-,-,-,4,4,-,-,-,-,-,-,-,3,3,-,-,-,-,-,-,-,12,12,-,-,-,-,-,-,-,8,5,-,-,-,-,-,3,-,15,13,-,-,-,-,-,1,1,39,31,-,-,-,-,-,7,1,47,41,-,-,-,-,-,5,1,71,62,-,-,-,-,-,9,-
,女　Ｆ．,2683,2012,61,115,31,-,269,205,21,3,3,-,-,-,-,-,-,-,-,-,-,-,-,-,-,-,-,-,-,-,-,-,-,-,-,-,1,1,-,-,-,-,-,-,-,1,1,-,-,-,-,-,-,-,5,5,-,-,-,-,-,-,-,3,3,-,-,-,-,-,-,-,1,1,-,-,-,-,-,-,-,2,2,-,-,-,-,-,-,-,4,3,-,-,-,-,-,1,-,6,6,-,-,-,-,-,-,-,4,4,-,-,-,-,-,-,-,4,4,-,-,-,-,-,-,-,6,5,-,-,-,-,-,1,-,12,11,-,-,-,-,-,1,-,29,27,-,-,-,-,-,2,-,28,24,-,-,-,-,1,3,-,44,37,1,-,-,-,1,5,-
03100　　貧血　　　　　　　　　　　　　　　　　　　　　　　　　　　　　　　　　,総数,2565,1857,50,103,23,-,288,242,25,1,1,-,-,-,-,-,-,-,-,-,-,-,-,-,-,-,-,-,-,-,-,-,-,-,-,-,-,-,-,-,-,-,-,-,-,2,2,-,-,-,-,-,-,-,3,3,-,-,-,-,-,-,-,2,2,-,-,-,-,-,-,-,-,-,-,-,-,-,-,-,-,1,1,-,-,-,-,-,-,-,2,2,-,-,-,-,-,-,-,1,1,-,-,-,-,-,-,-,-,-,-,-,-,-,-,-,-,7,7,-,-,-,-,-,-,-,7,4,-,-,-,-,-,3,-,9,9,-,-,-,-,-,-,-,21,15,-,-,-,-,-,6,-,28,21,-,-,-,-,1,5,1,35,27,1,-,-,-,1,6,-
,男　Ｍ．,1080,843,11,27,5,-,84,108,7,-,-,-,-,-,-,-,-,-,-,-,-,-,-,-,-,-,-,-,-,-,-,-,-,-,-,-,-,-,-,-,-,-,-,-,-,1,1,-,-,-,-,-,-,-,1,1,-,-,-,-,-,-,-,2,2,-,-,-,-,-,-,-,-,-,-,-,-,-,-,-,-,1,1,-,-,-,-,-,-,-,1,1,-,-,-,-,-,-,-,-,-,-,-,-,-,-,-,-,-,-,-,-,-,-,-,-,-,4,4,-,-,-,-,-,-,-,3,1,-,-,-,-,-,2,-,7,7,-,-,-,-,-,-,-,12,7,-,-,-,-,-,5,-,15,11,-,-,-,-,-,3,1,19,15,-,-,-,-,-,4,-
,女　Ｆ．,1485,1014,39,76,18,-,204,134,18,1,1,-,-,-,-,-,-,-,-,-,-,-,-,-,-,-,-,-,-,-,-,-,-,-,-,-,-,-,-,-,-,-,-,-,-,1,1,-,-,-,-,-,-,-,2,2,-,-,-,-,-,-,-,-,-,-,-,-,-,-,-,-,-,-,-,-,-,-,-,-,-,-,-,-,-,-,-,-,-,-,1,1,-,-,-,-,-,-,-,1,1,-,-,-,-,-,-,-,-,-,-,-,-,-,-,-,-,3,3,-,-,-,-,-,-,-,4,3,-,-,-,-,-,1,-,2,2,-,-,-,-,-,-,-,9,8,-,-,-,-,-,1,-,13,10,-,-,-,-,1,2,-,16,12,1,-,-,-,1,2,-
03200　　その他の血液及び造血器の疾患並びに免疫機構の障害　　　　　　　　　　　,総数,2317,2001,32,50,18,-,92,136,6,8,8,-,-,-,-,-,-,-,1,1,-,-,-,-,-,-,-,-,-,-,-,-,-,-,-,-,1,1,-,-,-,-,-,-,-,-,-,-,-,-,-,-,-,-,10,10,-,-,-,-,-,-,-,4,4,-,-,-,-,-,-,-,2,2,-,-,-,-,-,-,-,2,2,-,-,-,-,-,-,-,6,5,-,-,-,-,-,1,-,9,9,-,-,-,-,-,-,-,7,7,-,-,-,-,-,-,-,9,9,-,-,-,-,-,-,-,7,6,-,-,-,-,-,1,-,18,15,-,-,-,-,-,2,1,47,43,-,-,-,-,-,3,1,47,44,-,-,-,-,-,3,-,80,72,-,-,-,-,-,8,-
,男　Ｍ．,1119,1003,10,11,5,-,27,65,3,6,6,-,-,-,-,-,-,-,1,1,-,-,-,-,-,-,-,-,-,-,-,-,-,-,-,-,-,-,-,-,-,-,-,-,-,-,-,-,-,-,-,-,-,-,7,7,-,-,-,-,-,-,-,1,1,-,-,-,-,-,-,-,1,1,-,-,-,-,-,-,-,-,-,-,-,-,-,-,-,-,3,3,-,-,-,-,-,-,-,4,4,-,-,-,-,-,-,-,3,3,-,-,-,-,-,-,-,8,8,-,-,-,-,-,-,-,5,4,-,-,-,-,-,1,-,8,6,-,-,-,-,-,1,1,27,24,-,-,-,-,-,2,1,32,30,-,-,-,-,-,2,-,52,47,-,-,-,-,-,5,-
,女　Ｆ．,1198,998,22,39,13,-,65,71,3,2,2,-,-,-,-,-,-,-,-,-,-,-,-,-,-,-,-,-,-,-,-,-,-,-,-,-,1,1,-,-,-,-,-,-,-,-,-,-,-,-,-,-,-,-,3,3,-,-,-,-,-,-,-,3,3,-,-,-,-,-,-,-,1,1,-,-,-,-,-,-,-,2,2,-,-,-,-,-,-,-,3,2,-,-,-,-,-,1,-,5,5,-,-,-,-,-,-,-,4,4,-,-,-,-,-,-,-,1,1,-,-,-,-,-,-,-,2,2,-,-,-,-,-,-,-,10,9,-,-,-,-,-,1,-,20,19,-,-,-,-,-,1,-,15,14,-,-,-,-,-,1,-,28,25,-,-,-,-,-,3,-
04000　内分泌，栄養及び代謝疾患　　　　　　　　　　　　　　　　　　　　　　　　,総数,25662,16413,476,1165,295,-,2277,5026,305,9,9,-,-,-,-,-,-,-,-,-,-,-,-,-,-,-,-,-,-,-,-,-,-,-,-,-,2,2,-,-,-,-,-,-,-,7,5,-,-,-,-,-,2,-,18,16,-,-,-,-,-,2,-,8,7,-,-,-,-,-,1,-,6,4,-,-,-,-,-,2,-,16,11,-,-,-,-,-,5,-,20,11,-,-,-,-,-,8,1,32,11,-,-,-,-,-,19,2,57,32,1,-,-,-,-,23,1,66,40,-,-,-,-,1,23,2,131,68,1,-,-,-,1,57,4,255,149,3,-,-,-,3,92,8,515,275,4,1,-,-,2,218,15,697,352,1,1,-,-,9,320,14,902,522,4,3,1,-,17,343,13
,男　Ｍ．,13812,8830,251,443,112,-,801,3301,186,4,4,-,-,-,-,-,-,-,-,-,-,-,-,-,-,-,-,-,-,-,-,-,-,-,-,-,-,-,-,-,-,-,-,-,-,4,3,-,-,-,-,-,1,-,8,7,-,-,-,-,-,1,-,4,4,-,-,-,-,-,-,-,3,2,-,-,-,-,-,1,-,10,6,-,-,-,-,-,4,-,13,9,-,-,-,-,-,3,1,22,9,-,-,-,-,-,12,1,43,24,1,-,-,-,-,17,1,36,18,-,-,-,-,1,15,2,85,46,1,-,-,-,-,34,4,173,101,2,-,-,-,3,61,6,362,188,2,1,-,-,1,156,14,526,248,1,1,-,-,5,259,12,678,366,3,2,1,-,11,284,12
,女　Ｆ．,11850,7583,225,722,183,-,1476,1725,119,5,5,-,-,-,-,-,-,-,-,-,-,-,-,-,-,-,-,-,-,-,-,-,-,-,-,-,2,2,-,-,-,-,-,-,-,3,2,-,-,-,-,-,1,-,10,9,-,-,-,-,-,1,-,4,3,-,-,-,-,-,1,-,3,2,-,-,-,-,-,1,-,6,5,-,-,-,-,-,1,-,7,2,-,-,-,-,-,5,-,10,2,-,-,-,-,-,7,1,14,8,-,-,-,-,-,6,-,30,22,-,-,-,-,-,8,-,46,22,-,-,-,-,1,23,-,82,48,1,-,-,-,-,31,2,153,87,2,-,-,-,1,62,1,171,104,-,-,-,-,4,61,2,224,156,1,1,-,-,6,59,1
04100　　糖尿病　　　　　　　　　　　　　　　　　　　　　　　　　　　　　　　　,総数,14959,8773,356,794,204,-,1506,3339,191,-,-,-,-,-,-,-,-,-,-,-,-,-,-,-,-,-,-,-,-,-,-,-,-,-,-,-,-,-,-,-,-,-,-,-,-,-,-,-,-,-,-,-,-,-,-,-,-,-,-,-,-,-,-,-,-,-,-,-,-,-,-,-,1,-,-,-,-,-,-,1,-,7,6,-,-,-,-,-,1,-,9,5,-,-,-,-,-,3,1,14,6,-,-,-,-,-,7,1,33,16,1,-,-,-,-,15,1,33,19,-,-,-,-,-,13,1,65,33,-,-,-,-,-,30,2,132,70,3,-,-,-,2,56,1,304,147,3,1,-,-,1,144,8,443,209,1,-,-,-,5,221,7,590,304,4,3,1,-,12,257,10
,男　Ｍ．,8603,5041,205,311,80,-,568,2358,120,-,-,-,-,-,-,-,-,-,-,-,-,-,-,-,-,-,-,-,-,-,-,-,-,-,-,-,-,-,-,-,-,-,-,-,-,-,-,-,-,-,-,-,-,-,-,-,-,-,-,-,-,-,-,-,-,-,-,-,-,-,-,-,-,-,-,-,-,-,-,-,-,3,2,-,-,-,-,-,1,-,7,4,-,-,-,-,-,2,1,11,5,-,-,-,-,-,6,-,23,11,1,-,-,-,-,10,1,20,12,-,-,-,-,-,7,1,48,26,-,-,-,-,-,20,2,96,50,2,-,-,-,2,41,1,232,108,2,1,-,-,1,112,8,364,163,1,-,-,-,3,190,7,472,227,3,2,1,-,10,220,10
,女　Ｆ．,6356,3732,151,483,124,-,938,981,71,-,-,-,-,-,-,-,-,-,-,-,-,-,-,-,-,-,-,-,-,-,-,-,-,-,-,-,-,-,-,-,-,-,-,-,-,-,-,-,-,-,-,-,-,-,-,-,-,-,-,-,-,-,-,-,-,-,-,-,-,-,-,-,1,-,-,-,-,-,-,1,-,4,4,-,-,-,-,-,-,-,2,1,-,-,-,-,-,1,-,3,1,-,-,-,-,-,1,1,10,5,-,-,-,-,-,5,-,13,7,-,-,-,-,-,6,-,17,7,-,-,-,-,-,10,-,36,20,1,-,-,-,-,15,-,72,39,1,-,-,-,-,32,-,79,46,-,-,-,-,2,31,-,118,77,1,1,-,-,2,37,-
04200　　その他の内分泌，栄養及び代謝疾患　　　　　　　　　　　　　　　　　　　,総数,10703,7640,120,371,91,-,771,1687,114,9,9,-,-,-,-,-,-,-,-,-,-,-,-,-,-,-,-,-,-,-,-,-,-,-,-,-,2,2,-,-,-,-,-,-,-,7,5,-,-,-,-,-,2,-,18,16,-,-,-,-,-,2,-,8,7,-,-,-,-,-,1,-,5,4,-,-,-,-,-,1,-,9,5,-,-,-,-,-,4,-,11,6,-,-,-,-,-,5,-,18,5,-,-,-,-,-,12,1,24,16,-,-,-,-,-,8,-,33,21,-,-,-,-,1,10,1,66,35,1,-,-,-,1,27,2,123,79,-,-,-,-,1,36,7,211,128,1,-,-,-,1,74,7,254,143,-,1,-,-,4,99,7,312,218,-,-,-,-,5,86,3
,男　Ｍ．,5209,3789,46,132,32,-,233,943,66,4,4,-,-,-,-,-,-,-,-,-,-,-,-,-,-,-,-,-,-,-,-,-,-,-,-,-,-,-,-,-,-,-,-,-,-,4,3,-,-,-,-,-,1,-,8,7,-,-,-,-,-,1,-,4,4,-,-,-,-,-,-,-,3,2,-,-,-,-,-,1,-,7,4,-,-,-,-,-,3,-,6,5,-,-,-,-,-,1,-,11,4,-,-,-,-,-,6,1,20,13,-,-,-,-,-,7,-,16,6,-,-,-,-,1,8,1,37,20,1,-,-,-,-,14,2,77,51,-,-,-,-,1,20,5,130,80,-,-,-,-,-,44,6,162,85,-,1,-,-,2,69,5,206,139,-,-,-,-,1,64,2
,女　Ｆ．,5494,3851,74,239,59,-,538,744,48,5,5,-,-,-,-,-,-,-,-,-,-,-,-,-,-,-,-,-,-,-,-,-,-,-,-,-,2,2,-,-,-,-,-,-,-,3,2,-,-,-,-,-,1,-,10,9,-,-,-,-,-,1,-,4,3,-,-,-,-,-,1,-,2,2,-,-,-,-,-,-,-,2,1,-,-,-,-,-,1,-,5,1,-,-,-,-,-,4,-,7,1,-,-,-,-,-,6,-,4,3,-,-,-,-,-,1,-,17,15,-,-,-,-,-,2,-,29,15,-,-,-,-,1,13,-,46,28,-,-,-,-,-,16,2,81,48,1,-,-,-,1,30,1,92,58,-,-,-,-,2,30,2,106,79,-,-,-,-,4,22,1
05000　精神及び行動の障害　　　　　　　　　　　　　　　　　　　　　　　　　　　,総数,27954,13880,359,3225,827,-,7177,2792,521,-,-,-,-,-,-,-,-,-,-,-,-,-,-,-,-,-,-,-,-,-,-,-,-,-,-,-,-,-,-,-,-,-,-,-,-,-,-,-,-,-,-,-,-,-,-,-,-,-,-,-,-,-,-,-,-,-,-,-,-,-,-,-,1,1,-,-,-,-,-,-,-,6,3,-,-,-,-,-,2,1,12,7,-,-,-,-,-,4,1,11,10,-,-,-,-,-,1,-,9,5,-,-,-,-,-,3,1,30,18,-,-,-,-,-,10,2,48,32,2,-,-,-,-,13,1,90,45,-,-,-,-,1,38,6,152,90,2,1,1,-,3,51,5,187,113,1,2,1,-,5,64,2,278,178,2,1,-,-,10,84,3
,男　Ｍ．,10931,6882,133,995,313,-,1740,1044,137,-,-,-,-,-,-,-,-,-,-,-,-,-,-,-,-,-,-,-,-,-,-,-,-,-,-,-,-,-,-,-,-,-,-,-,-,-,-,-,-,-,-,-,-,-,-,-,-,-,-,-,-,-,-,-,-,-,-,-,-,-,-,-,-,-,-,-,-,-,-,-,-,-,-,-,-,-,-,-,-,-,3,2,-,-,-,-,-,1,-,2,2,-,-,-,-,-,-,-,2,-,-,-,-,-,-,1,1,15,9,-,-,-,-,-,5,1,23,14,-,-,-,-,-,9,-,42,18,-,-,-,-,1,20,3,96,55,1,-,-,-,2,35,3,119,67,1,2,1,-,3,45,1,202,132,2,-,-,-,6,61,1
,女　Ｆ．,17023,6998,226,2230,514,-,5437,1748,384,-,-,-,-,-,-,-,-,-,-,-,-,-,-,-,-,-,-,-,-,-,-,-,-,-,-,-,-,-,-,-,-,-,-,-,-,-,-,-,-,-,-,-,-,-,-,-,-,-,-,-,-,-,-,-,-,-,-,-,-,-,-,-,1,1,-,-,-,-,-,-,-,6,3,-,-,-,-,-,2,1,9,5,-,-,-,-,-,3,1,9,8,-,-,-,-,-,1,-,7,5,-,-,-,-,-,2,-,15,9,-,-,-,-,-,5,1,25,18,2,-,-,-,-,4,1,48,27,-,-,-,-,-,18,3,56,35,1,1,1,-,1,16,2,68,46,-,-,-,-,2,19,1,76,46,-,1,-,-,4,23,2
05100　　血管性及び詳細不明の認知症　　　　　　　　　　　　　　　　　　　　　　,総数,24666,11775,331,3092,786,-,6768,2220,480,-,-,-,-,-,-,-,-,-,-,-,-,-,-,-,-,-,-,-,-,-,-,-,-,-,-,-,-,-,-,-,-,-,-,-,-,-,-,-,-,-,-,-,-,-,-,-,-,-,-,-,-,-,-,-,-,-,-,-,-,-,-,-,-,-,-,-,-,-,-,-,-,-,-,-,-,-,-,-,-,-,-,-,-,-,-,-,-,-,-,-,-,-,-,-,-,-,-,-,-,-,-,-,-,-,-,-,-,-,-,-,-,-,-,-,-,-,-,-,-,-,-,-,-,-,-,2,2,-,-,-,-,-,-,-,10,7,1,1,1,-,1,-,-,13,9,-,1,1,-,3,-,-,58,47,1,1,-,-,6,2,1
,男　Ｍ．,9261,5757,124,943,296,-,1622,698,117,-,-,-,-,-,-,-,-,-,-,-,-,-,-,-,-,-,-,-,-,-,-,-,-,-,-,-,-,-,-,-,-,-,-,-,-,-,-,-,-,-,-,-,-,-,-,-,-,-,-,-,-,-,-,-,-,-,-,-,-,-,-,-,-,-,-,-,-,-,-,-,-,-,-,-,-,-,-,-,-,-,-,-,-,-,-,-,-,-,-,-,-,-,-,-,-,-,-,-,-,-,-,-,-,-,-,-,-,-,-,-,-,-,-,-,-,-,-,-,-,-,-,-,-,-,-,2,2,-,-,-,-,-,-,-,7,5,1,-,-,-,1,-,-,7,5,-,1,1,-,1,-,-,41,36,1,-,-,-,3,1,-
,女　Ｆ．,15405,6018,207,2149,490,-,5146,1522,363,-,-,-,-,-,-,-,-,-,-,-,-,-,-,-,-,-,-,-,-,-,-,-,-,-,-,-,-,-,-,-,-,-,-,-,-,-,-,-,-,-,-,-,-,-,-,-,-,-,-,-,-,-,-,-,-,-,-,-,-,-,-,-,-,-,-,-,-,-,-,-,-,-,-,-,-,-,-,-,-,-,-,-,-,-,-,-,-,-,-,-,-,-,-,-,-,-,-,-,-,-,-,-,-,-,-,-,-,-,-,-,-,-,-,-,-,-,-,-,-,-,-,-,-,-,-,-,-,-,-,-,-,-,-,-,3,2,-,1,1,-,-,-,-,6,4,-,-,-,-,2,-,-,17,11,-,1,-,-,3,1,1
05200　　その他の精神及び行動の障害　　　　　　　　　　　　　　　　　　　　　　,総数,3288,2105,28,133,41,-,409,572,41,-,-,-,-,-,-,-,-,-,-,-,-,-,-,-,-,-,-,-,-,-,-,-,-,-,-,-,-,-,-,-,-,-,-,-,-,-,-,-,-,-,-,-,-,-,-,-,-,-,-,-,-,-,-,-,-,-,-,-,-,-,-,-,1,1,-,-,-,-,-,-,-,6,3,-,-,-,-,-,2,1,12,7,-,-,-,-,-,4,1,11,10,-,-,-,-,-,1,-,9,5,-,-,-,-,-,3,1,30,18,-,-,-,-,-,10,2,48,32,2,-,-,-,-,13,1,88,43,-,-,-,-,1,38,6,142,83,1,-,-,-,2,51,5,174,104,1,1,-,-,2,64,2,220,131,1,-,-,-,4,82,2
,男　Ｍ．,1670,1125,9,52,17,-,118,346,20,-,-,-,-,-,-,-,-,-,-,-,-,-,-,-,-,-,-,-,-,-,-,-,-,-,-,-,-,-,-,-,-,-,-,-,-,-,-,-,-,-,-,-,-,-,-,-,-,-,-,-,-,-,-,-,-,-,-,-,-,-,-,-,-,-,-,-,-,-,-,-,-,-,-,-,-,-,-,-,-,-,3,2,-,-,-,-,-,1,-,2,2,-,-,-,-,-,-,-,2,-,-,-,-,-,-,1,1,15,9,-,-,-,-,-,5,1,23,14,-,-,-,-,-,9,-,40,16,-,-,-,-,1,20,3,89,50,-,-,-,-,1,35,3,112,62,1,1,-,-,2,45,1,161,96,1,-,-,-,3,60,1
,女　Ｆ．,1618,980,19,81,24,-,291,226,21,-,-,-,-,-,-,-,-,-,-,-,-,-,-,-,-,-,-,-,-,-,-,-,-,-,-,-,-,-,-,-,-,-,-,-,-,-,-,-,-,-,-,-,-,-,-,-,-,-,-,-,-,-,-,-,-,-,-,-,-,-,-,-,1,1,-,-,-,-,-,-,-,6,3,-,-,-,-,-,2,1,9,5,-,-,-,-,-,3,1,9,8,-,-,-,-,-,1,-,7,5,-,-,-,-,-,2,-,15,9,-,-,-,-,-,5,1,25,18,2,-,-,-,-,4,1,48,27,-,-,-,-,-,18,3,53,33,1,-,-,-,1,16,2,62,42,-,-,-,-,-,19,1,59,35,-,-,-,-,1,22,1
06000　神経系の疾患　　　　　　　　　　　　　　　　　　　　　　　　　　　　　　,総数,62946,37101,665,4142,1331,-,13473,6558,1007,21,21,-,-,-,-,-,-,-,13,12,-,-,-,-,-,1,-,12,11,-,-,-,-,-,1,-,11,11,-,-,-,-,-,-,-,10,9,-,-,-,-,-,1,-,67,64,-,-,-,-,-,3,-,25,20,-,-,-,-,-,5,-,49,48,-,-,-,-,-,1,-,63,54,2,-,-,-,-,7,-,78,62,-,-,-,-,-,15,1,85,65,1,-,-,-,1,18,-,102,77,-,-,-,-,-,23,2,120,95,-,-,-,-,2,20,3,172,131,-,1,-,-,5,31,4,317,247,2,-,-,-,12,50,6,495,370,2,5,1,-,27,86,5,754,537,10,6,4,-,66,120,15,1120,811,8,19,8,-,110,154,18
,男　Ｍ．,29089,20176,283,1413,491,-,4074,2832,311,13,13,-,-,-,-,-,-,-,8,7,-,-,-,-,-,1,-,6,5,-,-,-,-,-,1,-,6,6,-,-,-,-,-,-,-,7,6,-,-,-,-,-,1,-,40,37,-,-,-,-,-,3,-,13,11,-,-,-,-,-,2,-,27,26,-,-,-,-,-,1,-,39,34,2,-,-,-,-,3,-,51,43,-,-,-,-,-,7,1,52,42,1,-,-,-,-,9,-,66,50,-,-,-,-,-,16,-,80,63,-,-,-,-,2,14,1,110,79,-,1,-,-,3,24,3,209,163,2,-,-,-,6,33,5,311,231,1,4,1,-,16,57,2,477,354,5,1,1,-,28,79,10,717,540,5,7,2,-,67,89,9
,女　Ｆ．,33857,16925,382,2729,840,-,9399,3726,696,8,8,-,-,-,-,-,-,-,5,5,-,-,-,-,-,-,-,6,6,-,-,-,-,-,-,-,5,5,-,-,-,-,-,-,-,3,3,-,-,-,-,-,-,-,27,27,-,-,-,-,-,-,-,12,9,-,-,-,-,-,3,-,22,22,-,-,-,-,-,-,-,24,20,-,-,-,-,-,4,-,27,19,-,-,-,-,-,8,-,33,23,-,-,-,-,1,9,-,36,27,-,-,-,-,-,7,2,40,32,-,-,-,-,-,6,2,62,52,-,-,-,-,2,7,1,108,84,-,-,-,-,6,17,1,184,139,1,1,-,-,11,29,3,277,183,5,5,3,-,38,41,5,403,271,3,12,6,-,43,65,9
06100　　髄膜炎　　　　　　　　　　　　　　　　　　　　　　　　　　　　　　　　,総数,334,313,1,4,1,-,4,11,1,3,3,-,-,-,-,-,-,-,-,-,-,-,-,-,-,-,-,-,-,-,-,-,-,-,-,-,-,-,-,-,-,-,-,-,-,-,-,-,-,-,-,-,-,-,3,3,-,-,-,-,-,-,-,-,-,-,-,-,-,-,-,-,-,-,-,-,-,-,-,-,-,-,-,-,-,-,-,-,-,-,2,2,-,-,-,-,-,-,-,2,1,-,-,-,-,-,1,-,1,1,-,-,-,-,-,-,-,2,2,-,-,-,-,-,-,-,-,-,-,-,-,-,-,-,-,4,4,-,-,-,-,-,-,-,9,8,-,-,-,-,-,1,-,11,10,-,-,-,-,-,1,-,12,11,-,-,-,-,-,1,-
,男　Ｍ．,197,185,1,3,1,-,1,7,-,2,2,-,-,-,-,-,-,-,-,-,-,-,-,-,-,-,-,-,-,-,-,-,-,-,-,-,-,-,-,-,-,-,-,-,-,-,-,-,-,-,-,-,-,-,2,2,-,-,-,-,-,-,-,-,-,-,-,-,-,-,-,-,-,-,-,-,-,-,-,-,-,-,-,-,-,-,-,-,-,-,2,2,-,-,-,-,-,-,-,2,1,-,-,-,-,-,1,-,-,-,-,-,-,-,-,-,-,1,1,-,-,-,-,-,-,-,-,-,-,-,-,-,-,-,-,3,3,-,-,-,-,-,-,-,5,4,-,-,-,-,-,1,-,8,7,-,-,-,-,-,1,-,8,7,-,-,-,-,-,1,-
,女　Ｆ．,137,128,-,1,-,-,3,4,1,1,1,-,-,-,-,-,-,-,-,-,-,-,-,-,-,-,-,-,-,-,-,-,-,-,-,-,-,-,-,-,-,-,-,-,-,-,-,-,-,-,-,-,-,-,1,1,-,-,-,-,-,-,-,-,-,-,-,-,-,-,-,-,-,-,-,-,-,-,-,-,-,-,-,-,-,-,-,-,-,-,-,-,-,-,-,-,-,-,-,-,-,-,-,-,-,-,-,-,1,1,-,-,-,-,-,-,-,1,1,-,-,-,-,-,-,-,-,-,-,-,-,-,-,-,-,1,1,-,-,-,-,-,-,-,4,4,-,-,-,-,-,-,-,3,3,-,-,-,-,-,-,-,4,4,-,-,-,-,-,-,-
06200　　脊髄性筋萎縮症及び関連症候群　　　　　　　　　　　　　　　　　　　　　,総数,2824,1702,18,21,5,-,404,636,43,-,-,-,-,-,-,-,-,-,-,-,-,-,-,-,-,-,-,-,-,-,-,-,-,-,-,-,-,-,-,-,-,-,-,-,-,-,-,-,-,-,-,-,-,-,-,-,-,-,-,-,-,-,-,-,-,-,-,-,-,-,-,-,-,-,-,-,-,-,-,-,-,-,-,-,-,-,-,-,-,-,-,-,-,-,-,-,-,-,-,2,2,-,-,-,-,-,-,-,1,1,-,-,-,-,-,-,-,4,2,-,-,-,-,-,2,-,14,5,-,-,-,-,1,8,-,41,18,-,-,-,-,8,15,-,68,35,-,-,-,-,5,27,1,106,56,1,-,-,-,17,30,2,203,120,1,1,-,-,32,45,4
,男　Ｍ．,1657,1062,14,11,3,-,197,346,27,-,-,-,-,-,-,-,-,-,-,-,-,-,-,-,-,-,-,-,-,-,-,-,-,-,-,-,-,-,-,-,-,-,-,-,-,-,-,-,-,-,-,-,-,-,-,-,-,-,-,-,-,-,-,-,-,-,-,-,-,-,-,-,-,-,-,-,-,-,-,-,-,-,-,-,-,-,-,-,-,-,-,-,-,-,-,-,-,-,-,1,1,-,-,-,-,-,-,-,1,1,-,-,-,-,-,-,-,3,1,-,-,-,-,-,2,-,8,2,-,-,-,-,1,5,-,20,10,-,-,-,-,3,7,-,48,26,-,-,-,-,5,17,-,63,37,-,-,-,-,7,17,2,131,80,1,-,-,-,21,26,3
,女　Ｆ．,1167,640,4,10,2,-,207,290,16,-,-,-,-,-,-,-,-,-,-,-,-,-,-,-,-,-,-,-,-,-,-,-,-,-,-,-,-,-,-,-,-,-,-,-,-,-,-,-,-,-,-,-,-,-,-,-,-,-,-,-,-,-,-,-,-,-,-,-,-,-,-,-,-,-,-,-,-,-,-,-,-,-,-,-,-,-,-,-,-,-,-,-,-,-,-,-,-,-,-,1,1,-,-,-,-,-,-,-,-,-,-,-,-,-,-,-,-,1,1,-,-,-,-,-,-,-,6,3,-,-,-,-,-,3,-,21,8,-,-,-,-,5,8,-,20,9,-,-,-,-,-,10,1,43,19,1,-,-,-,10,13,-,72,40,-,1,-,-,11,19,1
06300　　パーキンソン病　　　　　　　　　　　　　　　　　　　　　　　　　　　　,総数,14426,9145,167,598,171,-,2876,1501,139,-,-,-,-,-,-,-,-,-,-,-,-,-,-,-,-,-,-,-,-,-,-,-,-,-,-,-,-,-,-,-,-,-,-,-,-,-,-,-,-,-,-,-,-,-,-,-,-,-,-,-,-,-,-,-,-,-,-,-,-,-,-,-,-,-,-,-,-,-,-,-,-,-,-,-,-,-,-,-,-,-,-,-,-,-,-,-,-,-,-,-,-,-,-,-,-,-,-,-,-,-,-,-,-,-,-,-,-,-,-,-,-,-,-,-,-,-,1,1,-,-,-,-,-,-,-,4,4,-,-,-,-,-,-,-,17,11,-,-,-,-,3,3,-,37,25,-,1,1,-,6,4,1,102,73,1,2,-,-,12,14,-
,男　Ｍ．,7579,5291,80,268,77,-,1110,773,57,-,-,-,-,-,-,-,-,-,-,-,-,-,-,-,-,-,-,-,-,-,-,-,-,-,-,-,-,-,-,-,-,-,-,-,-,-,-,-,-,-,-,-,-,-,-,-,-,-,-,-,-,-,-,-,-,-,-,-,-,-,-,-,-,-,-,-,-,-,-,-,-,-,-,-,-,-,-,-,-,-,-,-,-,-,-,-,-,-,-,-,-,-,-,-,-,-,-,-,-,-,-,-,-,-,-,-,-,-,-,-,-,-,-,-,-,-,1,1,-,-,-,-,-,-,-,3,3,-,-,-,-,-,-,-,9,6,-,-,-,-,-,3,-,23,17,-,1,1,-,3,2,-,69,53,-,2,-,-,5,9,-
,女　Ｆ．,6847,3854,87,330,94,-,1766,728,82,-,-,-,-,-,-,-,-,-,-,-,-,-,-,-,-,-,-,-,-,-,-,-,-,-,-,-,-,-,-,-,-,-,-,-,-,-,-,-,-,-,-,-,-,-,-,-,-,-,-,-,-,-,-,-,-,-,-,-,-,-,-,-,-,-,-,-,-,-,-,-,-,-,-,-,-,-,-,-,-,-,-,-,-,-,-,-,-,-,-,-,-,-,-,-,-,-,-,-,-,-,-,-,-,-,-,-,-,-,-,-,-,-,-,-,-,-,-,-,-,-,-,-,-,-,-,1,1,-,-,-,-,-,-,-,8,5,-,-,-,-,3,-,-,14,8,-,-,-,-,3,2,1,33,20,1,-,-,-,7,5,-
06400　　アルツハイマー病　　　　　　　　　　　　　　　　　　　　　　　　　　　,総数,25595,12277,296,2630,828,-,7441,2360,591,-,-,-,-,-,-,-,-,-,-,-,-,-,-,-,-,-,-,-,-,-,-,-,-,-,-,-,-,-,-,-,-,-,-,-,-,-,-,-,-,-,-,-,-,-,-,-,-,-,-,-,-,-,-,-,-,-,-,-,-,-,-,-,-,-,-,-,-,-,-,-,-,-,-,-,-,-,-,-,-,-,-,-,-,-,-,-,-,-,-,-,-,-,-,-,-,-,-,-,-,-,-,-,-,-,-,-,-,-,-,-,-,-,-,-,-,-,-,-,-,-,-,-,-,-,-,1,1,-,-,-,-,-,-,-,3,1,-,-,-,-,1,1,-,20,10,-,3,2,-,5,1,1,72,49,-,5,2,-,10,5,3
,男　Ｍ．,8883,5667,89,763,271,-,1611,630,123,-,-,-,-,-,-,-,-,-,-,-,-,-,-,-,-,-,-,-,-,-,-,-,-,-,-,-,-,-,-,-,-,-,-,-,-,-,-,-,-,-,-,-,-,-,-,-,-,-,-,-,-,-,-,-,-,-,-,-,-,-,-,-,-,-,-,-,-,-,-,-,-,-,-,-,-,-,-,-,-,-,-,-,-,-,-,-,-,-,-,-,-,-,-,-,-,-,-,-,-,-,-,-,-,-,-,-,-,-,-,-,-,-,-,-,-,-,-,-,-,-,-,-,-,-,-,1,1,-,-,-,-,-,-,-,-,-,-,-,-,-,-,-,-,12,8,-,-,-,-,3,-,1,43,35,-,2,1,-,5,-,1
,女　Ｆ．,16712,6610,207,1867,557,-,5830,1730,468,-,-,-,-,-,-,-,-,-,-,-,-,-,-,-,-,-,-,-,-,-,-,-,-,-,-,-,-,-,-,-,-,-,-,-,-,-,-,-,-,-,-,-,-,-,-,-,-,-,-,-,-,-,-,-,-,-,-,-,-,-,-,-,-,-,-,-,-,-,-,-,-,-,-,-,-,-,-,-,-,-,-,-,-,-,-,-,-,-,-,-,-,-,-,-,-,-,-,-,-,-,-,-,-,-,-,-,-,-,-,-,-,-,-,-,-,-,-,-,-,-,-,-,-,-,-,-,-,-,-,-,-,-,-,-,3,1,-,-,-,-,1,1,-,8,2,-,3,2,-,2,1,-,29,14,-,3,1,-,5,5,2
06500　　その他の神経系の疾患　　　　　　　　　　　　　　　　　　　　　　　　　,総数,19767,13664,183,889,326,-,2748,2050,233,18,18,-,-,-,-,-,-,-,13,12,-,-,-,-,-,1,-,12,11,-,-,-,-,-,1,-,11,11,-,-,-,-,-,-,-,10,9,-,-,-,-,-,1,-,64,61,-,-,-,-,-,3,-,25,20,-,-,-,-,-,5,-,49,48,-,-,-,-,-,1,-,63,54,2,-,-,-,-,7,-,76,60,-,-,-,-,-,15,1,81,62,1,-,-,-,1,17,-,100,75,-,-,-,-,-,23,2,114,91,-,-,-,-,2,18,3,157,125,-,1,-,-,4,23,4,267,220,2,-,-,-,4,35,6,398,315,2,5,1,-,18,54,4,580,436,9,2,1,-,38,84,11,731,558,6,11,6,-,56,89,11
,男　Ｍ．,10773,7971,99,368,139,-,1155,1076,104,11,11,-,-,-,-,-,-,-,8,7,-,-,-,-,-,1,-,6,5,-,-,-,-,-,1,-,6,6,-,-,-,-,-,-,-,7,6,-,-,-,-,-,1,-,38,35,-,-,-,-,-,3,-,13,11,-,-,-,-,-,2,-,27,26,-,-,-,-,-,1,-,39,34,2,-,-,-,-,3,-,49,41,-,-,-,-,-,7,1,49,40,1,-,-,-,-,8,-,65,49,-,-,-,-,-,16,-,76,61,-,-,-,-,2,12,1,101,76,-,1,-,-,2,19,3,182,146,2,-,-,-,3,26,5,249,195,1,4,1,-,11,36,2,371,285,5,-,-,-,15,59,7,466,365,4,3,1,-,36,53,5
,女　Ｆ．,8994,5693,84,521,187,-,1593,974,129,7,7,-,-,-,-,-,-,-,5,5,-,-,-,-,-,-,-,6,6,-,-,-,-,-,-,-,5,5,-,-,-,-,-,-,-,3,3,-,-,-,-,-,-,-,26,26,-,-,-,-,-,-,-,12,9,-,-,-,-,-,3,-,22,22,-,-,-,-,-,-,-,24,20,-,-,-,-,-,4,-,27,19,-,-,-,-,-,8,-,32,22,-,-,-,-,1,9,-,35,26,-,-,-,-,-,7,2,38,30,-,-,-,-,-,6,2,56,49,-,-,-,-,2,4,1,85,74,-,-,-,-,1,9,1,149,120,1,1,-,-,7,18,2,209,151,4,2,1,-,23,25,4,265,193,2,8,5,-,20,36,6
07000　眼及び付属器の疾患　　　　　　　　　　　　　　　　　　　　　　　　　　　,総数,6,5,-,-,-,-,1,-,-,-,-,-,-,-,-,-,-,-,-,-,-,-,-,-,-,-,-,-,-,-,-,-,-,-,-,-,-,-,-,-,-,-,-,-,-,-,-,-,-,-,-,-,-,-,-,-,-,-,-,-,-,-,-,-,-,-,-,-,-,-,-,-,-,-,-,-,-,-,-,-,-,1,1,-,-,-,-,-,-,-,-,-,-,-,-,-,-,-,-,-,-,-,-,-,-,-,-,-,-,-,-,-,-,-,-,-,-,-,-,-,-,-,-,-,-,-,-,-,-,-,-,-,-,-,-,-,-,-,-,-,-,-,-,-,-,-,-,-,-,-,-,-,-,-,-,-,-,-,-,-,-,-,-,-,-,-,-,-,-,-,-
,男　Ｍ．,3,3,-,-,-,-,-,-,-,-,-,-,-,-,-,-,-,-,-,-,-,-,-,-,-,-,-,-,-,-,-,-,-,-,-,-,-,-,-,-,-,-,-,-,-,-,-,-,-,-,-,-,-,-,-,-,-,-,-,-,-,-,-,-,-,-,-,-,-,-,-,-,-,-,-,-,-,-,-,-,-,1,1,-,-,-,-,-,-,-,-,-,-,-,-,-,-,-,-,-,-,-,-,-,-,-,-,-,-,-,-,-,-,-,-,-,-,-,-,-,-,-,-,-,-,-,-,-,-,-,-,-,-,-,-,-,-,-,-,-,-,-,-,-,-,-,-,-,-,-,-,-,-,-,-,-,-,-,-,-,-,-,-,-,-,-,-,-,-,-,-
,女　Ｆ．,3,2,-,-,-,-,1,-,-,-,-,-,-,-,-,-,-,-,-,-,-,-,-,-,-,-,-,-,-,-,-,-,-,-,-,-,-,-,-,-,-,-,-,-,-,-,-,-,-,-,-,-,-,-,-,-,-,-,-,-,-,-,-,-,-,-,-,-,-,-,-,-,-,-,-,-,-,-,-,-,-,-,-,-,-,-,-,-,-,-,-,-,-,-,-,-,-,-,-,-,-,-,-,-,-,-,-,-,-,-,-,-,-,-,-,-,-,-,-,-,-,-,-,-,-,-,-,-,-,-,-,-,-,-,-,-,-,-,-,-,-,-,-,-,-,-,-,-,-,-,-,-,-,-,-,-,-,-,-,-,-,-,-,-,-,-,-,-,-,-,-
08000　耳及び乳様突起の疾患　　　　　　　　　　　　　　　　　　　　　　　　　　,総数,22,16,-,2,-,-,1,3,-,-,-,-,-,-,-,-,-,-,-,-,-,-,-,-,-,-,-,-,-,-,-,-,-,-,-,-,-,-,-,-,-,-,-,-,-,-,-,-,-,-,-,-,-,-,-,-,-,-,-,-,-,-,-,-,-,-,-,-,-,-,-,-,-,-,-,-,-,-,-,-,-,1,1,-,-,-,-,-,-,-,-,-,-,-,-,-,-,-,-,-,-,-,-,-,-,-,-,-,-,-,-,-,-,-,-,-,-,-,-,-,-,-,-,-,-,-,1,1,-,-,-,-,-,-,-,1,1,-,-,-,-,-,-,-,1,1,-,-,-,-,-,-,-,1,1,-,-,-,-,-,-,-,-,-,-,-,-,-,-,-,-
,男　Ｍ．,14,10,-,2,-,-,1,1,-,-,-,-,-,-,-,-,-,-,-,-,-,-,-,-,-,-,-,-,-,-,-,-,-,-,-,-,-,-,-,-,-,-,-,-,-,-,-,-,-,-,-,-,-,-,-,-,-,-,-,-,-,-,-,-,-,-,-,-,-,-,-,-,-,-,-,-,-,-,-,-,-,1,1,-,-,-,-,-,-,-,-,-,-,-,-,-,-,-,-,-,-,-,-,-,-,-,-,-,-,-,-,-,-,-,-,-,-,-,-,-,-,-,-,-,-,-,-,-,-,-,-,-,-,-,-,-,-,-,-,-,-,-,-,-,1,1,-,-,-,-,-,-,-,1,1,-,-,-,-,-,-,-,-,-,-,-,-,-,-,-,-
,女　Ｆ．,8,6,-,-,-,-,-,2,-,-,-,-,-,-,-,-,-,-,-,-,-,-,-,-,-,-,-,-,-,-,-,-,-,-,-,-,-,-,-,-,-,-,-,-,-,-,-,-,-,-,-,-,-,-,-,-,-,-,-,-,-,-,-,-,-,-,-,-,-,-,-,-,-,-,-,-,-,-,-,-,-,-,-,-,-,-,-,-,-,-,-,-,-,-,-,-,-,-,-,-,-,-,-,-,-,-,-,-,-,-,-,-,-,-,-,-,-,-,-,-,-,-,-,-,-,-,1,1,-,-,-,-,-,-,-,1,1,-,-,-,-,-,-,-,-,-,-,-,-,-,-,-,-,-,-,-,-,-,-,-,-,-,-,-,-,-,-,-,-,-,-
09000　循環器系の疾患　　　　　　　　　　　　　　　　　　　　　　　　　　　　　,総数,370980,241006,4343,16422,5852,-,30556,73840,4813,44,40,-,-,-,-,-,4,-,11,9,-,-,-,-,-,2,-,11,10,-,-,-,-,-,-,1,6,6,-,-,-,-,-,-,-,6,4,-,-,-,-,-,1,1,78,69,-,-,-,-,-,7,2,19,19,-,-,-,-,-,-,-,36,32,1,-,-,-,-,2,1,68,55,-,-,-,-,-,12,1,100,62,-,-,-,-,-,26,12,169,110,1,-,-,-,-,55,3,348,217,1,-,-,-,1,117,12,717,467,3,-,-,-,-,220,27,1437,905,2,-,-,-,4,470,56,2894,1849,8,-,-,-,8,924,105,5479,3291,27,17,12,-,29,1907,208,7199,4224,39,12,4,-,57,2615,252,9505,5473,52,58,24,-,142,3491,289
,男　Ｍ．,182427,118920,1888,5843,2222,-,9752,43195,2829,23,19,-,-,-,-,-,4,-,7,6,-,-,-,-,-,1,-,2,2,-,-,-,-,-,-,-,2,2,-,-,-,-,-,-,-,4,3,-,-,-,-,-,1,-,38,32,-,-,-,-,-,6,-,7,7,-,-,-,-,-,-,-,23,20,1,-,-,-,-,1,1,46,40,-,-,-,-,-,5,1,65,38,-,-,-,-,-,18,9,102,57,-,-,-,-,-,43,2,250,152,-,-,-,-,-,87,11,521,333,2,-,-,-,-,166,20,1075,656,1,-,-,-,3,374,41,2191,1326,8,-,-,-,7,754,96,4149,2424,18,11,7,-,21,1491,184,5578,3183,30,10,3,-,43,2085,227,7424,4145,40,46,20,-,106,2829,258
,女　Ｆ．,188553,122086,2455,10579,3630,-,20804,30645,1984,21,21,-,-,-,-,-,-,-,4,3,-,-,-,-,-,1,-,9,8,-,-,-,-,-,-,1,4,4,-,-,-,-,-,-,-,2,1,-,-,-,-,-,-,1,40,37,-,-,-,-,-,1,2,12,12,-,-,-,-,-,-,-,13,12,-,-,-,-,-,1,-,22,15,-,-,-,-,-,7,-,35,24,-,-,-,-,-,8,3,67,53,1,-,-,-,-,12,1,98,65,1,-,-,-,1,30,1,196,134,1,-,-,-,-,54,7,362,249,1,-,-,-,1,96,15,703,523,-,-,-,-,1,170,9,1330,867,9,6,5,-,8,416,24,1621,1041,9,2,1,-,14,530,25,2081,1328,12,12,4,-,36,662,31
09100　　高血圧性疾患　　　　　　　　　　　　　　　　　　　　　　　　　　　　　,総数,11799,3387,182,556,97,-,1668,5721,285,-,-,-,-,-,-,-,-,-,-,-,-,-,-,-,-,-,-,-,-,-,-,-,-,-,-,-,-,-,-,-,-,-,-,-,-,-,-,-,-,-,-,-,-,-,-,-,-,-,-,-,-,-,-,-,-,-,-,-,-,-,-,-,-,-,-,-,-,-,-,-,-,-,-,-,-,-,-,-,-,-,1,-,-,-,-,-,-,1,-,1,-,-,-,-,-,-,1,-,1,-,-,-,-,-,-,1,-,9,1,-,-,-,-,-,7,1,14,2,-,-,-,-,-,11,1,42,14,-,-,-,-,-,27,1,145,24,-,-,-,-,1,111,9,182,28,1,-,-,-,1,142,10,299,39,2,-,-,-,1,244,13
,男　Ｍ．,5204,1444,65,126,26,-,339,3082,148,-,-,-,-,-,-,-,-,-,-,-,-,-,-,-,-,-,-,-,-,-,-,-,-,-,-,-,-,-,-,-,-,-,-,-,-,-,-,-,-,-,-,-,-,-,-,-,-,-,-,-,-,-,-,-,-,-,-,-,-,-,-,-,-,-,-,-,-,-,-,-,-,-,-,-,-,-,-,-,-,-,-,-,-,-,-,-,-,-,-,1,-,-,-,-,-,-,1,-,1,-,-,-,-,-,-,1,-,9,1,-,-,-,-,-,7,1,13,2,-,-,-,-,-,10,1,37,12,-,-,-,-,-,25,-,118,18,-,-,-,-,-,93,7,150,22,1,-,-,-,1,119,7,247,32,2,-,-,-,-,201,12
,女　Ｆ．,6595,1943,117,430,71,-,1329,2639,137,-,-,-,-,-,-,-,-,-,-,-,-,-,-,-,-,-,-,-,-,-,-,-,-,-,-,-,-,-,-,-,-,-,-,-,-,-,-,-,-,-,-,-,-,-,-,-,-,-,-,-,-,-,-,-,-,-,-,-,-,-,-,-,-,-,-,-,-,-,-,-,-,-,-,-,-,-,-,-,-,-,1,-,-,-,-,-,-,1,-,-,-,-,-,-,-,-,-,-,-,-,-,-,-,-,-,-,-,-,-,-,-,-,-,-,-,-,1,-,-,-,-,-,-,1,-,5,2,-,-,-,-,-,2,1,27,6,-,-,-,-,1,18,2,32,6,-,-,-,-,-,23,3,52,7,-,-,-,-,1,43,1
09101　　　高血圧性心疾患及び心腎疾患　　　　　　　　　　　　　　　　　　　　　,総数,5986,2184,110,314,71,-,790,2459,129,-,-,-,-,-,-,-,-,-,-,-,-,-,-,-,-,-,-,-,-,-,-,-,-,-,-,-,-,-,-,-,-,-,-,-,-,-,-,-,-,-,-,-,-,-,-,-,-,-,-,-,-,-,-,-,-,-,-,-,-,-,-,-,-,-,-,-,-,-,-,-,-,-,-,-,-,-,-,-,-,-,-,-,-,-,-,-,-,-,-,1,-,-,-,-,-,-,1,-,-,-,-,-,-,-,-,-,-,5,1,-,-,-,-,-,4,-,8,1,-,-,-,-,-,6,1,21,9,-,-,-,-,-,11,1,68,13,-,-,-,-,-,47,8,70,10,1,-,-,-,1,52,6,109,19,-,-,-,-,1,88,1
,男　Ｍ．,2509,883,35,73,19,-,174,1279,65,-,-,-,-,-,-,-,-,-,-,-,-,-,-,-,-,-,-,-,-,-,-,-,-,-,-,-,-,-,-,-,-,-,-,-,-,-,-,-,-,-,-,-,-,-,-,-,-,-,-,-,-,-,-,-,-,-,-,-,-,-,-,-,-,-,-,-,-,-,-,-,-,-,-,-,-,-,-,-,-,-,-,-,-,-,-,-,-,-,-,1,-,-,-,-,-,-,1,-,-,-,-,-,-,-,-,-,-,5,1,-,-,-,-,-,4,-,7,1,-,-,-,-,-,5,1,17,7,-,-,-,-,-,10,-,56,10,-,-,-,-,-,40,6,62,7,1,-,-,-,1,48,5,83,15,-,-,-,-,-,67,1
,女　Ｆ．,3477,1301,75,241,52,-,616,1180,64,-,-,-,-,-,-,-,-,-,-,-,-,-,-,-,-,-,-,-,-,-,-,-,-,-,-,-,-,-,-,-,-,-,-,-,-,-,-,-,-,-,-,-,-,-,-,-,-,-,-,-,-,-,-,-,-,-,-,-,-,-,-,-,-,-,-,-,-,-,-,-,-,-,-,-,-,-,-,-,-,-,-,-,-,-,-,-,-,-,-,-,-,-,-,-,-,-,-,-,-,-,-,-,-,-,-,-,-,-,-,-,-,-,-,-,-,-,1,-,-,-,-,-,-,1,-,4,2,-,-,-,-,-,1,1,12,3,-,-,-,-,-,7,2,8,3,-,-,-,-,-,4,1,26,4,-,-,-,-,1,21,-
09102　　　その他の高血圧性疾患　　　　　　　　　　　　　　　　　　　　　　　　,総数,5813,1203,72,242,26,-,878,3262,156,-,-,-,-,-,-,-,-,-,-,-,-,-,-,-,-,-,-,-,-,-,-,-,-,-,-,-,-,-,-,-,-,-,-,-,-,-,-,-,-,-,-,-,-,-,-,-,-,-,-,-,-,-,-,-,-,-,-,-,-,-,-,-,-,-,-,-,-,-,-,-,-,-,-,-,-,-,-,-,-,-,1,-,-,-,-,-,-,1,-,-,-,-,-,-,-,-,-,-,1,-,-,-,-,-,-,1,-,4,-,-,-,-,-,-,3,1,6,1,-,-,-,-,-,5,-,21,5,-,-,-,-,-,16,-,77,11,-,-,-,-,1,64,1,112,18,-,-,-,-,-,90,4,190,20,2,-,-,-,-,156,12
,男　Ｍ．,2695,561,30,53,7,-,165,1803,83,-,-,-,-,-,-,-,-,-,-,-,-,-,-,-,-,-,-,-,-,-,-,-,-,-,-,-,-,-,-,-,-,-,-,-,-,-,-,-,-,-,-,-,-,-,-,-,-,-,-,-,-,-,-,-,-,-,-,-,-,-,-,-,-,-,-,-,-,-,-,-,-,-,-,-,-,-,-,-,-,-,-,-,-,-,-,-,-,-,-,-,-,-,-,-,-,-,-,-,1,-,-,-,-,-,-,1,-,4,-,-,-,-,-,-,3,1,6,1,-,-,-,-,-,5,-,20,5,-,-,-,-,-,15,-,62,8,-,-,-,-,-,53,1,88,15,-,-,-,-,-,71,2,164,17,2,-,-,-,-,134,11
,女　Ｆ．,3118,642,42,189,19,-,713,1459,73,-,-,-,-,-,-,-,-,-,-,-,-,-,-,-,-,-,-,-,-,-,-,-,-,-,-,-,-,-,-,-,-,-,-,-,-,-,-,-,-,-,-,-,-,-,-,-,-,-,-,-,-,-,-,-,-,-,-,-,-,-,-,-,-,-,-,-,-,-,-,-,-,-,-,-,-,-,-,-,-,-,1,-,-,-,-,-,-,1,-,-,-,-,-,-,-,-,-,-,-,-,-,-,-,-,-,-,-,-,-,-,-,-,-,-,-,-,-,-,-,-,-,-,-,-,-,1,-,-,-,-,-,-,1,-,15,3,-,-,-,-,1,11,-,24,3,-,-,-,-,-,19,2,26,3,-,-,-,-,-,22,1
09200　　心疾患（高血圧性を除く）　　　　　　　　　　　　　　　　　　　　　　　,総数,226388,143188,2711,8659,2561,-,17195,51355,3280,27,23,-,-,-,-,-,4,-,10,8,-,-,-,-,-,2,-,10,9,-,-,-,-,-,-,1,5,5,-,-,-,-,-,-,-,6,4,-,-,-,-,-,1,1,58,49,-,-,-,-,-,7,2,11,11,-,-,-,-,-,-,-,21,18,1,-,-,-,-,1,1,47,36,-,-,-,-,-,10,1,73,45,-,-,-,-,-,18,10,106,65,1,-,-,-,-,39,1,213,121,-,-,-,-,-,82,10,374,223,3,-,-,-,-,132,16,690,377,1,-,-,-,2,278,32,1434,828,3,-,-,-,4,534,65,2823,1474,20,5,3,-,13,1174,137,3980,2062,20,2,-,-,17,1713,166,5432,2817,19,16,2,-,45,2340,195
,男　Ｍ．,111425,70072,1094,2760,802,-,5106,30435,1958,17,13,-,-,-,-,-,4,-,7,6,-,-,-,-,-,1,-,1,1,-,-,-,-,-,-,-,2,2,-,-,-,-,-,-,-,4,3,-,-,-,-,-,1,-,31,25,-,-,-,-,-,6,-,5,5,-,-,-,-,-,-,-,14,11,1,-,-,-,-,1,1,34,29,-,-,-,-,-,4,1,49,27,-,-,-,-,-,15,7,72,40,-,-,-,-,-,31,1,157,85,-,-,-,-,-,63,9,280,170,2,-,-,-,-,95,13,524,278,-,-,-,-,1,222,23,1156,644,3,-,-,-,3,444,62,2245,1170,13,2,1,-,9,930,121,3198,1629,18,2,-,-,12,1384,153,4401,2240,13,12,2,-,33,1927,176
,女　Ｆ．,114963,73116,1617,5899,1759,-,12089,20920,1322,10,10,-,-,-,-,-,-,-,3,2,-,-,-,-,-,1,-,9,8,-,-,-,-,-,-,1,3,3,-,-,-,-,-,-,-,2,1,-,-,-,-,-,-,1,27,24,-,-,-,-,-,1,2,6,6,-,-,-,-,-,-,-,7,7,-,-,-,-,-,-,-,13,7,-,-,-,-,-,6,-,24,18,-,-,-,-,-,3,3,34,25,1,-,-,-,-,8,-,56,36,-,-,-,-,-,19,1,94,53,1,-,-,-,-,37,3,166,99,1,-,-,-,1,56,9,278,184,-,-,-,-,1,90,3,578,304,7,3,2,-,4,244,16,782,433,2,-,-,-,5,329,13,1031,577,6,4,-,-,12,413,19
09201　　　慢性リウマチ性心疾患　　　　　　　　　　　　　　　　　　　　　　　　,総数,1893,1461,33,58,25,-,138,182,21,-,-,-,-,-,-,-,-,-,-,-,-,-,-,-,-,-,-,-,-,-,-,-,-,-,-,-,-,-,-,-,-,-,-,-,-,-,-,-,-,-,-,-,-,-,-,-,-,-,-,-,-,-,-,-,-,-,-,-,-,-,-,-,-,-,-,-,-,-,-,-,-,-,-,-,-,-,-,-,-,-,-,-,-,-,-,-,-,-,-,-,-,-,-,-,-,-,-,-,-,-,-,-,-,-,-,-,-,1,1,-,-,-,-,-,-,-,1,1,-,-,-,-,-,-,-,3,3,-,-,-,-,-,-,-,9,9,-,-,-,-,-,-,-,7,6,-,-,-,-,-,1,-,17,13,-,-,-,-,1,3,-
,男　Ｍ．,667,533,14,17,5,-,26,69,8,-,-,-,-,-,-,-,-,-,-,-,-,-,-,-,-,-,-,-,-,-,-,-,-,-,-,-,-,-,-,-,-,-,-,-,-,-,-,-,-,-,-,-,-,-,-,-,-,-,-,-,-,-,-,-,-,-,-,-,-,-,-,-,-,-,-,-,-,-,-,-,-,-,-,-,-,-,-,-,-,-,-,-,-,-,-,-,-,-,-,-,-,-,-,-,-,-,-,-,-,-,-,-,-,-,-,-,-,1,1,-,-,-,-,-,-,-,1,1,-,-,-,-,-,-,-,2,2,-,-,-,-,-,-,-,6,6,-,-,-,-,-,-,-,2,1,-,-,-,-,-,1,-,11,9,-,-,-,-,-,2,-
,女　Ｆ．,1226,928,19,41,20,-,112,113,13,-,-,-,-,-,-,-,-,-,-,-,-,-,-,-,-,-,-,-,-,-,-,-,-,-,-,-,-,-,-,-,-,-,-,-,-,-,-,-,-,-,-,-,-,-,-,-,-,-,-,-,-,-,-,-,-,-,-,-,-,-,-,-,-,-,-,-,-,-,-,-,-,-,-,-,-,-,-,-,-,-,-,-,-,-,-,-,-,-,-,-,-,-,-,-,-,-,-,-,-,-,-,-,-,-,-,-,-,-,-,-,-,-,-,-,-,-,-,-,-,-,-,-,-,-,-,1,1,-,-,-,-,-,-,-,3,3,-,-,-,-,-,-,-,5,5,-,-,-,-,-,-,-,6,4,-,-,-,-,1,1,-
09202　　　急性心筋梗塞　　　　　　　　　　　　　　　　　　　　　　　　　　　　,総数,28237,20623,293,350,86,-,704,5835,432,-,-,-,-,-,-,-,-,-,-,-,-,-,-,-,-,-,-,-,-,-,-,-,-,-,-,-,-,-,-,-,-,-,-,-,-,-,-,-,-,-,-,-,-,-,-,-,-,-,-,-,-,-,-,-,-,-,-,-,-,-,-,-,-,-,-,-,-,-,-,-,-,-,-,-,-,-,-,-,-,-,3,2,-,-,-,-,-,-,1,7,5,-,-,-,-,-,1,1,22,15,-,-,-,-,-,7,-,53,40,1,-,-,-,-,8,4,138,96,-,-,-,-,1,34,7,339,238,-,-,-,-,-,88,13,662,456,7,-,-,-,-,156,43,923,616,8,-,-,-,4,258,37,1179,833,6,2,-,-,6,302,30
,男　Ｍ．,17005,12267,140,164,35,-,288,3814,332,-,-,-,-,-,-,-,-,-,-,-,-,-,-,-,-,-,-,-,-,-,-,-,-,-,-,-,-,-,-,-,-,-,-,-,-,-,-,-,-,-,-,-,-,-,-,-,-,-,-,-,-,-,-,-,-,-,-,-,-,-,-,-,-,-,-,-,-,-,-,-,-,-,-,-,-,-,-,-,-,-,3,2,-,-,-,-,-,-,1,5,3,-,-,-,-,-,1,1,19,13,-,-,-,-,-,6,-,44,35,1,-,-,-,-,5,3,112,77,-,-,-,-,1,27,7,283,195,-,-,-,-,-,77,11,574,396,4,-,-,-,-,133,41,797,529,8,-,-,-,4,222,34,1004,715,3,2,-,-,4,251,29
,女　Ｆ．,11232,8356,153,186,51,-,416,2021,100,-,-,-,-,-,-,-,-,-,-,-,-,-,-,-,-,-,-,-,-,-,-,-,-,-,-,-,-,-,-,-,-,-,-,-,-,-,-,-,-,-,-,-,-,-,-,-,-,-,-,-,-,-,-,-,-,-,-,-,-,-,-,-,-,-,-,-,-,-,-,-,-,-,-,-,-,-,-,-,-,-,-,-,-,-,-,-,-,-,-,2,2,-,-,-,-,-,-,-,3,2,-,-,-,-,-,1,-,9,5,-,-,-,-,-,3,1,26,19,-,-,-,-,-,7,-,56,43,-,-,-,-,-,11,2,88,60,3,-,-,-,-,23,2,126,87,-,-,-,-,-,36,3,175,118,3,-,-,-,2,51,1
09203　　　その他の虚血性心疾患　　　　　　　　　　　　　　　　　　　　　　　　,総数,39357,16408,266,593,154,-,1568,19638,884,1,1,-,-,-,-,-,-,-,-,-,-,-,-,-,-,-,-,-,-,-,-,-,-,-,-,-,-,-,-,-,-,-,-,-,-,-,-,-,-,-,-,-,-,-,1,1,-,-,-,-,-,-,-,-,-,-,-,-,-,-,-,-,-,-,-,-,-,-,-,-,-,3,-,-,-,-,-,-,3,-,5,1,-,-,-,-,-,4,-,8,2,-,-,-,-,-,6,-,23,8,-,-,-,-,-,11,4,65,24,-,-,-,-,-,34,7,155,45,-,-,-,-,-,99,11,341,123,-,-,-,-,-,188,30,850,260,2,-,-,-,1,536,51,1200,396,2,1,-,-,-,735,66,1656,503,2,1,1,-,8,1056,86
,男　Ｍ．,24457,10278,147,221,59,-,596,12538,677,-,-,-,-,-,-,-,-,-,-,-,-,-,-,-,-,-,-,-,-,-,-,-,-,-,-,-,-,-,-,-,-,-,-,-,-,-,-,-,-,-,-,-,-,-,-,-,-,-,-,-,-,-,-,-,-,-,-,-,-,-,-,-,-,-,-,-,-,-,-,-,-,1,-,-,-,-,-,-,1,-,4,-,-,-,-,-,-,4,-,7,2,-,-,-,-,-,5,-,19,6,-,-,-,-,-,9,4,51,17,-,-,-,-,-,28,6,129,39,-,-,-,-,-,84,6,303,110,-,-,-,-,-,164,29,708,230,2,-,-,-,1,431,44,1012,344,2,1,-,-,-,602,63,1379,411,2,1,1,-,5,881,79
,女　Ｆ．,14900,6130,119,372,95,-,972,7100,207,1,1,-,-,-,-,-,-,-,-,-,-,-,-,-,-,-,-,-,-,-,-,-,-,-,-,-,-,-,-,-,-,-,-,-,-,-,-,-,-,-,-,-,-,-,1,1,-,-,-,-,-,-,-,-,-,-,-,-,-,-,-,-,-,-,-,-,-,-,-,-,-,2,-,-,-,-,-,-,2,-,1,1,-,-,-,-,-,-,-,1,-,-,-,-,-,-,1,-,4,2,-,-,-,-,-,2,-,14,7,-,-,-,-,-,6,1,26,6,-,-,-,-,-,15,5,38,13,-,-,-,-,-,24,1,142,30,-,-,-,-,-,105,7,188,52,-,-,-,-,-,133,3,277,92,-,-,-,-,3,175,7
09204　　　慢性非リウマチ性心内膜疾患　　　　　　　　　　　　　　　　　　　　　,総数,11522,8453,151,456,128,-,982,1377,103,2,2,-,-,-,-,-,-,-,-,-,-,-,-,-,-,-,-,-,-,-,-,-,-,-,-,-,-,-,-,-,-,-,-,-,-,-,-,-,-,-,-,-,-,-,2,2,-,-,-,-,-,-,-,-,-,-,-,-,-,-,-,-,-,-,-,-,-,-,-,-,-,-,-,-,-,-,-,-,-,-,1,1,-,-,-,-,-,-,-,1,-,-,-,-,-,-,1,-,1,1,-,-,-,-,-,-,-,5,4,-,-,-,-,-,1,-,6,4,-,-,-,-,-,2,-,17,16,-,-,-,-,-,1,-,24,18,-,-,-,-,-,5,1,38,26,-,-,-,-,-,11,1,59,44,-,2,1,-,1,11,1
,男　Ｍ．,3811,2954,43,89,27,-,207,489,29,1,1,-,-,-,-,-,-,-,-,-,-,-,-,-,-,-,-,-,-,-,-,-,-,-,-,-,-,-,-,-,-,-,-,-,-,-,-,-,-,-,-,-,-,-,1,1,-,-,-,-,-,-,-,-,-,-,-,-,-,-,-,-,-,-,-,-,-,-,-,-,-,-,-,-,-,-,-,-,-,-,-,-,-,-,-,-,-,-,-,1,-,-,-,-,-,-,1,-,-,-,-,-,-,-,-,-,-,4,3,-,-,-,-,-,1,-,5,3,-,-,-,-,-,2,-,14,13,-,-,-,-,-,1,-,18,12,-,-,-,-,-,5,1,26,16,-,-,-,-,-,9,1,45,31,-,1,1,-,1,11,1
,女　Ｆ．,7711,5499,108,367,101,-,775,888,74,1,1,-,-,-,-,-,-,-,-,-,-,-,-,-,-,-,-,-,-,-,-,-,-,-,-,-,-,-,-,-,-,-,-,-,-,-,-,-,-,-,-,-,-,-,1,1,-,-,-,-,-,-,-,-,-,-,-,-,-,-,-,-,-,-,-,-,-,-,-,-,-,-,-,-,-,-,-,-,-,-,1,1,-,-,-,-,-,-,-,-,-,-,-,-,-,-,-,-,1,1,-,-,-,-,-,-,-,1,1,-,-,-,-,-,-,-,1,1,-,-,-,-,-,-,-,3,3,-,-,-,-,-,-,-,6,6,-,-,-,-,-,-,-,12,10,-,-,-,-,-,2,-,14,13,-,1,-,-,-,-,-
09205　　　心筋症　　　　　　　　　　　　　　　　　　　　　　　　　　　　　　　,総数,3297,2481,31,81,25,-,182,489,33,12,11,-,-,-,-,-,1,-,-,-,-,-,-,-,-,-,-,2,2,-,-,-,-,-,-,-,2,2,-,-,-,-,-,-,-,2,1,-,-,-,-,-,1,-,18,16,-,-,-,-,-,2,-,-,-,-,-,-,-,-,-,-,5,4,-,-,-,-,-,1,-,8,7,-,-,-,-,-,1,-,5,5,-,-,-,-,-,-,-,7,5,-,-,-,-,-,2,-,9,6,-,-,-,-,-,2,1,28,23,-,-,-,-,-,4,1,30,16,-,-,-,-,-,14,-,46,34,-,-,-,-,-,12,-,74,54,-,-,-,-,-,18,2,129,97,-,-,-,-,1,29,2,134,99,-,1,-,-,1,28,5
,男　Ｍ．,1814,1359,16,28,10,-,58,332,21,6,5,-,-,-,-,-,1,-,-,-,-,-,-,-,-,-,-,-,-,-,-,-,-,-,-,-,1,1,-,-,-,-,-,-,-,2,1,-,-,-,-,-,1,-,9,7,-,-,-,-,-,2,-,-,-,-,-,-,-,-,-,-,4,3,-,-,-,-,-,1,-,6,6,-,-,-,-,-,-,-,5,5,-,-,-,-,-,-,-,4,2,-,-,-,-,-,2,-,7,4,-,-,-,-,-,2,1,23,20,-,-,-,-,-,3,-,27,15,-,-,-,-,-,12,-,36,26,-,-,-,-,-,10,-,62,45,-,-,-,-,-,15,2,106,78,-,-,-,-,-,26,2,107,79,-,-,-,-,-,23,5
,女　Ｆ．,1483,1122,15,53,15,-,124,157,12,6,6,-,-,-,-,-,-,-,-,-,-,-,-,-,-,-,-,2,2,-,-,-,-,-,-,-,1,1,-,-,-,-,-,-,-,-,-,-,-,-,-,-,-,-,9,9,-,-,-,-,-,-,-,-,-,-,-,-,-,-,-,-,1,1,-,-,-,-,-,-,-,2,1,-,-,-,-,-,1,-,-,-,-,-,-,-,-,-,-,3,3,-,-,-,-,-,-,-,2,2,-,-,-,-,-,-,-,5,3,-,-,-,-,-,1,1,3,1,-,-,-,-,-,2,-,10,8,-,-,-,-,-,2,-,12,9,-,-,-,-,-,3,-,23,19,-,-,-,-,1,3,-,27,20,-,1,-,-,1,5,-
09206　　　不整脈及び伝導障害　　　　　　　　　　　　　　　　　　　　　　　　　,総数,35964,23266,347,1102,349,-,2237,8457,555,5,4,-,-,-,-,-,1,-,3,2,-,-,-,-,-,1,-,3,2,-,-,-,-,-,-,1,-,-,-,-,-,-,-,-,-,-,-,-,-,-,-,-,-,-,11,8,-,-,-,-,-,2,1,2,2,-,-,-,-,-,-,-,6,5,-,-,-,-,-,-,1,22,18,-,-,-,-,-,4,-,31,19,-,-,-,-,-,8,4,46,31,-,-,-,-,-,15,-,81,44,-,-,-,-,-,36,1,98,63,-,-,-,-,-,32,3,167,106,-,-,-,-,-,55,6,306,200,3,-,-,-,-,92,11,553,340,1,-,-,-,-,193,19,711,393,2,-,-,-,3,280,33,1004,563,1,1,-,-,8,399,32
,男　Ｍ．,18278,11812,133,366,128,-,680,4941,346,3,2,-,-,-,-,-,1,-,2,1,-,-,-,-,-,1,-,1,1,-,-,-,-,-,-,-,-,-,-,-,-,-,-,-,-,-,-,-,-,-,-,-,-,-,6,4,-,-,-,-,-,2,-,2,2,-,-,-,-,-,-,-,5,4,-,-,-,-,-,-,1,17,15,-,-,-,-,-,2,-,20,10,-,-,-,-,-,6,4,29,18,-,-,-,-,-,11,-,62,33,-,-,-,-,-,29,-,72,48,-,-,-,-,-,21,3,123,77,-,-,-,-,-,42,4,241,156,3,-,-,-,-,71,11,415,257,-,-,-,-,-,142,16,558,305,2,-,-,-,2,220,29,795,430,1,-,-,-,5,330,29
,女　Ｆ．,17686,11454,214,736,221,-,1557,3516,209,2,2,-,-,-,-,-,-,-,1,1,-,-,-,-,-,-,-,2,1,-,-,-,-,-,-,1,-,-,-,-,-,-,-,-,-,-,-,-,-,-,-,-,-,-,5,4,-,-,-,-,-,-,1,-,-,-,-,-,-,-,-,-,1,1,-,-,-,-,-,-,-,5,3,-,-,-,-,-,2,-,11,9,-,-,-,-,-,2,-,17,13,-,-,-,-,-,4,-,19,11,-,-,-,-,-,7,1,26,15,-,-,-,-,-,11,-,44,29,-,-,-,-,-,13,2,65,44,-,-,-,-,-,21,-,138,83,1,-,-,-,-,51,3,153,88,-,-,-,-,1,60,4,209,133,-,1,-,-,3,69,3
09207　　　心不全　　　　　　　　　　　　　　　　　　　　　　　　　　　　　　　,総数,98814,65827,1562,5926,1772,-,11215,13163,1121,3,1,-,-,-,-,-,2,-,4,4,-,-,-,-,-,-,-,-,-,-,-,-,-,-,-,-,2,2,-,-,-,-,-,-,-,1,1,-,-,-,-,-,-,-,10,8,-,-,-,-,-,2,-,2,2,-,-,-,-,-,-,-,4,3,1,-,-,-,-,-,-,9,7,-,-,-,-,-,2,-,20,12,-,-,-,-,-,5,3,26,13,1,-,-,-,-,12,-,49,28,-,-,-,-,-,17,4,82,44,-,-,-,-,-,37,1,125,65,1,-,-,-,1,53,5,270,144,-,-,-,-,4,116,6,494,246,10,5,3,-,11,205,17,756,406,8,1,-,-,9,312,20,1069,581,9,9,-,-,20,422,28
,男　Ｍ．,41297,28361,589,1837,529,-,3190,6872,448,3,1,-,-,-,-,-,2,-,3,3,-,-,-,-,-,-,-,-,-,-,-,-,-,-,-,-,1,1,-,-,-,-,-,-,-,1,1,-,-,-,-,-,-,-,8,6,-,-,-,-,-,2,-,-,-,-,-,-,-,-,-,-,3,2,1,-,-,-,-,-,-,6,5,-,-,-,-,-,1,-,13,7,-,-,-,-,-,4,2,20,10,-,-,-,-,-,10,-,34,18,-,-,-,-,-,12,4,57,31,-,-,-,-,-,25,1,78,36,-,-,-,-,-,39,3,199,98,-,-,-,-,3,92,6,354,168,7,2,1,-,8,156,13,539,272,6,1,-,-,6,237,17,813,426,7,8,-,-,18,332,22
,女　Ｆ．,57517,37466,973,4089,1243,-,8025,6291,673,-,-,-,-,-,-,-,-,-,1,1,-,-,-,-,-,-,-,-,-,-,-,-,-,-,-,-,1,1,-,-,-,-,-,-,-,-,-,-,-,-,-,-,-,-,2,2,-,-,-,-,-,-,-,2,2,-,-,-,-,-,-,-,1,1,-,-,-,-,-,-,-,3,2,-,-,-,-,-,1,-,7,5,-,-,-,-,-,1,1,6,3,1,-,-,-,-,2,-,15,10,-,-,-,-,-,5,-,25,13,-,-,-,-,-,12,-,47,29,1,-,-,-,1,14,2,71,46,-,-,-,-,1,24,-,140,78,3,3,2,-,3,49,4,217,134,2,-,-,-,3,75,3,256,155,2,1,-,-,2,90,6
09208　　　その他の心疾患　　　　　　　　　　　　　　　　　　　　　　　　　　　,総数,7304,4669,28,93,22,-,169,2214,131,4,4,-,-,-,-,-,-,-,3,2,-,-,-,-,-,1,-,5,5,-,-,-,-,-,-,-,1,1,-,-,-,-,-,-,-,3,2,-,-,-,-,-,-,1,16,14,-,-,-,-,-,1,1,7,7,-,-,-,-,-,-,-,6,6,-,-,-,-,-,-,-,5,4,-,-,-,-,-,-,1,8,5,-,-,-,-,-,1,2,11,9,-,-,-,-,-,2,-,28,19,-,-,-,-,-,9,-,42,24,2,-,-,-,-,16,-,68,44,-,-,-,-,-,21,3,112,70,-,-,-,-,-,37,5,157,91,-,-,-,-,1,61,4,216,122,-,-,-,-,-,87,7,314,181,1,-,-,-,-,119,13
,男　Ｍ．,4096,2508,12,38,9,-,61,1380,97,4,4,-,-,-,-,-,-,-,2,2,-,-,-,-,-,-,-,-,-,-,-,-,-,-,-,-,-,-,-,-,-,-,-,-,-,1,1,-,-,-,-,-,-,-,7,7,-,-,-,-,-,-,-,3,3,-,-,-,-,-,-,-,2,2,-,-,-,-,-,-,-,4,3,-,-,-,-,-,-,1,4,3,-,-,-,-,-,1,-,6,5,-,-,-,-,-,1,-,16,11,-,-,-,-,-,5,-,28,15,1,-,-,-,-,12,-,49,30,-,-,-,-,-,16,3,78,44,-,-,-,-,-,29,5,108,56,-,-,-,-,-,48,4,158,84,-,-,-,-,-,67,7,247,139,-,-,-,-,-,97,11
,女　Ｆ．,3208,2161,16,55,13,-,108,834,34,-,-,-,-,-,-,-,-,-,1,-,-,-,-,-,-,1,-,5,5,-,-,-,-,-,-,-,1,1,-,-,-,-,-,-,-,2,1,-,-,-,-,-,-,1,9,7,-,-,-,-,-,1,1,4,4,-,-,-,-,-,-,-,4,4,-,-,-,-,-,-,-,1,1,-,-,-,-,-,-,-,4,2,-,-,-,-,-,-,2,5,4,-,-,-,-,-,1,-,12,8,-,-,-,-,-,4,-,14,9,1,-,-,-,-,4,-,19,14,-,-,-,-,-,5,-,34,26,-,-,-,-,-,8,-,49,35,-,-,-,-,1,13,-,58,38,-,-,-,-,-,20,-,67,42,1,-,-,-,-,22,2
09300　　脳血管疾患　　　　　　　　　　　　　　　　　　　　　　　　　　　　　　,総数,102821,70126,1266,6828,3067,-,10704,12973,924,3,3,-,-,-,-,-,-,-,1,1,-,-,-,-,-,-,-,1,1,-,-,-,-,-,-,-,1,1,-,-,-,-,-,-,-,-,-,-,-,-,-,-,-,-,6,6,-,-,-,-,-,-,-,7,7,-,-,-,-,-,-,-,13,13,-,-,-,-,-,-,-,16,15,-,-,-,-,-,1,-,15,10,-,-,-,-,-,5,-,45,35,-,-,-,-,-,10,-,92,63,1,-,-,-,1,25,2,258,192,-,-,-,-,-,61,5,590,428,-,-,-,-,2,144,16,1085,781,4,-,-,-,4,267,29,1852,1317,6,12,9,-,15,459,43,2207,1519,14,10,4,-,39,578,47,2745,1834,29,42,22,-,93,688,59
,男　Ｍ．,51176,35694,630,2843,1362,-,4005,7489,515,-,-,-,-,-,-,-,-,-,-,-,-,-,-,-,-,-,-,1,1,-,-,-,-,-,-,-,-,-,-,-,-,-,-,-,-,-,-,-,-,-,-,-,-,-,1,1,-,-,-,-,-,-,-,2,2,-,-,-,-,-,-,-,8,8,-,-,-,-,-,-,-,8,7,-,-,-,-,-,1,-,10,7,-,-,-,-,-,3,-,21,15,-,-,-,-,-,6,-,69,47,-,-,-,-,-,20,2,177,123,-,-,-,-,-,50,4,430,301,-,-,-,-,2,115,12,747,506,4,-,-,-,4,208,25,1262,847,4,9,6,-,12,352,38,1569,1045,8,8,3,-,30,437,41,2012,1298,23,34,18,-,72,535,50
,女　Ｆ．,51645,34432,636,3985,1705,-,6699,5484,409,3,3,-,-,-,-,-,-,-,1,1,-,-,-,-,-,-,-,-,-,-,-,-,-,-,-,-,1,1,-,-,-,-,-,-,-,-,-,-,-,-,-,-,-,-,5,5,-,-,-,-,-,-,-,5,5,-,-,-,-,-,-,-,5,5,-,-,-,-,-,-,-,8,8,-,-,-,-,-,-,-,5,3,-,-,-,-,-,2,-,24,20,-,-,-,-,-,4,-,23,16,1,-,-,-,1,5,-,81,69,-,-,-,-,-,11,1,160,127,-,-,-,-,-,29,4,338,275,-,-,-,-,-,59,4,590,470,2,3,3,-,3,107,5,638,474,6,2,1,-,9,141,6,733,536,6,8,4,-,21,153,9
09301　　　くも膜下出血　　　　　　　　　　　　　　　　　　　　　　　　　　　　,総数,11070,8237,63,253,130,-,382,2017,118,-,-,-,-,-,-,-,-,-,-,-,-,-,-,-,-,-,-,1,1,-,-,-,-,-,-,-,1,1,-,-,-,-,-,-,-,-,-,-,-,-,-,-,-,-,2,2,-,-,-,-,-,-,-,5,5,-,-,-,-,-,-,-,6,6,-,-,-,-,-,-,-,5,5,-,-,-,-,-,-,-,8,5,-,-,-,-,-,3,-,19,15,-,-,-,-,-,4,-,36,27,-,-,-,-,-,8,1,103,76,-,-,-,-,-,24,3,237,177,-,-,-,-,-,55,5,415,317,2,-,-,-,-,87,9,674,516,1,3,3,-,1,142,11,618,456,4,-,-,-,3,142,13,641,459,1,4,3,-,7,155,15
,男　Ｍ．,4129,2771,18,54,30,-,101,1105,80,-,-,-,-,-,-,-,-,-,-,-,-,-,-,-,-,-,-,1,1,-,-,-,-,-,-,-,-,-,-,-,-,-,-,-,-,-,-,-,-,-,-,-,-,-,1,1,-,-,-,-,-,-,-,1,1,-,-,-,-,-,-,-,3,3,-,-,-,-,-,-,-,4,4,-,-,-,-,-,-,-,5,3,-,-,-,-,-,2,-,8,5,-,-,-,-,-,3,-,28,22,-,-,-,-,-,5,1,65,43,-,-,-,-,-,20,2,145,100,-,-,-,-,-,41,4,236,167,2,-,-,-,-,59,8,347,243,-,2,2,-,-,93,9,361,257,1,-,-,-,2,90,11,390,257,1,3,2,-,5,110,14
,女　Ｆ．,6941,5466,45,199,100,-,281,912,38,-,-,-,-,-,-,-,-,-,-,-,-,-,-,-,-,-,-,-,-,-,-,-,-,-,-,-,1,1,-,-,-,-,-,-,-,-,-,-,-,-,-,-,-,-,1,1,-,-,-,-,-,-,-,4,4,-,-,-,-,-,-,-,3,3,-,-,-,-,-,-,-,1,1,-,-,-,-,-,-,-,3,2,-,-,-,-,-,1,-,11,10,-,-,-,-,-,1,-,8,5,-,-,-,-,-,3,-,38,33,-,-,-,-,-,4,1,92,77,-,-,-,-,-,14,1,179,150,-,-,-,-,-,28,1,327,273,1,1,1,-,1,49,2,257,199,3,-,-,-,1,52,2,251,202,-,1,1,-,2,45,1
09302　　　脳内出血　　　　　　　　　　　　　　　　　　　　　　　　　　　　　　,総数,32566,22212,276,1506,733,-,2134,6091,347,2,2,-,-,-,-,-,-,-,1,1,-,-,-,-,-,-,-,-,-,-,-,-,-,-,-,-,-,-,-,-,-,-,-,-,-,-,-,-,-,-,-,-,-,-,3,3,-,-,-,-,-,-,-,2,2,-,-,-,-,-,-,-,7,7,-,-,-,-,-,-,-,10,9,-,-,-,-,-,1,-,6,4,-,-,-,-,-,2,-,20,14,-,-,-,-,-,6,-,48,31,1,-,-,-,-,15,1,132,94,-,-,-,-,-,36,2,302,208,-,-,-,-,1,82,11,578,389,2,-,-,-,3,164,20,948,630,3,4,2,-,7,274,30,1217,783,6,5,1,-,20,372,31,1451,937,15,20,10,-,35,412,32
,男　Ｍ．,17981,12380,145,647,342,-,842,3727,240,-,-,-,-,-,-,-,-,-,-,-,-,-,-,-,-,-,-,-,-,-,-,-,-,-,-,-,-,-,-,-,-,-,-,-,-,-,-,-,-,-,-,-,-,-,-,-,-,-,-,-,-,-,-,1,1,-,-,-,-,-,-,-,5,5,-,-,-,-,-,-,-,4,3,-,-,-,-,-,1,-,4,3,-,-,-,-,-,1,-,11,8,-,-,-,-,-,3,-,37,22,-,-,-,-,-,14,1,99,68,-,-,-,-,-,29,2,247,169,-,-,-,-,1,69,8,438,280,2,-,-,-,3,136,17,736,472,2,4,2,-,6,224,28,926,580,3,4,1,-,16,296,27,1097,696,11,15,7,-,24,326,25
,女　Ｆ．,14585,9832,131,859,391,-,1292,2364,107,2,2,-,-,-,-,-,-,-,1,1,-,-,-,-,-,-,-,-,-,-,-,-,-,-,-,-,-,-,-,-,-,-,-,-,-,-,-,-,-,-,-,-,-,-,3,3,-,-,-,-,-,-,-,1,1,-,-,-,-,-,-,-,2,2,-,-,-,-,-,-,-,6,6,-,-,-,-,-,-,-,2,1,-,-,-,-,-,1,-,9,6,-,-,-,-,-,3,-,11,9,1,-,-,-,-,1,-,33,26,-,-,-,-,-,7,-,55,39,-,-,-,-,-,13,3,140,109,-,-,-,-,-,28,3,212,158,1,-,-,-,1,50,2,291,203,3,1,-,-,4,76,4,354,241,4,5,3,-,11,86,7
09303　　　脳梗塞　　　　　　　　　　　　　　　　　　　　　　　　　　　　　　　,総数,56129,38495,877,4877,2157,-,7770,3696,414,1,1,-,-,-,-,-,-,-,-,-,-,-,-,-,-,-,-,-,-,-,-,-,-,-,-,-,-,-,-,-,-,-,-,-,-,-,-,-,-,-,-,-,-,-,1,1,-,-,-,-,-,-,-,-,-,-,-,-,-,-,-,-,-,-,-,-,-,-,-,-,-,1,1,-,-,-,-,-,-,-,1,1,-,-,-,-,-,-,-,3,3,-,-,-,-,-,-,-,5,3,-,-,-,-,1,1,-,13,13,-,-,-,-,-,-,-,34,32,-,-,-,-,1,1,-,57,51,-,-,-,-,1,5,-,190,152,2,5,4,-,7,23,1,311,248,4,5,3,-,16,35,3,552,408,13,17,8,-,47,57,10
,男　Ｍ．,27541,19939,443,2075,965,-,2923,1990,171,-,-,-,-,-,-,-,-,-,-,-,-,-,-,-,-,-,-,-,-,-,-,-,-,-,-,-,-,-,-,-,-,-,-,-,-,-,-,-,-,-,-,-,-,-,-,-,-,-,-,-,-,-,-,-,-,-,-,-,-,-,-,-,-,-,-,-,-,-,-,-,-,-,-,-,-,-,-,-,-,-,1,1,-,-,-,-,-,-,-,-,-,-,-,-,-,-,-,-,2,2,-,-,-,-,-,-,-,9,9,-,-,-,-,-,-,-,25,23,-,-,-,-,1,1,-,48,43,-,-,-,-,1,4,-,153,125,2,3,2,-,6,17,-,243,191,4,4,2,-,12,29,3,453,327,11,15,8,-,41,50,9
,女　Ｆ．,28588,18556,434,2802,1192,-,4847,1706,243,1,1,-,-,-,-,-,-,-,-,-,-,-,-,-,-,-,-,-,-,-,-,-,-,-,-,-,-,-,-,-,-,-,-,-,-,-,-,-,-,-,-,-,-,-,1,1,-,-,-,-,-,-,-,-,-,-,-,-,-,-,-,-,-,-,-,-,-,-,-,-,-,1,1,-,-,-,-,-,-,-,-,-,-,-,-,-,-,-,-,3,3,-,-,-,-,-,-,-,3,1,-,-,-,-,1,1,-,4,4,-,-,-,-,-,-,-,9,9,-,-,-,-,-,-,-,9,8,-,-,-,-,-,1,-,37,27,-,2,2,-,1,6,1,68,57,-,1,1,-,4,6,-,99,81,2,2,-,-,6,7,1
09304　　　その他の脳血管疾患　　　　　　　　　　　　　　　　　　　　　　　　　,総数,3056,1182,50,192,47,-,418,1169,45,-,-,-,-,-,-,-,-,-,-,-,-,-,-,-,-,-,-,-,-,-,-,-,-,-,-,-,-,-,-,-,-,-,-,-,-,-,-,-,-,-,-,-,-,-,-,-,-,-,-,-,-,-,-,-,-,-,-,-,-,-,-,-,-,-,-,-,-,-,-,-,-,-,-,-,-,-,-,-,-,-,-,-,-,-,-,-,-,-,-,3,3,-,-,-,-,-,-,-,3,2,-,-,-,-,-,1,-,10,9,-,-,-,-,-,1,-,17,11,-,-,-,-,-,6,-,35,24,-,-,-,-,-,11,-,40,19,-,-,-,-,-,20,1,61,32,-,-,-,-,-,29,-,101,30,-,1,1,-,4,64,2
,男　Ｍ．,1525,604,24,67,25,-,139,667,24,-,-,-,-,-,-,-,-,-,-,-,-,-,-,-,-,-,-,-,-,-,-,-,-,-,-,-,-,-,-,-,-,-,-,-,-,-,-,-,-,-,-,-,-,-,-,-,-,-,-,-,-,-,-,-,-,-,-,-,-,-,-,-,-,-,-,-,-,-,-,-,-,-,-,-,-,-,-,-,-,-,-,-,-,-,-,-,-,-,-,2,2,-,-,-,-,-,-,-,2,1,-,-,-,-,-,1,-,4,3,-,-,-,-,-,1,-,13,9,-,-,-,-,-,4,-,25,16,-,-,-,-,-,9,-,26,7,-,-,-,-,-,18,1,39,17,-,-,-,-,-,22,-,72,18,-,1,1,-,2,49,2
,女　Ｆ．,1531,578,26,125,22,-,279,502,21,-,-,-,-,-,-,-,-,-,-,-,-,-,-,-,-,-,-,-,-,-,-,-,-,-,-,-,-,-,-,-,-,-,-,-,-,-,-,-,-,-,-,-,-,-,-,-,-,-,-,-,-,-,-,-,-,-,-,-,-,-,-,-,-,-,-,-,-,-,-,-,-,-,-,-,-,-,-,-,-,-,-,-,-,-,-,-,-,-,-,1,1,-,-,-,-,-,-,-,1,1,-,-,-,-,-,-,-,6,6,-,-,-,-,-,-,-,4,2,-,-,-,-,-,2,-,10,8,-,-,-,-,-,2,-,14,12,-,-,-,-,-,2,-,22,15,-,-,-,-,-,7,-,29,12,-,-,-,-,2,15,-
09400　　大動脈瘤及び解離　　　　　　　　　　　　　　　　　　　　　　　　　　　,総数,20427,17480,94,171,59,-,392,2083,207,1,1,-,-,-,-,-,-,-,-,-,-,-,-,-,-,-,-,-,-,-,-,-,-,-,-,-,-,-,-,-,-,-,-,-,-,-,-,-,-,-,-,-,-,-,1,1,-,-,-,-,-,-,-,-,-,-,-,-,-,-,-,-,-,-,-,-,-,-,-,-,-,1,1,-,-,-,-,-,-,-,4,3,-,-,-,-,-,-,1,5,3,-,-,-,-,-,1,1,12,10,-,-,-,-,-,2,-,36,28,-,-,-,-,-,7,1,82,62,1,-,-,-,-,14,5,184,141,1,-,-,-,-,38,4,433,352,1,-,-,-,-,70,10,583,471,-,-,-,-,-,91,21,728,598,2,-,-,-,-,112,16
,男　Ｍ．,10143,8572,58,72,19,-,142,1158,141,-,-,-,-,-,-,-,-,-,-,-,-,-,-,-,-,-,-,-,-,-,-,-,-,-,-,-,-,-,-,-,-,-,-,-,-,-,-,-,-,-,-,-,-,-,-,-,-,-,-,-,-,-,-,-,-,-,-,-,-,-,-,-,-,-,-,-,-,-,-,-,-,1,1,-,-,-,-,-,-,-,4,3,-,-,-,-,-,-,1,3,1,-,-,-,-,-,1,1,11,10,-,-,-,-,-,1,-,31,23,-,-,-,-,-,7,1,69,53,1,-,-,-,-,11,4,159,120,1,-,-,-,-,34,4,374,304,1,-,-,-,-,59,10,469,378,-,-,-,-,-,73,18,542,442,2,-,-,-,-,84,14
,女　Ｆ．,10284,8908,36,99,40,-,250,925,66,1,1,-,-,-,-,-,-,-,-,-,-,-,-,-,-,-,-,-,-,-,-,-,-,-,-,-,-,-,-,-,-,-,-,-,-,-,-,-,-,-,-,-,-,-,1,1,-,-,-,-,-,-,-,-,-,-,-,-,-,-,-,-,-,-,-,-,-,-,-,-,-,-,-,-,-,-,-,-,-,-,-,-,-,-,-,-,-,-,-,2,2,-,-,-,-,-,-,-,1,-,-,-,-,-,-,1,-,5,5,-,-,-,-,-,-,-,13,9,-,-,-,-,-,3,1,25,21,-,-,-,-,-,4,-,59,48,-,-,-,-,-,11,-,114,93,-,-,-,-,-,18,3,186,156,-,-,-,-,-,28,2
09500　　その他の循環器系の疾患　　　　　　　　　　　　　　　　　　　　　　　　,総数,9545,6825,90,208,68,-,597,1708,117,13,13,-,-,-,-,-,-,-,-,-,-,-,-,-,-,-,-,-,-,-,-,-,-,-,-,-,-,-,-,-,-,-,-,-,-,-,-,-,-,-,-,-,-,-,13,13,-,-,-,-,-,-,-,1,1,-,-,-,-,-,-,-,2,1,-,-,-,-,-,1,-,4,3,-,-,-,-,-,1,-,7,4,-,-,-,-,-,2,1,12,7,-,-,-,-,-,4,1,30,23,-,-,-,-,-,7,-,40,23,-,-,-,-,-,13,4,61,36,-,-,-,-,-,23,2,149,85,-,-,-,-,-,58,6,226,124,-,-,-,-,-,93,9,247,144,4,-,-,-,-,91,8,301,185,-,-,-,-,3,107,6
,男　Ｍ．,4479,3138,41,42,13,-,160,1031,67,6,6,-,-,-,-,-,-,-,-,-,-,-,-,-,-,-,-,-,-,-,-,-,-,-,-,-,-,-,-,-,-,-,-,-,-,-,-,-,-,-,-,-,-,-,6,6,-,-,-,-,-,-,-,-,-,-,-,-,-,-,-,-,1,1,-,-,-,-,-,-,-,3,3,-,-,-,-,-,-,-,2,1,-,-,-,-,-,-,1,5,1,-,-,-,-,-,4,-,12,10,-,-,-,-,-,2,-,24,16,-,-,-,-,-,7,1,39,22,-,-,-,-,-,16,1,92,44,-,-,-,-,-,43,5,150,85,-,-,-,-,-,57,8,192,109,3,-,-,-,-,72,8,222,133,-,-,-,-,1,82,6
,女　Ｆ．,5066,3687,49,166,55,-,437,677,50,7,7,-,-,-,-,-,-,-,-,-,-,-,-,-,-,-,-,-,-,-,-,-,-,-,-,-,-,-,-,-,-,-,-,-,-,-,-,-,-,-,-,-,-,-,7,7,-,-,-,-,-,-,-,1,1,-,-,-,-,-,-,-,1,-,-,-,-,-,-,1,-,1,-,-,-,-,-,-,1,-,5,3,-,-,-,-,-,2,-,7,6,-,-,-,-,-,-,1,18,13,-,-,-,-,-,5,-,16,7,-,-,-,-,-,6,3,22,14,-,-,-,-,-,7,1,57,41,-,-,-,-,-,15,1,76,39,-,-,-,-,-,36,1,55,35,1,-,-,-,-,19,-,79,52,-,-,-,-,2,25,-
10000　呼吸器系の疾患　　　　　　　　　　　　　　　　　　　　　　　　　　　　　,総数,204985,168680,3028,6523,2831,-,13415,12188,1151,24,20,-,-,-,-,-,4,-,21,16,-,-,-,-,-,4,1,18,14,-,-,-,-,-,4,-,12,12,-,-,-,-,-,-,-,7,4,-,-,-,-,-,3,-,82,66,-,-,-,-,-,15,1,38,32,-,-,-,-,-,6,-,24,23,-,-,-,-,-,1,-,27,23,-,-,-,-,-,4,-,32,22,-,-,-,-,-,9,1,44,28,-,-,-,-,1,14,1,61,44,-,-,-,-,-,15,2,110,86,2,-,-,-,-,21,1,151,111,-,-,-,-,1,34,5,331,247,2,1,1,-,3,67,11,686,557,2,2,-,-,5,107,13,1145,925,4,5,3,-,23,172,16,2262,1909,19,13,3,-,49,256,16
,男　Ｍ．,125800,105878,1758,3322,1430,-,6405,7818,619,11,10,-,-,-,-,-,1,-,11,9,-,-,-,-,-,2,-,7,5,-,-,-,-,-,2,-,8,8,-,-,-,-,-,-,-,3,1,-,-,-,-,-,2,-,40,33,-,-,-,-,-,7,-,19,15,-,-,-,-,-,4,-,13,13,-,-,-,-,-,-,-,15,12,-,-,-,-,-,3,-,23,14,-,-,-,-,-,8,1,28,16,-,-,-,-,1,10,1,37,25,-,-,-,-,-,10,2,67,50,1,-,-,-,-,16,-,100,74,-,-,-,-,1,22,3,233,175,2,1,1,-,3,44,8,483,393,2,2,-,-,5,72,9,878,703,4,4,2,-,19,133,15,1729,1459,13,9,1,-,45,191,12
,女　Ｆ．,79185,62802,1270,3201,1401,-,7010,4370,532,13,10,-,-,-,-,-,3,-,10,7,-,-,-,-,-,2,1,11,9,-,-,-,-,-,2,-,4,4,-,-,-,-,-,-,-,4,3,-,-,-,-,-,1,-,42,33,-,-,-,-,-,8,1,19,17,-,-,-,-,-,2,-,11,10,-,-,-,-,-,1,-,12,11,-,-,-,-,-,1,-,9,8,-,-,-,-,-,1,-,16,12,-,-,-,-,-,4,-,24,19,-,-,-,-,-,5,-,43,36,1,-,-,-,-,5,1,51,37,-,-,-,-,-,12,2,98,72,-,-,-,-,-,23,3,203,164,-,-,-,-,-,35,4,267,222,-,1,1,-,4,39,1,533,450,6,4,2,-,4,65,4
10100　　インフルエンザ　　　　　　　　　　　　　　　　　　　　　　　　　　　　,総数,2857,2210,30,99,36,-,268,234,16,4,3,-,-,-,-,-,1,-,7,5,-,-,-,-,-,2,-,7,5,-,-,-,-,-,2,-,4,4,-,-,-,-,-,-,-,4,2,-,-,-,-,-,2,-,26,19,-,-,-,-,-,7,-,21,20,-,-,-,-,-,1,-,13,13,-,-,-,-,-,-,-,5,4,-,-,-,-,-,1,-,3,2,-,-,-,-,-,1,-,9,6,-,-,-,-,1,2,-,3,3,-,-,-,-,-,-,-,16,10,-,-,-,-,-,6,-,15,8,-,-,-,-,-,7,-,28,16,-,-,-,-,-,10,2,56,42,-,-,-,-,-,13,1,57,47,-,-,-,-,-,10,-,68,54,-,-,-,-,-,14,-
,男　Ｍ．,1486,1194,18,30,6,-,95,141,8,-,-,-,-,-,-,-,-,-,4,3,-,-,-,-,-,1,-,3,2,-,-,-,-,-,1,-,3,3,-,-,-,-,-,-,-,2,1,-,-,-,-,-,1,-,12,9,-,-,-,-,-,3,-,11,10,-,-,-,-,-,1,-,8,8,-,-,-,-,-,-,-,3,2,-,-,-,-,-,1,-,2,1,-,-,-,-,-,1,-,7,4,-,-,-,-,1,2,-,1,1,-,-,-,-,-,-,-,8,4,-,-,-,-,-,4,-,9,4,-,-,-,-,-,5,-,17,8,-,-,-,-,-,7,2,39,34,-,-,-,-,-,5,-,41,36,-,-,-,-,-,5,-,45,36,-,-,-,-,-,9,-
,女　Ｆ．,1371,1016,12,69,30,-,173,93,8,4,3,-,-,-,-,-,1,-,3,2,-,-,-,-,-,1,-,4,3,-,-,-,-,-,1,-,1,1,-,-,-,-,-,-,-,2,1,-,-,-,-,-,1,-,14,10,-,-,-,-,-,4,-,10,10,-,-,-,-,-,-,-,5,5,-,-,-,-,-,-,-,2,2,-,-,-,-,-,-,-,1,1,-,-,-,-,-,-,-,2,2,-,-,-,-,-,-,-,2,2,-,-,-,-,-,-,-,8,6,-,-,-,-,-,2,-,6,4,-,-,-,-,-,2,-,11,8,-,-,-,-,-,3,-,17,8,-,-,-,-,-,8,1,16,11,-,-,-,-,-,5,-,23,18,-,-,-,-,-,5,-
10200　　肺炎　　　　　　　　　　　　　　　　　　　　　　　　　　　　　　　　　,総数,80176,67684,1514,2638,1227,-,4715,3206,419,2,2,-,-,-,-,-,-,-,7,6,-,-,-,-,-,1,-,5,4,-,-,-,-,-,1,-,7,7,-,-,-,-,-,-,-,1,1,-,-,-,-,-,-,-,22,20,-,-,-,-,-,2,-,8,7,-,-,-,-,-,1,-,4,4,-,-,-,-,-,-,-,11,9,-,-,-,-,-,2,-,12,9,-,-,-,-,-,3,-,14,7,-,-,-,-,-,6,1,29,19,-,-,-,-,-,9,1,41,35,-,-,-,-,-,6,-,62,46,-,-,-,-,1,12,3,137,99,2,1,1,-,-,33,2,288,242,2,2,-,-,1,39,2,480,393,2,3,3,-,10,67,5,874,766,8,3,2,-,16,77,4
,男　Ｍ．,46529,40115,834,1300,611,-,2166,1898,216,1,1,-,-,-,-,-,-,-,5,4,-,-,-,-,-,1,-,-,-,-,-,-,-,-,-,-,5,5,-,-,-,-,-,-,-,-,-,-,-,-,-,-,-,-,11,10,-,-,-,-,-,1,-,3,3,-,-,-,-,-,-,-,-,-,-,-,-,-,-,-,-,7,5,-,-,-,-,-,2,-,10,7,-,-,-,-,-,3,-,11,4,-,-,-,-,-,6,1,19,13,-,-,-,-,-,5,1,27,23,-,-,-,-,-,4,-,44,31,-,-,-,-,1,9,3,94,69,2,1,1,-,-,20,2,199,162,2,2,-,-,1,30,2,363,295,2,2,2,-,8,51,5,667,582,6,1,-,-,14,60,4
,女　Ｆ．,33647,27569,680,1338,616,-,2549,1308,203,1,1,-,-,-,-,-,-,-,2,2,-,-,-,-,-,-,-,5,4,-,-,-,-,-,1,-,2,2,-,-,-,-,-,-,-,1,1,-,-,-,-,-,-,-,11,10,-,-,-,-,-,1,-,5,4,-,-,-,-,-,1,-,4,4,-,-,-,-,-,-,-,4,4,-,-,-,-,-,-,-,2,2,-,-,-,-,-,-,-,3,3,-,-,-,-,-,-,-,10,6,-,-,-,-,-,4,-,14,12,-,-,-,-,-,2,-,18,15,-,-,-,-,-,3,-,43,30,-,-,-,-,-,13,-,89,80,-,-,-,-,-,9,-,117,98,-,1,1,-,2,16,-,207,184,2,2,2,-,2,17,-
10300　　急性気管支炎　　　　　　　　　　　　　　　　　　　　　　　　　　　　　,総数,216,98,4,19,3,-,59,28,8,-,-,-,-,-,-,-,-,-,-,-,-,-,-,-,-,-,-,1,-,-,-,-,-,-,1,-,-,-,-,-,-,-,-,-,-,1,-,-,-,-,-,-,1,-,2,-,-,-,-,-,-,2,-,1,-,-,-,-,-,-,1,-,1,1,-,-,-,-,-,-,-,-,-,-,-,-,-,-,-,-,-,-,-,-,-,-,-,-,-,-,-,-,-,-,-,-,-,-,-,-,-,-,-,-,-,-,-,-,-,-,-,-,-,-,-,-,-,-,-,-,-,-,-,-,-,-,-,-,-,-,-,-,-,-,1,-,-,-,-,-,-,-,1,2,2,-,-,-,-,-,-,-,2,2,-,-,-,-,-,-,-
,男　Ｍ．,84,43,2,5,1,-,25,7,2,-,-,-,-,-,-,-,-,-,-,-,-,-,-,-,-,-,-,1,-,-,-,-,-,-,1,-,-,-,-,-,-,-,-,-,-,1,-,-,-,-,-,-,1,-,2,-,-,-,-,-,-,2,-,1,-,-,-,-,-,-,1,-,-,-,-,-,-,-,-,-,-,-,-,-,-,-,-,-,-,-,-,-,-,-,-,-,-,-,-,-,-,-,-,-,-,-,-,-,-,-,-,-,-,-,-,-,-,-,-,-,-,-,-,-,-,-,-,-,-,-,-,-,-,-,-,-,-,-,-,-,-,-,-,-,-,-,-,-,-,-,-,-,-,1,1,-,-,-,-,-,-,-,2,2,-,-,-,-,-,-,-
,女　Ｆ．,132,55,2,14,2,-,34,21,6,-,-,-,-,-,-,-,-,-,-,-,-,-,-,-,-,-,-,-,-,-,-,-,-,-,-,-,-,-,-,-,-,-,-,-,-,-,-,-,-,-,-,-,-,-,-,-,-,-,-,-,-,-,-,-,-,-,-,-,-,-,-,-,1,1,-,-,-,-,-,-,-,-,-,-,-,-,-,-,-,-,-,-,-,-,-,-,-,-,-,-,-,-,-,-,-,-,-,-,-,-,-,-,-,-,-,-,-,-,-,-,-,-,-,-,-,-,-,-,-,-,-,-,-,-,-,-,-,-,-,-,-,-,-,-,1,-,-,-,-,-,-,-,1,1,1,-,-,-,-,-,-,-,-,-,-,-,-,-,-,-,-
10400　　慢性閉塞性肺疾患　　　　　　　　　　　　　　　　　　　　　　　　　　　,総数,16629,12227,236,479,175,-,1111,2440,136,-,-,-,-,-,-,-,-,-,-,-,-,-,-,-,-,-,-,-,-,-,-,-,-,-,-,-,-,-,-,-,-,-,-,-,-,-,-,-,-,-,-,-,-,-,-,-,-,-,-,-,-,-,-,1,-,-,-,-,-,-,1,-,-,-,-,-,-,-,-,-,-,2,2,-,-,-,-,-,-,-,1,1,-,-,-,-,-,-,-,-,-,-,-,-,-,-,-,-,1,1,-,-,-,-,-,-,-,4,3,-,-,-,-,-,1,-,1,-,-,-,-,-,-,1,-,12,7,-,-,-,-,-,5,-,27,10,-,-,-,-,-,14,3,90,51,-,-,-,-,1,36,2,200,120,1,-,-,-,6,72,1
,男　Ｍ．,13950,10474,188,369,134,-,761,2047,111,-,-,-,-,-,-,-,-,-,-,-,-,-,-,-,-,-,-,-,-,-,-,-,-,-,-,-,-,-,-,-,-,-,-,-,-,-,-,-,-,-,-,-,-,-,-,-,-,-,-,-,-,-,-,-,-,-,-,-,-,-,-,-,-,-,-,-,-,-,-,-,-,-,-,-,-,-,-,-,-,-,-,-,-,-,-,-,-,-,-,-,-,-,-,-,-,-,-,-,-,-,-,-,-,-,-,-,-,3,3,-,-,-,-,-,-,-,1,-,-,-,-,-,-,1,-,9,5,-,-,-,-,-,4,-,18,8,-,-,-,-,-,8,2,79,45,-,-,-,-,1,32,1,170,104,1,-,-,-,6,58,1
,女　Ｆ．,2679,1753,48,110,41,-,350,393,25,-,-,-,-,-,-,-,-,-,-,-,-,-,-,-,-,-,-,-,-,-,-,-,-,-,-,-,-,-,-,-,-,-,-,-,-,-,-,-,-,-,-,-,-,-,-,-,-,-,-,-,-,-,-,1,-,-,-,-,-,-,1,-,-,-,-,-,-,-,-,-,-,2,2,-,-,-,-,-,-,-,1,1,-,-,-,-,-,-,-,-,-,-,-,-,-,-,-,-,1,1,-,-,-,-,-,-,-,1,-,-,-,-,-,-,1,-,-,-,-,-,-,-,-,-,-,3,2,-,-,-,-,-,1,-,9,2,-,-,-,-,-,6,1,11,6,-,-,-,-,-,4,1,30,16,-,-,-,-,-,14,-
10500　　喘息　　　　　　　　　　　　　　　　　　　　　　　　　　　　　　　　　,総数,1088,638,16,73,17,-,133,206,22,-,-,-,-,-,-,-,-,-,-,-,-,-,-,-,-,-,-,-,-,-,-,-,-,-,-,-,-,-,-,-,-,-,-,-,-,-,-,-,-,-,-,-,-,-,-,-,-,-,-,-,-,-,-,-,-,-,-,-,-,-,-,-,-,-,-,-,-,-,-,-,-,-,-,-,-,-,-,-,-,-,-,-,-,-,-,-,-,-,-,3,2,-,-,-,-,-,1,-,1,1,-,-,-,-,-,-,-,5,3,-,-,-,-,-,1,1,8,5,-,-,-,-,-,3,-,15,11,-,-,-,-,-,3,1,22,10,-,-,-,-,-,10,2,28,14,-,-,-,-,-,12,2,38,21,2,-,-,-,-,15,-
,男　Ｍ．,417,258,6,21,4,-,20,100,12,-,-,-,-,-,-,-,-,-,-,-,-,-,-,-,-,-,-,-,-,-,-,-,-,-,-,-,-,-,-,-,-,-,-,-,-,-,-,-,-,-,-,-,-,-,-,-,-,-,-,-,-,-,-,-,-,-,-,-,-,-,-,-,-,-,-,-,-,-,-,-,-,-,-,-,-,-,-,-,-,-,-,-,-,-,-,-,-,-,-,1,1,-,-,-,-,-,-,-,1,1,-,-,-,-,-,-,-,3,2,-,-,-,-,-,1,-,5,4,-,-,-,-,-,1,-,9,7,-,-,-,-,-,1,1,13,5,-,-,-,-,-,6,2,14,6,-,-,-,-,-,6,2,22,13,-,-,-,-,-,9,-
,女　Ｆ．,671,380,10,52,13,-,113,106,10,-,-,-,-,-,-,-,-,-,-,-,-,-,-,-,-,-,-,-,-,-,-,-,-,-,-,-,-,-,-,-,-,-,-,-,-,-,-,-,-,-,-,-,-,-,-,-,-,-,-,-,-,-,-,-,-,-,-,-,-,-,-,-,-,-,-,-,-,-,-,-,-,-,-,-,-,-,-,-,-,-,-,-,-,-,-,-,-,-,-,2,1,-,-,-,-,-,1,-,-,-,-,-,-,-,-,-,-,2,1,-,-,-,-,-,-,1,3,1,-,-,-,-,-,2,-,6,4,-,-,-,-,-,2,-,9,5,-,-,-,-,-,4,-,14,8,-,-,-,-,-,6,-,16,8,2,-,-,-,-,6,-
10600　　その他の呼吸器系の疾患　　　　　　　　　　　　　　　　　　　　　　　　,総数,104019,85823,1228,3215,1373,-,7129,6074,550,18,15,-,-,-,-,-,3,-,7,5,-,-,-,-,-,1,1,5,5,-,-,-,-,-,-,-,1,1,-,-,-,-,-,-,-,1,1,-,-,-,-,-,-,-,32,27,-,-,-,-,-,4,1,7,5,-,-,-,-,-,2,-,6,5,-,-,-,-,-,1,-,9,8,-,-,-,-,-,1,-,16,10,-,-,-,-,-,5,1,18,13,-,-,-,-,-,5,-,27,20,-,-,-,-,-,6,1,44,35,2,-,-,-,-,7,-,65,52,-,-,-,-,-,11,2,139,114,-,-,-,-,3,16,6,292,253,-,-,-,-,4,31,4,488,418,2,2,-,-,12,47,7,1080,946,8,10,1,-,27,78,11
,男　Ｍ．,63334,53794,710,1597,674,-,3338,3625,270,10,9,-,-,-,-,-,1,-,2,2,-,-,-,-,-,-,-,3,3,-,-,-,-,-,-,-,-,-,-,-,-,-,-,-,-,-,-,-,-,-,-,-,-,-,15,14,-,-,-,-,-,1,-,4,2,-,-,-,-,-,2,-,5,5,-,-,-,-,-,-,-,5,5,-,-,-,-,-,-,-,11,6,-,-,-,-,-,4,1,9,7,-,-,-,-,-,2,-,16,10,-,-,-,-,-,5,1,26,18,1,-,-,-,-,7,-,41,35,-,-,-,-,-,6,-,104,86,-,-,-,-,3,12,3,214,184,-,-,-,-,4,23,3,380,320,2,2,-,-,10,39,7,823,722,6,8,1,-,25,55,7
,女　Ｆ．,40685,32029,518,1618,699,-,3791,2449,280,8,6,-,-,-,-,-,2,-,5,3,-,-,-,-,-,1,1,2,2,-,-,-,-,-,-,-,1,1,-,-,-,-,-,-,-,1,1,-,-,-,-,-,-,-,17,13,-,-,-,-,-,3,1,3,3,-,-,-,-,-,-,-,1,-,-,-,-,-,-,1,-,4,3,-,-,-,-,-,1,-,5,4,-,-,-,-,-,1,-,9,6,-,-,-,-,-,3,-,11,10,-,-,-,-,-,1,-,18,17,1,-,-,-,-,-,-,24,17,-,-,-,-,-,5,2,35,28,-,-,-,-,-,4,3,78,69,-,-,-,-,-,8,1,108,98,-,-,-,-,2,8,-,257,224,2,2,-,-,2,23,4
10601　　　誤嚥性肺炎　　　　　　　　　　　　　　　　　　　　　　　　　　　　　,総数,63667,52788,780,2312,1044,-,4922,2539,326,1,1,-,-,-,-,-,-,-,-,-,-,-,-,-,-,-,-,-,-,-,-,-,-,-,-,-,-,-,-,-,-,-,-,-,-,-,-,-,-,-,-,-,-,-,1,1,-,-,-,-,-,-,-,1,1,-,-,-,-,-,-,-,1,-,-,-,-,-,-,1,-,-,-,-,-,-,-,-,-,-,-,-,-,-,-,-,-,-,-,1,1,-,-,-,-,-,-,-,6,5,-,-,-,-,-,1,-,11,10,1,-,-,-,-,-,-,20,19,-,-,-,-,-,1,-,37,35,-,-,-,-,1,1,-,104,95,-,-,-,-,3,6,-,185,162,1,2,-,-,10,7,3,390,349,4,8,1,-,16,12,1
,男　Ｍ．,37905,32308,450,1201,529,-,2424,1368,154,1,1,-,-,-,-,-,-,-,-,-,-,-,-,-,-,-,-,-,-,-,-,-,-,-,-,-,-,-,-,-,-,-,-,-,-,-,-,-,-,-,-,-,-,-,1,1,-,-,-,-,-,-,-,1,1,-,-,-,-,-,-,-,-,-,-,-,-,-,-,-,-,-,-,-,-,-,-,-,-,-,-,-,-,-,-,-,-,-,-,-,-,-,-,-,-,-,-,-,1,1,-,-,-,-,-,-,-,6,6,-,-,-,-,-,-,-,11,10,-,-,-,-,-,1,-,29,27,-,-,-,-,1,1,-,77,70,-,-,-,-,3,4,-,143,123,1,2,-,-,8,6,3,304,267,3,6,1,-,16,11,1
,女　Ｆ．,25762,20480,330,1111,515,-,2498,1171,172,-,-,-,-,-,-,-,-,-,-,-,-,-,-,-,-,-,-,-,-,-,-,-,-,-,-,-,-,-,-,-,-,-,-,-,-,-,-,-,-,-,-,-,-,-,-,-,-,-,-,-,-,-,-,-,-,-,-,-,-,-,-,-,1,-,-,-,-,-,-,1,-,-,-,-,-,-,-,-,-,-,-,-,-,-,-,-,-,-,-,1,1,-,-,-,-,-,-,-,5,4,-,-,-,-,-,1,-,5,4,1,-,-,-,-,-,-,9,9,-,-,-,-,-,-,-,8,8,-,-,-,-,-,-,-,27,25,-,-,-,-,-,2,-,42,39,-,-,-,-,2,1,-,86,82,1,2,-,-,-,1,-
10602　　　間質性肺疾患　　　　　　　　　　　　　　　　　　　　　　　　　　　　,総数,24395,20687,243,274,101,-,836,2267,88,-,-,-,-,-,-,-,-,-,1,1,-,-,-,-,-,-,-,-,-,-,-,-,-,-,-,-,-,-,-,-,-,-,-,-,-,1,1,-,-,-,-,-,-,-,2,2,-,-,-,-,-,-,-,-,-,-,-,-,-,-,-,-,1,1,-,-,-,-,-,-,-,1,1,-,-,-,-,-,-,-,-,-,-,-,-,-,-,-,-,2,2,-,-,-,-,-,-,-,3,2,-,-,-,-,-,1,-,6,6,-,-,-,-,-,-,-,13,9,-,-,-,-,-,3,1,37,32,-,-,-,-,-,4,1,86,77,-,-,-,-,1,7,1,154,134,1,-,-,-,1,17,1,412,361,2,-,-,-,5,38,6
,男　Ｍ．,16024,13892,140,110,38,-,373,1468,41,-,-,-,-,-,-,-,-,-,-,-,-,-,-,-,-,-,-,-,-,-,-,-,-,-,-,-,-,-,-,-,-,-,-,-,-,-,-,-,-,-,-,-,-,-,-,-,-,-,-,-,-,-,-,-,-,-,-,-,-,-,-,-,1,1,-,-,-,-,-,-,-,-,-,-,-,-,-,-,-,-,-,-,-,-,-,-,-,-,-,2,2,-,-,-,-,-,-,-,3,2,-,-,-,-,-,1,-,3,3,-,-,-,-,-,-,-,6,5,-,-,-,-,-,1,-,28,26,-,-,-,-,-,2,-,66,59,-,-,-,-,1,6,-,123,107,1,-,-,-,1,13,1,322,287,2,-,-,-,4,25,4
,女　Ｆ．,8371,6795,103,164,63,-,463,799,47,-,-,-,-,-,-,-,-,-,1,1,-,-,-,-,-,-,-,-,-,-,-,-,-,-,-,-,-,-,-,-,-,-,-,-,-,1,1,-,-,-,-,-,-,-,2,2,-,-,-,-,-,-,-,-,-,-,-,-,-,-,-,-,-,-,-,-,-,-,-,-,-,1,1,-,-,-,-,-,-,-,-,-,-,-,-,-,-,-,-,-,-,-,-,-,-,-,-,-,-,-,-,-,-,-,-,-,-,3,3,-,-,-,-,-,-,-,7,4,-,-,-,-,-,2,1,9,6,-,-,-,-,-,2,1,20,18,-,-,-,-,-,1,1,31,27,-,-,-,-,-,4,-,90,74,-,-,-,-,1,13,2
10603　　　その他の呼吸器系の疾患（10601及び10602を除く）　　　　　　　　　　　,総数,15957,12348,205,629,228,-,1371,1268,136,17,14,-,-,-,-,-,3,-,6,4,-,-,-,-,-,1,1,5,5,-,-,-,-,-,-,-,1,1,-,-,-,-,-,-,-,-,-,-,-,-,-,-,-,-,29,24,-,-,-,-,-,4,1,6,4,-,-,-,-,-,2,-,4,4,-,-,-,-,-,-,-,8,7,-,-,-,-,-,1,-,16,10,-,-,-,-,-,5,1,15,10,-,-,-,-,-,5,-,18,13,-,-,-,-,-,4,1,27,19,1,-,-,-,-,7,-,32,24,-,-,-,-,-,7,1,65,47,-,-,-,-,2,11,5,102,81,-,-,-,-,-,18,3,149,122,-,-,-,-,1,23,3,278,236,2,2,-,-,6,28,4
,男　Ｍ．,9405,7594,120,286,107,-,541,789,75,9,8,-,-,-,-,-,1,-,2,2,-,-,-,-,-,-,-,3,3,-,-,-,-,-,-,-,-,-,-,-,-,-,-,-,-,-,-,-,-,-,-,-,-,-,14,13,-,-,-,-,-,1,-,3,1,-,-,-,-,-,2,-,4,4,-,-,-,-,-,-,-,5,5,-,-,-,-,-,-,-,11,6,-,-,-,-,-,4,1,7,5,-,-,-,-,-,2,-,12,7,-,-,-,-,-,4,1,17,9,1,-,-,-,-,7,-,24,20,-,-,-,-,-,4,-,47,33,-,-,-,-,2,9,3,71,55,-,-,-,-,-,13,3,114,90,-,-,-,-,1,20,3,197,168,1,2,-,-,5,19,2
,女　Ｆ．,6552,4754,85,343,121,-,830,479,61,8,6,-,-,-,-,-,2,-,4,2,-,-,-,-,-,1,1,2,2,-,-,-,-,-,-,-,1,1,-,-,-,-,-,-,-,-,-,-,-,-,-,-,-,-,15,11,-,-,-,-,-,3,1,3,3,-,-,-,-,-,-,-,-,-,-,-,-,-,-,-,-,3,2,-,-,-,-,-,1,-,5,4,-,-,-,-,-,1,-,8,5,-,-,-,-,-,3,-,6,6,-,-,-,-,-,-,-,10,10,-,-,-,-,-,-,-,8,4,-,-,-,-,-,3,1,18,14,-,-,-,-,-,2,2,31,26,-,-,-,-,-,5,-,35,32,-,-,-,-,-,3,-,81,68,1,-,-,-,1,9,2
11000　消化器系の疾患　　　　　　　　　　　　　　　　　　　　　　　　　　　　　,総数,59726,48855,538,1258,486,-,2433,6261,381,32,32,-,-,-,-,-,-,-,8,8,-,-,-,-,-,-,-,7,5,-,-,-,-,-,2,-,2,2,-,-,-,-,-,-,-,4,4,-,-,-,-,-,-,-,53,51,-,-,-,-,-,2,-,4,4,-,-,-,-,-,-,-,11,10,-,-,-,-,-,1,-,17,16,-,-,-,-,-,1,-,28,23,-,-,-,-,1,4,-,51,36,-,-,-,-,-,14,1,109,81,-,-,-,-,-,25,3,241,170,-,-,-,-,-,68,3,484,342,-,-,-,-,1,137,4,932,656,2,-,-,-,-,251,23,1591,1141,4,-,-,-,2,424,20,2035,1438,9,2,2,-,12,540,34,2599,1910,16,9,6,-,17,620,27
,男　Ｍ．,32239,26115,258,431,177,-,856,4352,227,20,20,-,-,-,-,-,-,-,5,5,-,-,-,-,-,-,-,3,3,-,-,-,-,-,-,-,-,-,-,-,-,-,-,-,-,3,3,-,-,-,-,-,-,-,31,31,-,-,-,-,-,-,-,2,2,-,-,-,-,-,-,-,5,4,-,-,-,-,-,1,-,12,11,-,-,-,-,-,1,-,16,13,-,-,-,-,1,2,-,29,19,-,-,-,-,-,10,-,79,54,-,-,-,-,-,22,3,164,110,-,-,-,-,-,52,2,345,243,-,-,-,-,-,99,3,692,463,2,-,-,-,-,210,17,1220,848,2,-,-,-,2,352,16,1616,1106,8,1,1,-,7,462,32,2008,1438,12,4,2,-,12,522,20
,女　Ｆ．,27487,22740,280,827,309,-,1577,1909,154,12,12,-,-,-,-,-,-,-,3,3,-,-,-,-,-,-,-,4,2,-,-,-,-,-,2,-,2,2,-,-,-,-,-,-,-,1,1,-,-,-,-,-,-,-,22,20,-,-,-,-,-,2,-,2,2,-,-,-,-,-,-,-,6,6,-,-,-,-,-,-,-,5,5,-,-,-,-,-,-,-,12,10,-,-,-,-,-,2,-,22,17,-,-,-,-,-,4,1,30,27,-,-,-,-,-,3,-,77,60,-,-,-,-,-,16,1,139,99,-,-,-,-,1,38,1,240,193,-,-,-,-,-,41,6,371,293,2,-,-,-,-,72,4,419,332,1,1,1,-,5,78,2,591,472,4,5,4,-,5,98,7
11100　　胃潰瘍及び十二指腸潰瘍　　　　　　　　　　　　　　　　　　　　　　　　,総数,2507,2003,18,42,16,-,86,338,20,-,-,-,-,-,-,-,-,-,-,-,-,-,-,-,-,-,-,1,1,-,-,-,-,-,-,-,-,-,-,-,-,-,-,-,-,-,-,-,-,-,-,-,-,-,1,1,-,-,-,-,-,-,-,-,-,-,-,-,-,-,-,-,-,-,-,-,-,-,-,-,-,-,-,-,-,-,-,-,-,-,-,-,-,-,-,-,-,-,-,3,1,-,-,-,-,-,2,-,2,2,-,-,-,-,-,-,-,4,2,-,-,-,-,-,2,-,12,8,-,-,-,-,-,4,-,22,14,-,-,-,-,-,6,2,30,18,-,-,-,-,-,12,-,51,27,1,-,-,-,-,19,4,81,49,1,1,1,-,-,29,1
,男　Ｍ．,1475,1177,10,20,6,-,28,225,15,-,-,-,-,-,-,-,-,-,-,-,-,-,-,-,-,-,-,-,-,-,-,-,-,-,-,-,-,-,-,-,-,-,-,-,-,-,-,-,-,-,-,-,-,-,-,-,-,-,-,-,-,-,-,-,-,-,-,-,-,-,-,-,-,-,-,-,-,-,-,-,-,-,-,-,-,-,-,-,-,-,-,-,-,-,-,-,-,-,-,2,-,-,-,-,-,-,2,-,2,2,-,-,-,-,-,-,-,2,-,-,-,-,-,-,2,-,9,6,-,-,-,-,-,3,-,19,13,-,-,-,-,-,4,2,26,16,-,-,-,-,-,10,-,42,22,1,-,-,-,-,15,4,68,43,1,-,-,-,-,23,1
,女　Ｆ．,1032,826,8,22,10,-,58,113,5,-,-,-,-,-,-,-,-,-,-,-,-,-,-,-,-,-,-,1,1,-,-,-,-,-,-,-,-,-,-,-,-,-,-,-,-,-,-,-,-,-,-,-,-,-,1,1,-,-,-,-,-,-,-,-,-,-,-,-,-,-,-,-,-,-,-,-,-,-,-,-,-,-,-,-,-,-,-,-,-,-,-,-,-,-,-,-,-,-,-,1,1,-,-,-,-,-,-,-,-,-,-,-,-,-,-,-,-,2,2,-,-,-,-,-,-,-,3,2,-,-,-,-,-,1,-,3,1,-,-,-,-,-,2,-,4,2,-,-,-,-,-,2,-,9,5,-,-,-,-,-,4,-,13,6,-,1,1,-,-,6,-
11200　　ヘルニア及び腸閉塞　　　　　　　　　　　　　　　　　　　　　　　　　　,総数,8529,7597,75,209,97,-,290,335,23,3,3,-,-,-,-,-,-,-,2,2,-,-,-,-,-,-,-,3,1,-,-,-,-,-,2,-,1,1,-,-,-,-,-,-,-,1,1,-,-,-,-,-,-,-,10,8,-,-,-,-,-,2,-,3,3,-,-,-,-,-,-,-,3,3,-,-,-,-,-,-,-,4,4,-,-,-,-,-,-,-,7,7,-,-,-,-,-,-,-,10,10,-,-,-,-,-,-,-,10,7,-,-,-,-,-,2,1,9,8,-,-,-,-,-,1,-,20,18,-,-,-,-,-,2,-,34,28,-,-,-,-,-,4,2,75,68,-,-,-,-,-,7,-,97,84,-,-,-,-,2,10,1,136,120,-,-,-,-,-,14,2
,男　Ｍ．,4145,3761,27,73,33,-,101,173,10,2,2,-,-,-,-,-,-,-,1,1,-,-,-,-,-,-,-,1,1,-,-,-,-,-,-,-,-,-,-,-,-,-,-,-,-,-,-,-,-,-,-,-,-,-,4,4,-,-,-,-,-,-,-,1,1,-,-,-,-,-,-,-,1,1,-,-,-,-,-,-,-,4,4,-,-,-,-,-,-,-,2,2,-,-,-,-,-,-,-,6,6,-,-,-,-,-,-,-,8,5,-,-,-,-,-,2,1,5,4,-,-,-,-,-,1,-,14,13,-,-,-,-,-,1,-,22,16,-,-,-,-,-,4,2,52,49,-,-,-,-,-,3,-,73,62,-,-,-,-,2,9,-,89,79,-,-,-,-,-,9,1
,女　Ｆ．,4384,3836,48,136,64,-,189,162,13,1,1,-,-,-,-,-,-,-,1,1,-,-,-,-,-,-,-,2,-,-,-,-,-,-,2,-,1,1,-,-,-,-,-,-,-,1,1,-,-,-,-,-,-,-,6,4,-,-,-,-,-,2,-,2,2,-,-,-,-,-,-,-,2,2,-,-,-,-,-,-,-,-,-,-,-,-,-,-,-,-,5,5,-,-,-,-,-,-,-,4,4,-,-,-,-,-,-,-,2,2,-,-,-,-,-,-,-,4,4,-,-,-,-,-,-,-,6,5,-,-,-,-,-,1,-,12,12,-,-,-,-,-,-,-,23,19,-,-,-,-,-,4,-,24,22,-,-,-,-,-,1,1,47,41,-,-,-,-,-,5,1
11300　　肝疾患　　　　　　　　　　　　　　　　　　　　　　　　　　　　　　　　,総数,18858,14268,175,259,95,-,735,3261,160,7,7,-,-,-,-,-,-,-,-,-,-,-,-,-,-,-,-,1,1,-,-,-,-,-,-,-,-,-,-,-,-,-,-,-,-,1,1,-,-,-,-,-,-,-,9,9,-,-,-,-,-,-,-,-,-,-,-,-,-,-,-,-,-,-,-,-,-,-,-,-,-,3,2,-,-,-,-,-,1,-,5,3,-,-,-,-,-,2,-,19,14,-,-,-,-,-,4,1,61,45,-,-,-,-,-,14,2,169,117,-,-,-,-,-,50,2,367,252,-,-,-,-,1,111,3,716,506,2,-,-,-,-,194,14,1191,845,4,-,-,-,1,331,10,1474,1028,7,2,2,-,6,409,22,1718,1246,12,3,1,-,11,431,15
,男　Ｍ．,12285,9091,106,111,47,-,314,2548,115,4,4,-,-,-,-,-,-,-,-,-,-,-,-,-,-,-,-,1,1,-,-,-,-,-,-,-,-,-,-,-,-,-,-,-,-,1,1,-,-,-,-,-,-,-,6,6,-,-,-,-,-,-,-,-,-,-,-,-,-,-,-,-,-,-,-,-,-,-,-,-,-,2,1,-,-,-,-,-,1,-,2,1,-,-,-,-,-,1,-,11,7,-,-,-,-,-,4,-,41,27,-,-,-,-,-,12,2,117,80,-,-,-,-,-,36,1,264,182,-,-,-,-,-,80,2,535,362,2,-,-,-,-,161,10,929,639,2,-,-,-,1,279,8,1193,806,6,1,1,-,2,357,21,1373,968,9,2,-,-,9,374,11
,女　Ｆ．,6573,5177,69,148,48,-,421,713,45,3,3,-,-,-,-,-,-,-,-,-,-,-,-,-,-,-,-,-,-,-,-,-,-,-,-,-,-,-,-,-,-,-,-,-,-,-,-,-,-,-,-,-,-,-,3,3,-,-,-,-,-,-,-,-,-,-,-,-,-,-,-,-,-,-,-,-,-,-,-,-,-,1,1,-,-,-,-,-,-,-,3,2,-,-,-,-,-,1,-,8,7,-,-,-,-,-,-,1,20,18,-,-,-,-,-,2,-,52,37,-,-,-,-,-,14,1,103,70,-,-,-,-,1,31,1,181,144,-,-,-,-,-,33,4,262,206,2,-,-,-,-,52,2,281,222,1,1,1,-,4,52,1,345,278,3,1,1,-,2,57,4
11301　　　肝硬変（アルコール性を除く）　　　　　　　　　　　　　　　　　　　　,総数,8515,6541,106,136,52,-,451,1213,68,-,-,-,-,-,-,-,-,-,-,-,-,-,-,-,-,-,-,-,-,-,-,-,-,-,-,-,-,-,-,-,-,-,-,-,-,-,-,-,-,-,-,-,-,-,-,-,-,-,-,-,-,-,-,-,-,-,-,-,-,-,-,-,-,-,-,-,-,-,-,-,-,2,1,-,-,-,-,-,1,-,-,-,-,-,-,-,-,-,-,1,1,-,-,-,-,-,-,-,13,9,-,-,-,-,-,4,-,46,32,-,-,-,-,-,12,2,88,62,-,-,-,-,-,26,-,195,143,1,-,-,-,-,49,2,340,236,3,-,-,-,1,96,4,479,342,2,1,1,-,2,128,4,601,459,5,2,-,-,6,125,4
,男　Ｍ．,4636,3489,57,50,19,-,165,832,43,-,-,-,-,-,-,-,-,-,-,-,-,-,-,-,-,-,-,-,-,-,-,-,-,-,-,-,-,-,-,-,-,-,-,-,-,-,-,-,-,-,-,-,-,-,-,-,-,-,-,-,-,-,-,-,-,-,-,-,-,-,-,-,-,-,-,-,-,-,-,-,-,2,1,-,-,-,-,-,1,-,-,-,-,-,-,-,-,-,-,1,1,-,-,-,-,-,-,-,9,5,-,-,-,-,-,4,-,30,20,-,-,-,-,-,9,1,64,45,-,-,-,-,-,19,-,139,99,1,-,-,-,-,39,-,269,179,1,-,-,-,1,85,3,356,244,2,1,1,-,-,105,4,457,336,4,2,-,-,5,107,3
,女　Ｆ．,3879,3052,49,86,33,-,286,381,25,-,-,-,-,-,-,-,-,-,-,-,-,-,-,-,-,-,-,-,-,-,-,-,-,-,-,-,-,-,-,-,-,-,-,-,-,-,-,-,-,-,-,-,-,-,-,-,-,-,-,-,-,-,-,-,-,-,-,-,-,-,-,-,-,-,-,-,-,-,-,-,-,-,-,-,-,-,-,-,-,-,-,-,-,-,-,-,-,-,-,-,-,-,-,-,-,-,-,-,4,4,-,-,-,-,-,-,-,16,12,-,-,-,-,-,3,1,24,17,-,-,-,-,-,7,-,56,44,-,-,-,-,-,10,2,71,57,2,-,-,-,-,11,1,123,98,-,-,-,-,2,23,-,144,123,1,-,-,-,1,18,1
11302　　　その他の肝疾患　　　　　　　　　　　　　　　　　　　　　　　　　　　,総数,10343,7727,69,123,43,-,284,2048,92,7,7,-,-,-,-,-,-,-,-,-,-,-,-,-,-,-,-,1,1,-,-,-,-,-,-,-,-,-,-,-,-,-,-,-,-,1,1,-,-,-,-,-,-,-,9,9,-,-,-,-,-,-,-,-,-,-,-,-,-,-,-,-,-,-,-,-,-,-,-,-,-,1,1,-,-,-,-,-,-,-,5,3,-,-,-,-,-,2,-,18,13,-,-,-,-,-,4,1,48,36,-,-,-,-,-,10,2,123,85,-,-,-,-,-,38,-,279,190,-,-,-,-,1,85,3,521,363,1,-,-,-,-,145,12,851,609,1,-,-,-,-,235,6,995,686,5,1,1,-,4,281,18,1117,787,7,1,1,-,5,306,11
,男　Ｍ．,7649,5602,49,61,28,-,149,1716,72,4,4,-,-,-,-,-,-,-,-,-,-,-,-,-,-,-,-,1,1,-,-,-,-,-,-,-,-,-,-,-,-,-,-,-,-,1,1,-,-,-,-,-,-,-,6,6,-,-,-,-,-,-,-,-,-,-,-,-,-,-,-,-,-,-,-,-,-,-,-,-,-,-,-,-,-,-,-,-,-,-,2,1,-,-,-,-,-,1,-,10,6,-,-,-,-,-,4,-,32,22,-,-,-,-,-,8,2,87,60,-,-,-,-,-,27,-,200,137,-,-,-,-,-,61,2,396,263,1,-,-,-,-,122,10,660,460,1,-,-,-,-,194,5,837,562,4,-,-,-,2,252,17,916,632,5,-,-,-,4,267,8
,女　Ｆ．,2694,2125,20,62,15,-,135,332,20,3,3,-,-,-,-,-,-,-,-,-,-,-,-,-,-,-,-,-,-,-,-,-,-,-,-,-,-,-,-,-,-,-,-,-,-,-,-,-,-,-,-,-,-,-,3,3,-,-,-,-,-,-,-,-,-,-,-,-,-,-,-,-,-,-,-,-,-,-,-,-,-,1,1,-,-,-,-,-,-,-,3,2,-,-,-,-,-,1,-,8,7,-,-,-,-,-,-,1,16,14,-,-,-,-,-,2,-,36,25,-,-,-,-,-,11,-,79,53,-,-,-,-,1,24,1,125,100,-,-,-,-,-,23,2,191,149,-,-,-,-,-,41,1,158,124,1,1,1,-,2,29,1,201,155,2,1,1,-,1,39,3
11400　　その他の消化器系の疾患　　　　　　　　　　　　　　　　　　　　　　　　,総数,29832,24987,270,748,278,-,1322,2327,178,22,22,-,-,-,-,-,-,-,6,6,-,-,-,-,-,-,-,2,2,-,-,-,-,-,-,-,1,1,-,-,-,-,-,-,-,2,2,-,-,-,-,-,-,-,33,33,-,-,-,-,-,-,-,1,1,-,-,-,-,-,-,-,8,7,-,-,-,-,-,1,-,10,10,-,-,-,-,-,-,-,16,13,-,-,-,-,1,2,-,19,11,-,-,-,-,-,8,-,36,27,-,-,-,-,-,9,-,59,43,-,-,-,-,-,15,1,85,64,-,-,-,-,-,20,1,160,108,-,-,-,-,-,47,5,295,210,-,-,-,-,1,74,10,413,299,1,-,-,-,4,102,7,664,495,3,5,4,-,6,146,9
,男　Ｍ．,14334,12086,115,227,91,-,413,1406,87,14,14,-,-,-,-,-,-,-,4,4,-,-,-,-,-,-,-,1,1,-,-,-,-,-,-,-,-,-,-,-,-,-,-,-,-,2,2,-,-,-,-,-,-,-,21,21,-,-,-,-,-,-,-,1,1,-,-,-,-,-,-,-,4,3,-,-,-,-,-,1,-,6,6,-,-,-,-,-,-,-,12,10,-,-,-,-,1,1,-,10,6,-,-,-,-,-,4,-,28,20,-,-,-,-,-,8,-,40,26,-,-,-,-,-,13,1,58,42,-,-,-,-,-,15,1,116,72,-,-,-,-,-,41,3,213,144,-,-,-,-,1,60,8,308,216,1,-,-,-,3,81,7,478,348,2,2,2,-,3,116,7
,女　Ｆ．,15498,12901,155,521,187,-,909,921,91,8,8,-,-,-,-,-,-,-,2,2,-,-,-,-,-,-,-,1,1,-,-,-,-,-,-,-,1,1,-,-,-,-,-,-,-,-,-,-,-,-,-,-,-,-,12,12,-,-,-,-,-,-,-,-,-,-,-,-,-,-,-,-,4,4,-,-,-,-,-,-,-,4,4,-,-,-,-,-,-,-,4,3,-,-,-,-,-,1,-,9,5,-,-,-,-,-,4,-,8,7,-,-,-,-,-,1,-,19,17,-,-,-,-,-,2,-,27,22,-,-,-,-,-,5,-,44,36,-,-,-,-,-,6,2,82,66,-,-,-,-,-,14,2,105,83,-,-,-,-,1,21,-,186,147,1,3,2,-,3,30,2
12000　皮膚及び皮下組織の疾患　　　　　　　　　　　　　　　　　　　　　　　　　,総数,3943,3099,43,103,30,-,375,298,25,-,-,-,-,-,-,-,-,-,-,-,-,-,-,-,-,-,-,-,-,-,-,-,-,-,-,-,2,2,-,-,-,-,-,-,-,-,-,-,-,-,-,-,-,-,2,2,-,-,-,-,-,-,-,-,-,-,-,-,-,-,-,-,1,1,-,-,-,-,-,-,-,-,-,-,-,-,-,-,-,-,-,-,-,-,-,-,-,-,-,-,-,-,-,-,-,-,-,-,3,2,-,-,-,-,-,1,-,11,9,-,-,-,-,-,1,1,6,6,-,-,-,-,-,-,-,20,14,-,-,-,-,-,5,1,50,45,-,-,-,-,-,5,-,63,54,-,-,-,-,1,8,-,93,81,1,-,-,-,5,5,1
,男　Ｍ．,1655,1362,19,29,9,-,132,102,11,-,-,-,-,-,-,-,-,-,-,-,-,-,-,-,-,-,-,-,-,-,-,-,-,-,-,-,2,2,-,-,-,-,-,-,-,-,-,-,-,-,-,-,-,-,2,2,-,-,-,-,-,-,-,-,-,-,-,-,-,-,-,-,-,-,-,-,-,-,-,-,-,-,-,-,-,-,-,-,-,-,-,-,-,-,-,-,-,-,-,-,-,-,-,-,-,-,-,-,2,1,-,-,-,-,-,1,-,10,8,-,-,-,-,-,1,1,4,4,-,-,-,-,-,-,-,12,9,-,-,-,-,-,2,1,36,33,-,-,-,-,-,3,-,39,33,-,-,-,-,1,5,-,59,49,1,-,-,-,5,3,1
,女　Ｆ．,2288,1737,24,74,21,-,243,196,14,-,-,-,-,-,-,-,-,-,-,-,-,-,-,-,-,-,-,-,-,-,-,-,-,-,-,-,-,-,-,-,-,-,-,-,-,-,-,-,-,-,-,-,-,-,-,-,-,-,-,-,-,-,-,-,-,-,-,-,-,-,-,-,1,1,-,-,-,-,-,-,-,-,-,-,-,-,-,-,-,-,-,-,-,-,-,-,-,-,-,-,-,-,-,-,-,-,-,-,1,1,-,-,-,-,-,-,-,1,1,-,-,-,-,-,-,-,2,2,-,-,-,-,-,-,-,8,5,-,-,-,-,-,3,-,14,12,-,-,-,-,-,2,-,24,21,-,-,-,-,-,3,-,34,32,-,-,-,-,-,2,-
13000　筋骨格系及び結合組織の疾患　　　　　　　　　　　　　　　　　　　　　　　,総数,11120,8474,173,393,138,-,991,1021,68,1,1,-,-,-,-,-,-,-,-,-,-,-,-,-,-,-,-,2,2,-,-,-,-,-,-,-,1,-,-,-,-,-,-,1,-,-,-,-,-,-,-,-,-,-,4,3,-,-,-,-,-,1,-,1,1,-,-,-,-,-,-,-,3,3,-,-,-,-,-,-,-,3,3,-,-,-,-,-,-,-,6,6,-,-,-,-,-,-,-,7,7,-,-,-,-,-,-,-,5,5,-,-,-,-,-,-,-,24,20,-,-,-,-,-,4,-,35,28,-,-,-,-,-,7,-,59,54,-,-,-,-,-,5,-,106,93,-,-,-,-,-,12,1,183,156,-,-,-,-,4,23,-,294,254,1,2,1,-,6,31,-
,男　Ｍ．,4669,3868,60,94,43,-,257,367,23,1,1,-,-,-,-,-,-,-,-,-,-,-,-,-,-,-,-,1,1,-,-,-,-,-,-,-,1,-,-,-,-,-,-,1,-,-,-,-,-,-,-,-,-,-,3,2,-,-,-,-,-,1,-,1,1,-,-,-,-,-,-,-,2,2,-,-,-,-,-,-,-,1,1,-,-,-,-,-,-,-,4,4,-,-,-,-,-,-,-,4,4,-,-,-,-,-,-,-,-,-,-,-,-,-,-,-,-,10,7,-,-,-,-,-,3,-,16,13,-,-,-,-,-,3,-,36,34,-,-,-,-,-,2,-,65,57,-,-,-,-,-,8,-,105,90,-,-,-,-,2,13,-,156,133,-,2,1,-,1,20,-
,女　Ｆ．,6451,4606,113,299,95,-,734,654,45,-,-,-,-,-,-,-,-,-,-,-,-,-,-,-,-,-,-,1,1,-,-,-,-,-,-,-,-,-,-,-,-,-,-,-,-,-,-,-,-,-,-,-,-,-,1,1,-,-,-,-,-,-,-,-,-,-,-,-,-,-,-,-,1,1,-,-,-,-,-,-,-,2,2,-,-,-,-,-,-,-,2,2,-,-,-,-,-,-,-,3,3,-,-,-,-,-,-,-,5,5,-,-,-,-,-,-,-,14,13,-,-,-,-,-,1,-,19,15,-,-,-,-,-,4,-,23,20,-,-,-,-,-,3,-,41,36,-,-,-,-,-,4,1,78,66,-,-,-,-,2,10,-,138,121,1,-,-,-,5,11,-
14000　腎尿路生殖器系の疾患　　　　　　　　　　　　　　　　　　　　　　　　　　,総数,50434,39719,1050,1938,717,-,3814,3568,345,2,2,-,-,-,-,-,-,-,1,1,-,-,-,-,-,-,-,-,-,-,-,-,-,-,-,-,2,2,-,-,-,-,-,-,-,1,1,-,-,-,-,-,-,-,6,6,-,-,-,-,-,-,-,4,3,-,-,-,-,-,1,-,1,-,-,-,-,-,-,1,-,7,6,-,-,-,-,-,1,-,5,4,-,-,-,-,-,1,-,9,5,-,-,-,-,-,3,1,16,11,-,-,-,-,-,4,1,32,26,-,-,-,-,-,6,-,40,35,-,-,-,-,-,3,2,93,73,-,2,1,-,-,17,1,245,189,-,1,1,-,4,48,3,393,316,4,6,5,-,7,56,4,657,552,13,7,4,-,19,60,6
,男　Ｍ．,24130,19356,497,700,240,-,1454,1970,153,-,-,-,-,-,-,-,-,-,-,-,-,-,-,-,-,-,-,-,-,-,-,-,-,-,-,-,-,-,-,-,-,-,-,-,-,1,1,-,-,-,-,-,-,-,1,1,-,-,-,-,-,-,-,4,3,-,-,-,-,-,1,-,1,-,-,-,-,-,-,1,-,3,3,-,-,-,-,-,-,-,4,3,-,-,-,-,-,1,-,4,3,-,-,-,-,-,1,-,8,6,-,-,-,-,-,1,1,25,20,-,-,-,-,-,5,-,21,21,-,-,-,-,-,-,-,67,53,-,2,1,-,-,12,-,164,127,-,-,-,-,4,30,3,287,232,2,4,4,-,6,40,3,466,385,11,4,3,-,15,46,5
,女　Ｆ．,26304,20363,553,1238,477,-,2360,1598,192,2,2,-,-,-,-,-,-,-,1,1,-,-,-,-,-,-,-,-,-,-,-,-,-,-,-,-,2,2,-,-,-,-,-,-,-,-,-,-,-,-,-,-,-,-,5,5,-,-,-,-,-,-,-,-,-,-,-,-,-,-,-,-,-,-,-,-,-,-,-,-,-,4,3,-,-,-,-,-,1,-,1,1,-,-,-,-,-,-,-,5,2,-,-,-,-,-,2,1,8,5,-,-,-,-,-,3,-,7,6,-,-,-,-,-,1,-,19,14,-,-,-,-,-,3,2,26,20,-,-,-,-,-,5,1,81,62,-,1,1,-,-,18,-,106,84,2,2,1,-,1,16,1,191,167,2,3,1,-,4,14,1
14100　　糸球体疾患及び腎尿細管間質性疾患　　　　　　　　　　　　　　　　　　　,総数,5946,4930,96,189,80,-,413,283,35,1,1,-,-,-,-,-,-,-,1,1,-,-,-,-,-,-,-,-,-,-,-,-,-,-,-,-,2,2,-,-,-,-,-,-,-,1,1,-,-,-,-,-,-,-,5,5,-,-,-,-,-,-,-,1,-,-,-,-,-,-,1,-,-,-,-,-,-,-,-,-,-,2,2,-,-,-,-,-,-,-,2,1,-,-,-,-,-,1,-,4,1,-,-,-,-,-,2,1,4,2,-,-,-,-,-,1,1,5,4,-,-,-,-,-,1,-,8,7,-,-,-,-,-,-,1,18,15,-,1,-,-,-,2,-,31,21,-,-,-,-,1,9,-,40,35,1,-,-,-,-,4,-,81,70,-,-,-,-,1,10,-
,男　Ｍ．,2330,1967,33,56,19,-,121,139,14,-,-,-,-,-,-,-,-,-,-,-,-,-,-,-,-,-,-,-,-,-,-,-,-,-,-,-,-,-,-,-,-,-,-,-,-,1,1,-,-,-,-,-,-,-,1,1,-,-,-,-,-,-,-,1,-,-,-,-,-,-,1,-,-,-,-,-,-,-,-,-,-,-,-,-,-,-,-,-,-,-,1,-,-,-,-,-,-,1,-,2,1,-,-,-,-,-,1,-,2,1,-,-,-,-,-,-,1,4,3,-,-,-,-,-,1,-,4,4,-,-,-,-,-,-,-,12,9,-,1,-,-,-,2,-,15,12,-,-,-,-,1,2,-,26,23,1,-,-,-,-,2,-,58,49,-,-,-,-,1,8,-
,女　Ｆ．,3616,2963,63,133,61,-,292,144,21,1,1,-,-,-,-,-,-,-,1,1,-,-,-,-,-,-,-,-,-,-,-,-,-,-,-,-,2,2,-,-,-,-,-,-,-,-,-,-,-,-,-,-,-,-,4,4,-,-,-,-,-,-,-,-,-,-,-,-,-,-,-,-,-,-,-,-,-,-,-,-,-,2,2,-,-,-,-,-,-,-,1,1,-,-,-,-,-,-,-,2,-,-,-,-,-,-,1,1,2,1,-,-,-,-,-,1,-,1,1,-,-,-,-,-,-,-,4,3,-,-,-,-,-,-,1,6,6,-,-,-,-,-,-,-,16,9,-,-,-,-,-,7,-,14,12,-,-,-,-,-,2,-,23,21,-,-,-,-,-,2,-
14200　　腎不全　　　　　　　　　　　　　　　　　　　　　　　　　　　　　　　　,総数,29665,22236,815,1214,437,-,2520,2642,238,1,1,-,-,-,-,-,-,-,-,-,-,-,-,-,-,-,-,-,-,-,-,-,-,-,-,-,-,-,-,-,-,-,-,-,-,-,-,-,-,-,-,-,-,-,1,1,-,-,-,-,-,-,-,1,1,-,-,-,-,-,-,-,1,-,-,-,-,-,-,1,-,3,2,-,-,-,-,-,1,-,2,2,-,-,-,-,-,-,-,4,3,-,-,-,-,-,1,-,8,5,-,-,-,-,-,3,-,19,14,-,-,-,-,-,5,-,21,18,-,-,-,-,-,3,-,54,40,-,1,1,-,-,13,-,166,128,-,-,-,-,3,32,3,270,210,3,6,5,-,7,41,3,456,374,11,5,3,-,17,43,6
,男　Ｍ．,16037,12445,425,480,161,-,1060,1517,110,-,-,-,-,-,-,-,-,-,-,-,-,-,-,-,-,-,-,-,-,-,-,-,-,-,-,-,-,-,-,-,-,-,-,-,-,-,-,-,-,-,-,-,-,-,-,-,-,-,-,-,-,-,-,1,1,-,-,-,-,-,-,-,1,-,-,-,-,-,-,1,-,2,2,-,-,-,-,-,-,-,2,2,-,-,-,-,-,-,-,2,2,-,-,-,-,-,-,-,3,2,-,-,-,-,-,1,-,16,12,-,-,-,-,-,4,-,12,12,-,-,-,-,-,-,-,42,32,-,1,1,-,-,9,-,126,96,-,-,-,-,3,24,3,207,164,1,4,4,-,6,30,2,345,281,9,4,3,-,13,33,5
,女　Ｆ．,13628,9791,390,734,276,-,1460,1125,128,1,1,-,-,-,-,-,-,-,-,-,-,-,-,-,-,-,-,-,-,-,-,-,-,-,-,-,-,-,-,-,-,-,-,-,-,-,-,-,-,-,-,-,-,-,1,1,-,-,-,-,-,-,-,-,-,-,-,-,-,-,-,-,-,-,-,-,-,-,-,-,-,1,-,-,-,-,-,-,1,-,-,-,-,-,-,-,-,-,-,2,1,-,-,-,-,-,1,-,5,3,-,-,-,-,-,2,-,3,2,-,-,-,-,-,1,-,9,6,-,-,-,-,-,3,-,12,8,-,-,-,-,-,4,-,40,32,-,-,-,-,-,8,-,63,46,2,2,1,-,1,11,1,111,93,2,1,-,-,4,10,1
14201　　　急性腎不全　　　　　　　　　　　　　　　　　　　　　　　　　　　　　,総数,3060,2706,48,57,27,-,123,114,12,-,-,-,-,-,-,-,-,-,-,-,-,-,-,-,-,-,-,-,-,-,-,-,-,-,-,-,-,-,-,-,-,-,-,-,-,-,-,-,-,-,-,-,-,-,-,-,-,-,-,-,-,-,-,1,1,-,-,-,-,-,-,-,-,-,-,-,-,-,-,-,-,-,-,-,-,-,-,-,-,-,-,-,-,-,-,-,-,-,-,1,1,-,-,-,-,-,-,-,-,-,-,-,-,-,-,-,-,2,1,-,-,-,-,-,1,-,2,2,-,-,-,-,-,-,-,6,5,-,-,-,-,-,1,-,17,11,-,-,-,-,1,4,1,25,24,-,-,-,-,-,1,-,37,32,1,-,-,-,2,2,-
,男　Ｍ．,1581,1419,19,26,12,-,43,69,5,-,-,-,-,-,-,-,-,-,-,-,-,-,-,-,-,-,-,-,-,-,-,-,-,-,-,-,-,-,-,-,-,-,-,-,-,-,-,-,-,-,-,-,-,-,-,-,-,-,-,-,-,-,-,1,1,-,-,-,-,-,-,-,-,-,-,-,-,-,-,-,-,-,-,-,-,-,-,-,-,-,-,-,-,-,-,-,-,-,-,1,1,-,-,-,-,-,-,-,-,-,-,-,-,-,-,-,-,2,1,-,-,-,-,-,1,-,1,1,-,-,-,-,-,-,-,4,4,-,-,-,-,-,-,-,13,7,-,-,-,-,1,4,1,19,18,-,-,-,-,-,1,-,28,26,-,-,-,-,1,1,-
,女　Ｆ．,1479,1287,29,31,15,-,80,45,7,-,-,-,-,-,-,-,-,-,-,-,-,-,-,-,-,-,-,-,-,-,-,-,-,-,-,-,-,-,-,-,-,-,-,-,-,-,-,-,-,-,-,-,-,-,-,-,-,-,-,-,-,-,-,-,-,-,-,-,-,-,-,-,-,-,-,-,-,-,-,-,-,-,-,-,-,-,-,-,-,-,-,-,-,-,-,-,-,-,-,-,-,-,-,-,-,-,-,-,-,-,-,-,-,-,-,-,-,-,-,-,-,-,-,-,-,-,1,1,-,-,-,-,-,-,-,2,1,-,-,-,-,-,1,-,4,4,-,-,-,-,-,-,-,6,6,-,-,-,-,-,-,-,9,6,1,-,-,-,1,1,-
14202　　　慢性腎臓病　　　　　　　　　　　　　　　　　　　　　　　　　　　　　,総数,22097,16260,668,925,330,-,1967,2091,186,1,1,-,-,-,-,-,-,-,-,-,-,-,-,-,-,-,-,-,-,-,-,-,-,-,-,-,-,-,-,-,-,-,-,-,-,-,-,-,-,-,-,-,-,-,1,1,-,-,-,-,-,-,-,-,-,-,-,-,-,-,-,-,1,-,-,-,-,-,-,1,-,2,1,-,-,-,-,-,1,-,2,2,-,-,-,-,-,-,-,3,2,-,-,-,-,-,1,-,8,5,-,-,-,-,-,3,-,15,11,-,-,-,-,-,4,-,15,12,-,-,-,-,-,3,-,41,30,-,-,-,-,-,11,-,120,93,-,-,-,-,1,24,2,214,163,2,4,4,-,6,36,3,355,296,7,4,3,-,12,30,6
,男　Ｍ．,12139,9281,357,369,120,-,854,1193,85,-,-,-,-,-,-,-,-,-,-,-,-,-,-,-,-,-,-,-,-,-,-,-,-,-,-,-,-,-,-,-,-,-,-,-,-,-,-,-,-,-,-,-,-,-,-,-,-,-,-,-,-,-,-,-,-,-,-,-,-,-,-,-,1,-,-,-,-,-,-,1,-,1,1,-,-,-,-,-,-,-,2,2,-,-,-,-,-,-,-,1,1,-,-,-,-,-,-,-,3,2,-,-,-,-,-,1,-,13,10,-,-,-,-,-,3,-,8,8,-,-,-,-,-,-,-,33,24,-,-,-,-,-,9,-,95,74,-,-,-,-,1,18,2,162,126,1,3,3,-,5,25,2,274,227,6,4,3,-,9,23,5
,女　Ｆ．,9958,6979,311,556,210,-,1113,898,101,1,1,-,-,-,-,-,-,-,-,-,-,-,-,-,-,-,-,-,-,-,-,-,-,-,-,-,-,-,-,-,-,-,-,-,-,-,-,-,-,-,-,-,-,-,1,1,-,-,-,-,-,-,-,-,-,-,-,-,-,-,-,-,-,-,-,-,-,-,-,-,-,1,-,-,-,-,-,-,1,-,-,-,-,-,-,-,-,-,-,2,1,-,-,-,-,-,1,-,5,3,-,-,-,-,-,2,-,2,1,-,-,-,-,-,1,-,7,4,-,-,-,-,-,3,-,8,6,-,-,-,-,-,2,-,25,19,-,-,-,-,-,6,-,52,37,1,1,1,-,1,11,1,81,69,1,-,-,-,3,7,1
14203　　　詳細不明の腎不全　　　　　　　　　　　　　　　　　　　　　　　　　　,総数,4508,3270,99,232,80,-,430,437,40,-,-,-,-,-,-,-,-,-,-,-,-,-,-,-,-,-,-,-,-,-,-,-,-,-,-,-,-,-,-,-,-,-,-,-,-,-,-,-,-,-,-,-,-,-,-,-,-,-,-,-,-,-,-,-,-,-,-,-,-,-,-,-,-,-,-,-,-,-,-,-,-,1,1,-,-,-,-,-,-,-,-,-,-,-,-,-,-,-,-,-,-,-,-,-,-,-,-,-,-,-,-,-,-,-,-,-,-,2,2,-,-,-,-,-,-,-,4,4,-,-,-,-,-,-,-,7,5,-,1,1,-,-,1,-,29,24,-,-,-,-,1,4,-,31,23,1,2,1,-,1,4,-,64,46,3,1,-,-,3,11,-
,男　Ｍ．,2317,1745,49,85,29,-,163,255,20,-,-,-,-,-,-,-,-,-,-,-,-,-,-,-,-,-,-,-,-,-,-,-,-,-,-,-,-,-,-,-,-,-,-,-,-,-,-,-,-,-,-,-,-,-,-,-,-,-,-,-,-,-,-,-,-,-,-,-,-,-,-,-,-,-,-,-,-,-,-,-,-,1,1,-,-,-,-,-,-,-,-,-,-,-,-,-,-,-,-,-,-,-,-,-,-,-,-,-,-,-,-,-,-,-,-,-,-,1,1,-,-,-,-,-,-,-,3,3,-,-,-,-,-,-,-,5,4,-,1,1,-,-,-,-,18,15,-,-,-,-,1,2,-,26,20,-,1,1,-,1,4,-,43,28,3,-,-,-,3,9,-
,女　Ｆ．,2191,1525,50,147,51,-,267,182,20,-,-,-,-,-,-,-,-,-,-,-,-,-,-,-,-,-,-,-,-,-,-,-,-,-,-,-,-,-,-,-,-,-,-,-,-,-,-,-,-,-,-,-,-,-,-,-,-,-,-,-,-,-,-,-,-,-,-,-,-,-,-,-,-,-,-,-,-,-,-,-,-,-,-,-,-,-,-,-,-,-,-,-,-,-,-,-,-,-,-,-,-,-,-,-,-,-,-,-,-,-,-,-,-,-,-,-,-,1,1,-,-,-,-,-,-,-,1,1,-,-,-,-,-,-,-,2,1,-,-,-,-,-,1,-,11,9,-,-,-,-,-,2,-,5,3,1,1,-,-,-,-,-,21,18,-,1,-,-,-,2,-
14300　　その他の腎尿路生殖器系の疾患　　　　　　　　　　　　　　　　　　　　　,総数,14823,12553,139,535,200,-,881,643,72,-,-,-,-,-,-,-,-,-,-,-,-,-,-,-,-,-,-,-,-,-,-,-,-,-,-,-,-,-,-,-,-,-,-,-,-,-,-,-,-,-,-,-,-,-,-,-,-,-,-,-,-,-,-,2,2,-,-,-,-,-,-,-,-,-,-,-,-,-,-,-,-,2,2,-,-,-,-,-,-,-,1,1,-,-,-,-,-,-,-,1,1,-,-,-,-,-,-,-,4,4,-,-,-,-,-,-,-,8,8,-,-,-,-,-,-,-,11,10,-,-,-,-,-,-,1,21,18,-,-,-,-,-,2,1,48,40,-,1,1,-,-,7,-,83,71,-,-,-,-,-,11,1,120,108,2,2,1,-,1,7,-
,男　Ｍ．,5763,4944,39,164,60,-,273,314,29,-,-,-,-,-,-,-,-,-,-,-,-,-,-,-,-,-,-,-,-,-,-,-,-,-,-,-,-,-,-,-,-,-,-,-,-,-,-,-,-,-,-,-,-,-,-,-,-,-,-,-,-,-,-,2,2,-,-,-,-,-,-,-,-,-,-,-,-,-,-,-,-,1,1,-,-,-,-,-,-,-,1,1,-,-,-,-,-,-,-,-,-,-,-,-,-,-,-,-,3,3,-,-,-,-,-,-,-,5,5,-,-,-,-,-,-,-,5,5,-,-,-,-,-,-,-,13,12,-,-,-,-,-,1,-,23,19,-,-,-,-,-,4,-,54,45,-,-,-,-,-,8,1,63,55,2,-,-,-,1,5,-
,女　Ｆ．,9060,7609,100,371,140,-,608,329,43,-,-,-,-,-,-,-,-,-,-,-,-,-,-,-,-,-,-,-,-,-,-,-,-,-,-,-,-,-,-,-,-,-,-,-,-,-,-,-,-,-,-,-,-,-,-,-,-,-,-,-,-,-,-,-,-,-,-,-,-,-,-,-,-,-,-,-,-,-,-,-,-,1,1,-,-,-,-,-,-,-,-,-,-,-,-,-,-,-,-,1,1,-,-,-,-,-,-,-,1,1,-,-,-,-,-,-,-,3,3,-,-,-,-,-,-,-,6,5,-,-,-,-,-,-,1,8,6,-,-,-,-,-,1,1,25,21,-,1,1,-,-,3,-,29,26,-,-,-,-,-,3,-,57,53,-,2,1,-,-,2,-
15000　妊娠，分娩及び産じょく　　　　　　　　　　　　　　　　　　　　　　　　　,総数,30,28,-,-,-,-,-,2,-,-,-,-,-,-,-,-,-,-,-,-,-,-,-,-,-,-,-,-,-,-,-,-,-,-,-,-,-,-,-,-,-,-,-,-,-,-,-,-,-,-,-,-,-,-,-,-,-,-,-,-,-,-,-,-,-,-,-,-,-,-,-,-,-,-,-,-,-,-,-,-,-,-,-,-,-,-,-,-,-,-,-,-,-,-,-,-,-,-,-,2,2,-,-,-,-,-,-,-,11,9,-,-,-,-,-,2,-,9,9,-,-,-,-,-,-,-,5,5,-,-,-,-,-,-,-,1,1,-,-,-,-,-,-,-,2,2,-,-,-,-,-,-,-,-,-,-,-,-,-,-,-,-,-,-,-,-,-,-,-,-,-
,男　Ｍ．,・,・,・,・,・,・,・,・,・,・,・,・,・,・,・,・,・,・,・,・,・,・,・,・,・,・,・,・,・,・,・,・,・,・,・,・,・,・,・,・,・,・,・,・,・,・,・,・,・,・,・,・,・,・,・,・,・,・,・,・,・,・,・,・,・,・,・,・,・,・,・,・,・,・,・,・,・,・,・,・,・,・,・,・,・,・,・,・,・,・,・,・,・,・,・,・,・,・,・,・,・,・,・,・,・,・,・,・,・,・,・,・,・,・,・,・,・,・,・,・,・,・,・,・,・,・,・,・,・,・,・,・,・,・,・,・,・,・,・,・,・,・,・,・,・,・,・,・,・,・,・,・,・,・,・,・,・,・,・,・,・,・,・,・,・,・,・,・,・,・,・
,女　Ｆ．,30,28,-,-,-,-,-,2,-,-,-,-,-,-,-,-,-,-,-,-,-,-,-,-,-,-,-,-,-,-,-,-,-,-,-,-,-,-,-,-,-,-,-,-,-,-,-,-,-,-,-,-,-,-,-,-,-,-,-,-,-,-,-,-,-,-,-,-,-,-,-,-,-,-,-,-,-,-,-,-,-,-,-,-,-,-,-,-,-,-,-,-,-,-,-,-,-,-,-,2,2,-,-,-,-,-,-,-,11,9,-,-,-,-,-,2,-,9,9,-,-,-,-,-,-,-,5,5,-,-,-,-,-,-,-,1,1,-,-,-,-,-,-,-,2,2,-,-,-,-,-,-,-,-,-,-,-,-,-,-,-,-,-,-,-,-,-,-,-,-,-
16000　周産期に発生した病態　　　　　　　　　　　　　　　　　　　　　　　　　　,総数,418,399,10,-,-,-,-,5,4,397,380,10,-,-,-,-,3,4,7,7,-,-,-,-,-,-,-,-,-,-,-,-,-,-,-,-,1,1,-,-,-,-,-,-,-,-,-,-,-,-,-,-,-,-,405,388,10,-,-,-,-,3,4,2,1,-,-,-,-,-,1,-,4,4,-,-,-,-,-,-,-,3,3,-,-,-,-,-,-,-,1,1,-,-,-,-,-,-,-,1,-,-,-,-,-,-,1,-,-,-,-,-,-,-,-,-,-,1,1,-,-,-,-,-,-,-,-,-,-,-,-,-,-,-,-,-,-,-,-,-,-,-,-,-,-,-,-,-,-,-,-,-,-,1,1,-,-,-,-,-,-,-,-,-,-,-,-,-,-,-,-
,男　Ｍ．,224,212,6,-,-,-,-,4,2,213,202,6,-,-,-,-,3,2,3,3,-,-,-,-,-,-,-,-,-,-,-,-,-,-,-,-,-,-,-,-,-,-,-,-,-,-,-,-,-,-,-,-,-,-,216,205,6,-,-,-,-,3,2,2,1,-,-,-,-,-,1,-,2,2,-,-,-,-,-,-,-,2,2,-,-,-,-,-,-,-,-,-,-,-,-,-,-,-,-,-,-,-,-,-,-,-,-,-,-,-,-,-,-,-,-,-,-,1,1,-,-,-,-,-,-,-,-,-,-,-,-,-,-,-,-,-,-,-,-,-,-,-,-,-,-,-,-,-,-,-,-,-,-,1,1,-,-,-,-,-,-,-,-,-,-,-,-,-,-,-,-
,女　Ｆ．,194,187,4,-,-,-,-,1,2,184,178,4,-,-,-,-,-,2,4,4,-,-,-,-,-,-,-,-,-,-,-,-,-,-,-,-,1,1,-,-,-,-,-,-,-,-,-,-,-,-,-,-,-,-,189,183,4,-,-,-,-,-,2,-,-,-,-,-,-,-,-,-,2,2,-,-,-,-,-,-,-,1,1,-,-,-,-,-,-,-,1,1,-,-,-,-,-,-,-,1,-,-,-,-,-,-,1,-,-,-,-,-,-,-,-,-,-,-,-,-,-,-,-,-,-,-,-,-,-,-,-,-,-,-,-,-,-,-,-,-,-,-,-,-,-,-,-,-,-,-,-,-,-,-,-,-,-,-,-,-,-,-,-,-,-,-,-,-,-,-,-
16100　　妊娠期間及び胎児発育に関連する障害　　　　　　　　　　　　　　　　　　,総数,29,29,-,-,-,-,-,-,-,29,29,-,-,-,-,-,-,-,-,-,-,-,-,-,-,-,-,-,-,-,-,-,-,-,-,-,-,-,-,-,-,-,-,-,-,-,-,-,-,-,-,-,-,-,29,29,-,-,-,-,-,-,-,-,-,-,-,-,-,-,-,-,-,-,-,-,-,-,-,-,-,-,-,-,-,-,-,-,-,-,-,-,-,-,-,-,-,-,-,-,-,-,-,-,-,-,-,-,-,-,-,-,-,-,-,-,-,-,-,-,-,-,-,-,-,-,-,-,-,-,-,-,-,-,-,-,-,-,-,-,-,-,-,-,-,-,-,-,-,-,-,-,-,-,-,-,-,-,-,-,-,-,-,-,-,-,-,-,-,-,-
,男　Ｍ．,13,13,-,-,-,-,-,-,-,13,13,-,-,-,-,-,-,-,-,-,-,-,-,-,-,-,-,-,-,-,-,-,-,-,-,-,-,-,-,-,-,-,-,-,-,-,-,-,-,-,-,-,-,-,13,13,-,-,-,-,-,-,-,-,-,-,-,-,-,-,-,-,-,-,-,-,-,-,-,-,-,-,-,-,-,-,-,-,-,-,-,-,-,-,-,-,-,-,-,-,-,-,-,-,-,-,-,-,-,-,-,-,-,-,-,-,-,-,-,-,-,-,-,-,-,-,-,-,-,-,-,-,-,-,-,-,-,-,-,-,-,-,-,-,-,-,-,-,-,-,-,-,-,-,-,-,-,-,-,-,-,-,-,-,-,-,-,-,-,-,-
,女　Ｆ．,16,16,-,-,-,-,-,-,-,16,16,-,-,-,-,-,-,-,-,-,-,-,-,-,-,-,-,-,-,-,-,-,-,-,-,-,-,-,-,-,-,-,-,-,-,-,-,-,-,-,-,-,-,-,16,16,-,-,-,-,-,-,-,-,-,-,-,-,-,-,-,-,-,-,-,-,-,-,-,-,-,-,-,-,-,-,-,-,-,-,-,-,-,-,-,-,-,-,-,-,-,-,-,-,-,-,-,-,-,-,-,-,-,-,-,-,-,-,-,-,-,-,-,-,-,-,-,-,-,-,-,-,-,-,-,-,-,-,-,-,-,-,-,-,-,-,-,-,-,-,-,-,-,-,-,-,-,-,-,-,-,-,-,-,-,-,-,-,-,-,-
16200　　出産外傷　　　　　　　　　　　　　　　　　　　　　　　　　　　　　　　,総数,9,9,-,-,-,-,-,-,-,9,9,-,-,-,-,-,-,-,-,-,-,-,-,-,-,-,-,-,-,-,-,-,-,-,-,-,-,-,-,-,-,-,-,-,-,-,-,-,-,-,-,-,-,-,9,9,-,-,-,-,-,-,-,-,-,-,-,-,-,-,-,-,-,-,-,-,-,-,-,-,-,-,-,-,-,-,-,-,-,-,-,-,-,-,-,-,-,-,-,-,-,-,-,-,-,-,-,-,-,-,-,-,-,-,-,-,-,-,-,-,-,-,-,-,-,-,-,-,-,-,-,-,-,-,-,-,-,-,-,-,-,-,-,-,-,-,-,-,-,-,-,-,-,-,-,-,-,-,-,-,-,-,-,-,-,-,-,-,-,-,-
,男　Ｍ．,5,5,-,-,-,-,-,-,-,5,5,-,-,-,-,-,-,-,-,-,-,-,-,-,-,-,-,-,-,-,-,-,-,-,-,-,-,-,-,-,-,-,-,-,-,-,-,-,-,-,-,-,-,-,5,5,-,-,-,-,-,-,-,-,-,-,-,-,-,-,-,-,-,-,-,-,-,-,-,-,-,-,-,-,-,-,-,-,-,-,-,-,-,-,-,-,-,-,-,-,-,-,-,-,-,-,-,-,-,-,-,-,-,-,-,-,-,-,-,-,-,-,-,-,-,-,-,-,-,-,-,-,-,-,-,-,-,-,-,-,-,-,-,-,-,-,-,-,-,-,-,-,-,-,-,-,-,-,-,-,-,-,-,-,-,-,-,-,-,-,-
,女　Ｆ．,4,4,-,-,-,-,-,-,-,4,4,-,-,-,-,-,-,-,-,-,-,-,-,-,-,-,-,-,-,-,-,-,-,-,-,-,-,-,-,-,-,-,-,-,-,-,-,-,-,-,-,-,-,-,4,4,-,-,-,-,-,-,-,-,-,-,-,-,-,-,-,-,-,-,-,-,-,-,-,-,-,-,-,-,-,-,-,-,-,-,-,-,-,-,-,-,-,-,-,-,-,-,-,-,-,-,-,-,-,-,-,-,-,-,-,-,-,-,-,-,-,-,-,-,-,-,-,-,-,-,-,-,-,-,-,-,-,-,-,-,-,-,-,-,-,-,-,-,-,-,-,-,-,-,-,-,-,-,-,-,-,-,-,-,-,-,-,-,-,-,-
16300　　周産期に特異的な呼吸障害及び心血管障害　　　　　　　　　　　　　　　　,総数,241,232,7,-,-,-,-,-,2,234,225,7,-,-,-,-,-,2,2,2,-,-,-,-,-,-,-,-,-,-,-,-,-,-,-,-,-,-,-,-,-,-,-,-,-,-,-,-,-,-,-,-,-,-,236,227,7,-,-,-,-,-,2,-,-,-,-,-,-,-,-,-,1,1,-,-,-,-,-,-,-,2,2,-,-,-,-,-,-,-,1,1,-,-,-,-,-,-,-,-,-,-,-,-,-,-,-,-,-,-,-,-,-,-,-,-,-,-,-,-,-,-,-,-,-,-,-,-,-,-,-,-,-,-,-,-,-,-,-,-,-,-,-,-,-,-,-,-,-,-,-,-,-,1,1,-,-,-,-,-,-,-,-,-,-,-,-,-,-,-,-
,男　Ｍ．,128,123,4,-,-,-,-,-,1,125,120,4,-,-,-,-,-,1,-,-,-,-,-,-,-,-,-,-,-,-,-,-,-,-,-,-,-,-,-,-,-,-,-,-,-,-,-,-,-,-,-,-,-,-,125,120,4,-,-,-,-,-,1,-,-,-,-,-,-,-,-,-,-,-,-,-,-,-,-,-,-,2,2,-,-,-,-,-,-,-,-,-,-,-,-,-,-,-,-,-,-,-,-,-,-,-,-,-,-,-,-,-,-,-,-,-,-,-,-,-,-,-,-,-,-,-,-,-,-,-,-,-,-,-,-,-,-,-,-,-,-,-,-,-,-,-,-,-,-,-,-,-,-,1,1,-,-,-,-,-,-,-,-,-,-,-,-,-,-,-,-
,女　Ｆ．,113,109,3,-,-,-,-,-,1,109,105,3,-,-,-,-,-,1,2,2,-,-,-,-,-,-,-,-,-,-,-,-,-,-,-,-,-,-,-,-,-,-,-,-,-,-,-,-,-,-,-,-,-,-,111,107,3,-,-,-,-,-,1,-,-,-,-,-,-,-,-,-,1,1,-,-,-,-,-,-,-,-,-,-,-,-,-,-,-,-,1,1,-,-,-,-,-,-,-,-,-,-,-,-,-,-,-,-,-,-,-,-,-,-,-,-,-,-,-,-,-,-,-,-,-,-,-,-,-,-,-,-,-,-,-,-,-,-,-,-,-,-,-,-,-,-,-,-,-,-,-,-,-,-,-,-,-,-,-,-,-,-,-,-,-,-,-,-,-,-,-
16400　　周産期に特異的な感染症　　　　　　　　　　　　　　　　　　　　　　　　,総数,29,29,-,-,-,-,-,-,-,27,27,-,-,-,-,-,-,-,-,-,-,-,-,-,-,-,-,-,-,-,-,-,-,-,-,-,-,-,-,-,-,-,-,-,-,-,-,-,-,-,-,-,-,-,27,27,-,-,-,-,-,-,-,-,-,-,-,-,-,-,-,-,1,1,-,-,-,-,-,-,-,-,-,-,-,-,-,-,-,-,-,-,-,-,-,-,-,-,-,-,-,-,-,-,-,-,-,-,-,-,-,-,-,-,-,-,-,1,1,-,-,-,-,-,-,-,-,-,-,-,-,-,-,-,-,-,-,-,-,-,-,-,-,-,-,-,-,-,-,-,-,-,-,-,-,-,-,-,-,-,-,-,-,-,-,-,-,-,-,-,-
,男　Ｍ．,16,16,-,-,-,-,-,-,-,14,14,-,-,-,-,-,-,-,-,-,-,-,-,-,-,-,-,-,-,-,-,-,-,-,-,-,-,-,-,-,-,-,-,-,-,-,-,-,-,-,-,-,-,-,14,14,-,-,-,-,-,-,-,-,-,-,-,-,-,-,-,-,1,1,-,-,-,-,-,-,-,-,-,-,-,-,-,-,-,-,-,-,-,-,-,-,-,-,-,-,-,-,-,-,-,-,-,-,-,-,-,-,-,-,-,-,-,1,1,-,-,-,-,-,-,-,-,-,-,-,-,-,-,-,-,-,-,-,-,-,-,-,-,-,-,-,-,-,-,-,-,-,-,-,-,-,-,-,-,-,-,-,-,-,-,-,-,-,-,-,-
,女　Ｆ．,13,13,-,-,-,-,-,-,-,13,13,-,-,-,-,-,-,-,-,-,-,-,-,-,-,-,-,-,-,-,-,-,-,-,-,-,-,-,-,-,-,-,-,-,-,-,-,-,-,-,-,-,-,-,13,13,-,-,-,-,-,-,-,-,-,-,-,-,-,-,-,-,-,-,-,-,-,-,-,-,-,-,-,-,-,-,-,-,-,-,-,-,-,-,-,-,-,-,-,-,-,-,-,-,-,-,-,-,-,-,-,-,-,-,-,-,-,-,-,-,-,-,-,-,-,-,-,-,-,-,-,-,-,-,-,-,-,-,-,-,-,-,-,-,-,-,-,-,-,-,-,-,-,-,-,-,-,-,-,-,-,-,-,-,-,-,-,-,-,-,-
16500　　胎児及び新生児の出血性障害及び血液障害　　　　　　　　　　　　　　　　,総数,52,50,1,-,-,-,-,1,-,51,49,1,-,-,-,-,1,-,1,1,-,-,-,-,-,-,-,-,-,-,-,-,-,-,-,-,-,-,-,-,-,-,-,-,-,-,-,-,-,-,-,-,-,-,52,50,1,-,-,-,-,1,-,-,-,-,-,-,-,-,-,-,-,-,-,-,-,-,-,-,-,-,-,-,-,-,-,-,-,-,-,-,-,-,-,-,-,-,-,-,-,-,-,-,-,-,-,-,-,-,-,-,-,-,-,-,-,-,-,-,-,-,-,-,-,-,-,-,-,-,-,-,-,-,-,-,-,-,-,-,-,-,-,-,-,-,-,-,-,-,-,-,-,-,-,-,-,-,-,-,-,-,-,-,-,-,-,-,-,-,-
,男　Ｍ．,26,24,1,-,-,-,-,1,-,25,23,1,-,-,-,-,1,-,1,1,-,-,-,-,-,-,-,-,-,-,-,-,-,-,-,-,-,-,-,-,-,-,-,-,-,-,-,-,-,-,-,-,-,-,26,24,1,-,-,-,-,1,-,-,-,-,-,-,-,-,-,-,-,-,-,-,-,-,-,-,-,-,-,-,-,-,-,-,-,-,-,-,-,-,-,-,-,-,-,-,-,-,-,-,-,-,-,-,-,-,-,-,-,-,-,-,-,-,-,-,-,-,-,-,-,-,-,-,-,-,-,-,-,-,-,-,-,-,-,-,-,-,-,-,-,-,-,-,-,-,-,-,-,-,-,-,-,-,-,-,-,-,-,-,-,-,-,-,-,-,-
,女　Ｆ．,26,26,-,-,-,-,-,-,-,26,26,-,-,-,-,-,-,-,-,-,-,-,-,-,-,-,-,-,-,-,-,-,-,-,-,-,-,-,-,-,-,-,-,-,-,-,-,-,-,-,-,-,-,-,26,26,-,-,-,-,-,-,-,-,-,-,-,-,-,-,-,-,-,-,-,-,-,-,-,-,-,-,-,-,-,-,-,-,-,-,-,-,-,-,-,-,-,-,-,-,-,-,-,-,-,-,-,-,-,-,-,-,-,-,-,-,-,-,-,-,-,-,-,-,-,-,-,-,-,-,-,-,-,-,-,-,-,-,-,-,-,-,-,-,-,-,-,-,-,-,-,-,-,-,-,-,-,-,-,-,-,-,-,-,-,-,-,-,-,-,-
16600　　その他の周産期に発生した病態　　　　　　　　　　　　　　　　　　　　　,総数,58,50,2,-,-,-,-,4,2,47,41,2,-,-,-,-,2,2,4,4,-,-,-,-,-,-,-,-,-,-,-,-,-,-,-,-,1,1,-,-,-,-,-,-,-,-,-,-,-,-,-,-,-,-,52,46,2,-,-,-,-,2,2,2,1,-,-,-,-,-,1,-,2,2,-,-,-,-,-,-,-,1,1,-,-,-,-,-,-,-,-,-,-,-,-,-,-,-,-,1,-,-,-,-,-,-,1,-,-,-,-,-,-,-,-,-,-,-,-,-,-,-,-,-,-,-,-,-,-,-,-,-,-,-,-,-,-,-,-,-,-,-,-,-,-,-,-,-,-,-,-,-,-,-,-,-,-,-,-,-,-,-,-,-,-,-,-,-,-,-,-
,男　Ｍ．,36,31,1,-,-,-,-,3,1,31,27,1,-,-,-,-,2,1,2,2,-,-,-,-,-,-,-,-,-,-,-,-,-,-,-,-,-,-,-,-,-,-,-,-,-,-,-,-,-,-,-,-,-,-,33,29,1,-,-,-,-,2,1,2,1,-,-,-,-,-,1,-,1,1,-,-,-,-,-,-,-,-,-,-,-,-,-,-,-,-,-,-,-,-,-,-,-,-,-,-,-,-,-,-,-,-,-,-,-,-,-,-,-,-,-,-,-,-,-,-,-,-,-,-,-,-,-,-,-,-,-,-,-,-,-,-,-,-,-,-,-,-,-,-,-,-,-,-,-,-,-,-,-,-,-,-,-,-,-,-,-,-,-,-,-,-,-,-,-,-,-
,女　Ｆ．,22,19,1,-,-,-,-,1,1,16,14,1,-,-,-,-,-,1,2,2,-,-,-,-,-,-,-,-,-,-,-,-,-,-,-,-,1,1,-,-,-,-,-,-,-,-,-,-,-,-,-,-,-,-,19,17,1,-,-,-,-,-,1,-,-,-,-,-,-,-,-,-,1,1,-,-,-,-,-,-,-,1,1,-,-,-,-,-,-,-,-,-,-,-,-,-,-,-,-,1,-,-,-,-,-,-,1,-,-,-,-,-,-,-,-,-,-,-,-,-,-,-,-,-,-,-,-,-,-,-,-,-,-,-,-,-,-,-,-,-,-,-,-,-,-,-,-,-,-,-,-,-,-,-,-,-,-,-,-,-,-,-,-,-,-,-,-,-,-,-,-
17000　先天奇形，変形及び染色体異常　　　　　　　　　　　　　　　　　　　　　　,総数,1912,1561,26,31,9,-,79,192,23,398,384,-,-,-,-,-,12,2,45,37,-,-,-,-,-,7,1,27,27,-,-,-,-,-,-,-,21,20,-,-,-,-,-,1,-,12,11,-,-,-,-,-,1,-,503,479,-,-,-,-,-,21,3,40,37,-,-,-,-,-,3,-,37,35,-,-,-,-,-,2,-,38,33,-,-,-,-,-,5,-,33,28,-,-,-,-,-,5,-,25,18,-,-,-,-,-,7,-,35,28,-,-,-,-,1,6,-,36,27,1,-,-,-,-,6,2,49,44,-,-,-,-,-,5,-,43,31,-,-,-,-,1,8,3,94,76,1,1,1,-,3,13,-,90,61,1,1,-,-,10,15,2,92,64,1,2,1,-,8,14,3
,男　Ｍ．,878,717,12,11,5,-,29,96,13,181,174,-,-,-,-,-,6,1,21,18,-,-,-,-,-,3,-,12,12,-,-,-,-,-,-,-,10,10,-,-,-,-,-,-,-,3,3,-,-,-,-,-,-,-,227,217,-,-,-,-,-,9,1,20,18,-,-,-,-,-,2,-,17,17,-,-,-,-,-,-,-,20,16,-,-,-,-,-,4,-,20,16,-,-,-,-,-,4,-,12,10,-,-,-,-,-,2,-,18,14,-,-,-,-,-,4,-,25,17,1,-,-,-,-,5,2,19,17,-,-,-,-,-,2,-,22,17,-,-,-,-,-,3,2,54,41,1,1,1,-,3,8,-,43,26,1,-,-,-,8,7,1,41,29,-,2,1,-,2,6,2
,女　Ｆ．,1034,844,14,20,4,-,50,96,10,217,210,-,-,-,-,-,6,1,24,19,-,-,-,-,-,4,1,15,15,-,-,-,-,-,-,-,11,10,-,-,-,-,-,1,-,9,8,-,-,-,-,-,1,-,276,262,-,-,-,-,-,12,2,20,19,-,-,-,-,-,1,-,20,18,-,-,-,-,-,2,-,18,17,-,-,-,-,-,1,-,13,12,-,-,-,-,-,1,-,13,8,-,-,-,-,-,5,-,17,14,-,-,-,-,1,2,-,11,10,-,-,-,-,-,1,-,30,27,-,-,-,-,-,3,-,21,14,-,-,-,-,1,5,1,40,35,-,-,-,-,-,5,-,47,35,-,1,-,-,2,8,1,51,35,1,-,-,-,6,8,1
17100　　神経系の先天奇形　　　　　　　　　　　　　　　　　　　　　　　　　　　,総数,76,67,-,-,-,-,1,7,1,14,14,-,-,-,-,-,-,-,3,3,-,-,-,-,-,-,-,1,1,-,-,-,-,-,-,-,7,7,-,-,-,-,-,-,-,-,-,-,-,-,-,-,-,-,25,25,-,-,-,-,-,-,-,5,4,-,-,-,-,-,1,-,3,3,-,-,-,-,-,-,-,5,5,-,-,-,-,-,-,-,7,6,-,-,-,-,-,1,-,2,-,-,-,-,-,-,2,-,2,2,-,-,-,-,-,-,-,5,4,-,-,-,-,-,1,-,2,2,-,-,-,-,-,-,-,2,2,-,-,-,-,-,-,-,5,5,-,-,-,-,-,-,-,2,1,-,-,-,-,-,1,-,1,1,-,-,-,-,-,-,-
,男　Ｍ．,36,31,-,-,-,-,1,4,-,6,6,-,-,-,-,-,-,-,2,2,-,-,-,-,-,-,-,1,1,-,-,-,-,-,-,-,4,4,-,-,-,-,-,-,-,-,-,-,-,-,-,-,-,-,13,13,-,-,-,-,-,-,-,3,2,-,-,-,-,-,1,-,-,-,-,-,-,-,-,-,-,2,2,-,-,-,-,-,-,-,4,3,-,-,-,-,-,1,-,1,-,-,-,-,-,-,1,-,1,1,-,-,-,-,-,-,-,2,2,-,-,-,-,-,-,-,1,1,-,-,-,-,-,-,-,2,2,-,-,-,-,-,-,-,3,3,-,-,-,-,-,-,-,1,-,-,-,-,-,-,1,-,-,-,-,-,-,-,-,-,-
,女　Ｆ．,40,36,-,-,-,-,-,3,1,8,8,-,-,-,-,-,-,-,1,1,-,-,-,-,-,-,-,-,-,-,-,-,-,-,-,-,3,3,-,-,-,-,-,-,-,-,-,-,-,-,-,-,-,-,12,12,-,-,-,-,-,-,-,2,2,-,-,-,-,-,-,-,3,3,-,-,-,-,-,-,-,3,3,-,-,-,-,-,-,-,3,3,-,-,-,-,-,-,-,1,-,-,-,-,-,-,1,-,1,1,-,-,-,-,-,-,-,3,2,-,-,-,-,-,1,-,1,1,-,-,-,-,-,-,-,-,-,-,-,-,-,-,-,-,2,2,-,-,-,-,-,-,-,1,1,-,-,-,-,-,-,-,1,1,-,-,-,-,-,-,-
17200　　循環器系の先天奇形　　　　　　　　　　　　　　　　　　　　　　　　　　,総数,732,602,5,16,3,-,32,72,5,137,135,-,-,-,-,-,1,1,15,13,-,-,-,-,-,2,-,16,16,-,-,-,-,-,-,-,4,4,-,-,-,-,-,-,-,2,2,-,-,-,-,-,-,-,174,170,-,-,-,-,-,3,1,9,9,-,-,-,-,-,-,-,17,16,-,-,-,-,-,1,-,14,13,-,-,-,-,-,1,-,15,13,-,-,-,-,-,2,-,11,10,-,-,-,-,-,1,-,12,9,-,-,-,-,-,3,-,17,14,1,-,-,-,-,1,1,29,28,-,-,-,-,-,1,-,16,13,-,-,-,-,-,3,-,24,17,-,-,-,-,1,6,-,12,10,-,-,-,-,-,2,-,20,14,-,-,-,-,-,6,-
,男　Ｍ．,324,272,2,3,1,-,5,38,4,66,64,-,-,-,-,-,1,1,9,7,-,-,-,-,-,2,-,7,7,-,-,-,-,-,-,-,2,2,-,-,-,-,-,-,-,1,1,-,-,-,-,-,-,-,85,81,-,-,-,-,-,3,1,5,5,-,-,-,-,-,-,-,10,10,-,-,-,-,-,-,-,10,9,-,-,-,-,-,1,-,7,6,-,-,-,-,-,1,-,6,6,-,-,-,-,-,-,-,5,3,-,-,-,-,-,2,-,11,8,1,-,-,-,-,1,1,13,12,-,-,-,-,-,1,-,10,8,-,-,-,-,-,2,-,14,8,-,-,-,-,1,5,-,3,3,-,-,-,-,-,-,-,8,6,-,-,-,-,-,2,-
,女　Ｆ．,408,330,3,13,2,-,27,34,1,71,71,-,-,-,-,-,-,-,6,6,-,-,-,-,-,-,-,9,9,-,-,-,-,-,-,-,2,2,-,-,-,-,-,-,-,1,1,-,-,-,-,-,-,-,89,89,-,-,-,-,-,-,-,4,4,-,-,-,-,-,-,-,7,6,-,-,-,-,-,1,-,4,4,-,-,-,-,-,-,-,8,7,-,-,-,-,-,1,-,5,4,-,-,-,-,-,1,-,7,6,-,-,-,-,-,1,-,6,6,-,-,-,-,-,-,-,16,16,-,-,-,-,-,-,-,6,5,-,-,-,-,-,1,-,10,9,-,-,-,-,-,1,-,9,7,-,-,-,-,-,2,-,12,8,-,-,-,-,-,4,-
17201　　　心臓の先天奇形　　　　　　　　　　　　　　　　　　　　　　　　　　　,総数,459,381,2,8,1,-,13,52,3,85,84,-,-,-,-,-,-,1,11,11,-,-,-,-,-,-,-,10,10,-,-,-,-,-,-,-,3,3,-,-,-,-,-,-,-,1,1,-,-,-,-,-,-,-,110,109,-,-,-,-,-,-,1,7,7,-,-,-,-,-,-,-,14,13,-,-,-,-,-,1,-,14,13,-,-,-,-,-,1,-,13,11,-,-,-,-,-,2,-,9,8,-,-,-,-,-,1,-,10,8,-,-,-,-,-,2,-,14,12,1,-,-,-,-,1,-,26,25,-,-,-,-,-,1,-,15,12,-,-,-,-,-,3,-,19,13,-,-,-,-,1,5,-,10,8,-,-,-,-,-,2,-,17,11,-,-,-,-,-,6,-
,男　Ｍ．,211,177,1,1,-,-,3,27,2,38,37,-,-,-,-,-,-,1,6,6,-,-,-,-,-,-,-,4,4,-,-,-,-,-,-,-,1,1,-,-,-,-,-,-,-,1,1,-,-,-,-,-,-,-,50,49,-,-,-,-,-,-,1,3,3,-,-,-,-,-,-,-,7,7,-,-,-,-,-,-,-,10,9,-,-,-,-,-,1,-,7,6,-,-,-,-,-,1,-,4,4,-,-,-,-,-,-,-,4,3,-,-,-,-,-,1,-,9,7,1,-,-,-,-,1,-,12,11,-,-,-,-,-,1,-,10,8,-,-,-,-,-,2,-,12,7,-,-,-,-,1,4,-,2,2,-,-,-,-,-,-,-,5,3,-,-,-,-,-,2,-
,女　Ｆ．,248,204,1,7,1,-,10,25,1,47,47,-,-,-,-,-,-,-,5,5,-,-,-,-,-,-,-,6,6,-,-,-,-,-,-,-,2,2,-,-,-,-,-,-,-,-,-,-,-,-,-,-,-,-,60,60,-,-,-,-,-,-,-,4,4,-,-,-,-,-,-,-,7,6,-,-,-,-,-,1,-,4,4,-,-,-,-,-,-,-,6,5,-,-,-,-,-,1,-,5,4,-,-,-,-,-,1,-,6,5,-,-,-,-,-,1,-,5,5,-,-,-,-,-,-,-,14,14,-,-,-,-,-,-,-,5,4,-,-,-,-,-,1,-,7,6,-,-,-,-,-,1,-,8,6,-,-,-,-,-,2,-,12,8,-,-,-,-,-,4,-
17202　　　その他の循環器系の先天奇形　　　　　　　　　　　　　　　　　　　　　,総数,273,221,3,8,2,-,19,20,2,52,51,-,-,-,-,-,1,-,4,2,-,-,-,-,-,2,-,6,6,-,-,-,-,-,-,-,1,1,-,-,-,-,-,-,-,1,1,-,-,-,-,-,-,-,64,61,-,-,-,-,-,3,-,2,2,-,-,-,-,-,-,-,3,3,-,-,-,-,-,-,-,-,-,-,-,-,-,-,-,-,2,2,-,-,-,-,-,-,-,2,2,-,-,-,-,-,-,-,2,1,-,-,-,-,-,1,-,3,2,-,-,-,-,-,-,1,3,3,-,-,-,-,-,-,-,1,1,-,-,-,-,-,-,-,5,4,-,-,-,-,-,1,-,2,2,-,-,-,-,-,-,-,3,3,-,-,-,-,-,-,-
,男　Ｍ．,113,95,1,2,1,-,2,11,2,28,27,-,-,-,-,-,1,-,3,1,-,-,-,-,-,2,-,3,3,-,-,-,-,-,-,-,1,1,-,-,-,-,-,-,-,-,-,-,-,-,-,-,-,-,35,32,-,-,-,-,-,3,-,2,2,-,-,-,-,-,-,-,3,3,-,-,-,-,-,-,-,-,-,-,-,-,-,-,-,-,-,-,-,-,-,-,-,-,-,2,2,-,-,-,-,-,-,-,1,-,-,-,-,-,-,1,-,2,1,-,-,-,-,-,-,1,1,1,-,-,-,-,-,-,-,-,-,-,-,-,-,-,-,-,2,1,-,-,-,-,-,1,-,1,1,-,-,-,-,-,-,-,3,3,-,-,-,-,-,-,-
,女　Ｆ．,160,126,2,6,1,-,17,9,-,24,24,-,-,-,-,-,-,-,1,1,-,-,-,-,-,-,-,3,3,-,-,-,-,-,-,-,-,-,-,-,-,-,-,-,-,1,1,-,-,-,-,-,-,-,29,29,-,-,-,-,-,-,-,-,-,-,-,-,-,-,-,-,-,-,-,-,-,-,-,-,-,-,-,-,-,-,-,-,-,-,2,2,-,-,-,-,-,-,-,-,-,-,-,-,-,-,-,-,1,1,-,-,-,-,-,-,-,1,1,-,-,-,-,-,-,-,2,2,-,-,-,-,-,-,-,1,1,-,-,-,-,-,-,-,3,3,-,-,-,-,-,-,-,1,1,-,-,-,-,-,-,-,-,-,-,-,-,-,-,-,-
17300　　消化器系の先天奇形　　　　　　　　　　　　　　　　　　　　　　　　　　,総数,94,81,1,1,-,-,3,8,-,16,15,-,-,-,-,-,1,-,-,-,-,-,-,-,-,-,-,1,1,-,-,-,-,-,-,-,1,1,-,-,-,-,-,-,-,-,-,-,-,-,-,-,-,-,18,17,-,-,-,-,-,1,-,4,4,-,-,-,-,-,-,-,-,-,-,-,-,-,-,-,-,3,2,-,-,-,-,-,1,-,-,-,-,-,-,-,-,-,-,-,-,-,-,-,-,-,-,-,3,3,-,-,-,-,-,-,-,3,1,-,-,-,-,-,2,-,3,3,-,-,-,-,-,-,-,1,1,-,-,-,-,-,-,-,2,2,-,-,-,-,-,-,-,3,2,-,-,-,-,-,1,-,4,4,-,-,-,-,-,-,-
,男　Ｍ．,40,32,1,1,-,-,1,5,-,7,7,-,-,-,-,-,-,-,-,-,-,-,-,-,-,-,-,1,1,-,-,-,-,-,-,-,1,1,-,-,-,-,-,-,-,-,-,-,-,-,-,-,-,-,9,9,-,-,-,-,-,-,-,2,2,-,-,-,-,-,-,-,-,-,-,-,-,-,-,-,-,1,-,-,-,-,-,-,1,-,-,-,-,-,-,-,-,-,-,-,-,-,-,-,-,-,-,-,1,1,-,-,-,-,-,-,-,3,1,-,-,-,-,-,2,-,-,-,-,-,-,-,-,-,-,1,1,-,-,-,-,-,-,-,-,-,-,-,-,-,-,-,-,2,1,-,-,-,-,-,1,-,2,2,-,-,-,-,-,-,-
,女　Ｆ．,54,49,-,-,-,-,2,3,-,9,8,-,-,-,-,-,1,-,-,-,-,-,-,-,-,-,-,-,-,-,-,-,-,-,-,-,-,-,-,-,-,-,-,-,-,-,-,-,-,-,-,-,-,-,9,8,-,-,-,-,-,1,-,2,2,-,-,-,-,-,-,-,-,-,-,-,-,-,-,-,-,2,2,-,-,-,-,-,-,-,-,-,-,-,-,-,-,-,-,-,-,-,-,-,-,-,-,-,2,2,-,-,-,-,-,-,-,-,-,-,-,-,-,-,-,-,3,3,-,-,-,-,-,-,-,-,-,-,-,-,-,-,-,-,2,2,-,-,-,-,-,-,-,1,1,-,-,-,-,-,-,-,2,2,-,-,-,-,-,-,-
17400　　その他の先天奇形及び変形　　　　　　　　　　　　　　　　　　　　　　　,総数,592,484,15,7,1,-,15,62,9,118,115,-,-,-,-,-,2,1,5,3,-,-,-,-,-,1,1,2,2,-,-,-,-,-,-,-,1,1,-,-,-,-,-,-,-,2,2,-,-,-,-,-,-,-,128,123,-,-,-,-,-,3,2,6,5,-,-,-,-,-,1,-,5,5,-,-,-,-,-,-,-,12,11,-,-,-,-,-,1,-,6,5,-,-,-,-,-,1,-,7,4,-,-,-,-,-,3,-,11,7,-,-,-,-,1,3,-,5,3,-,-,-,-,-,1,1,13,10,-,-,-,-,-,3,-,8,5,-,-,-,-,-,1,2,31,24,1,-,-,-,1,5,-,21,16,-,-,-,-,1,4,-,24,19,-,-,-,-,2,3,-
,男　Ｍ．,288,239,7,2,-,-,5,31,4,56,55,-,-,-,-,-,1,-,2,2,-,-,-,-,-,-,-,2,2,-,-,-,-,-,-,-,-,-,-,-,-,-,-,-,-,-,-,-,-,-,-,-,-,-,60,59,-,-,-,-,-,1,-,4,4,-,-,-,-,-,-,-,3,3,-,-,-,-,-,-,-,4,4,-,-,-,-,-,-,-,5,4,-,-,-,-,-,1,-,2,1,-,-,-,-,-,1,-,6,4,-,-,-,-,-,2,-,4,2,-,-,-,-,-,1,1,5,4,-,-,-,-,-,1,-,4,3,-,-,-,-,-,-,1,19,14,1,-,-,-,1,3,-,12,8,-,-,-,-,1,3,-,10,9,-,-,-,-,-,1,-
,女　Ｆ．,304,245,8,5,1,-,10,31,5,62,60,-,-,-,-,-,1,1,3,1,-,-,-,-,-,1,1,-,-,-,-,-,-,-,-,-,1,1,-,-,-,-,-,-,-,2,2,-,-,-,-,-,-,-,68,64,-,-,-,-,-,2,2,2,1,-,-,-,-,-,1,-,2,2,-,-,-,-,-,-,-,8,7,-,-,-,-,-,1,-,1,1,-,-,-,-,-,-,-,5,3,-,-,-,-,-,2,-,5,3,-,-,-,-,1,1,-,1,1,-,-,-,-,-,-,-,8,6,-,-,-,-,-,2,-,4,2,-,-,-,-,-,1,1,12,10,-,-,-,-,-,2,-,9,8,-,-,-,-,-,1,-,14,10,-,-,-,-,2,2,-
17500　　染色体異常，他に分類されないもの　　　　　　　　　　　　　　　　　　　,総数,418,327,5,7,5,-,28,43,8,113,105,-,-,-,-,-,8,-,22,18,-,-,-,-,-,4,-,7,7,-,-,-,-,-,-,-,8,7,-,-,-,-,-,1,-,8,7,-,-,-,-,-,1,-,158,144,-,-,-,-,-,14,-,16,15,-,-,-,-,-,1,-,12,11,-,-,-,-,-,1,-,4,2,-,-,-,-,-,2,-,5,4,-,-,-,-,-,1,-,5,4,-,-,-,-,-,1,-,7,7,-,-,-,-,-,-,-,6,5,-,-,-,-,-,1,-,2,1,-,-,-,-,-,1,-,16,10,-,-,-,-,1,4,1,32,28,-,1,1,-,1,2,-,52,32,1,1,-,-,9,7,2,43,26,1,2,1,-,6,5,3
,男　Ｍ．,190,143,2,5,4,-,17,18,5,46,42,-,-,-,-,-,4,-,8,7,-,-,-,-,-,1,-,1,1,-,-,-,-,-,-,-,3,3,-,-,-,-,-,-,-,2,2,-,-,-,-,-,-,-,60,55,-,-,-,-,-,5,-,6,5,-,-,-,-,-,1,-,4,4,-,-,-,-,-,-,-,3,1,-,-,-,-,-,2,-,4,3,-,-,-,-,-,1,-,3,3,-,-,-,-,-,-,-,5,5,-,-,-,-,-,-,-,5,4,-,-,-,-,-,1,-,-,-,-,-,-,-,-,-,-,5,3,-,-,-,-,-,1,1,18,16,-,1,1,-,1,-,-,25,14,1,-,-,-,7,2,1,21,12,-,2,1,-,2,3,2
,女　Ｆ．,228,184,3,2,1,-,11,25,3,67,63,-,-,-,-,-,4,-,14,11,-,-,-,-,-,3,-,6,6,-,-,-,-,-,-,-,5,4,-,-,-,-,-,1,-,6,5,-,-,-,-,-,1,-,98,89,-,-,-,-,-,9,-,10,10,-,-,-,-,-,-,-,8,7,-,-,-,-,-,1,-,1,1,-,-,-,-,-,-,-,1,1,-,-,-,-,-,-,-,2,1,-,-,-,-,-,1,-,2,2,-,-,-,-,-,-,-,1,1,-,-,-,-,-,-,-,2,1,-,-,-,-,-,1,-,11,7,-,-,-,-,1,3,-,14,12,-,-,-,-,-,2,-,27,18,-,1,-,-,2,5,1,22,14,1,-,-,-,4,2,1
18000　症状，徴候及び異常臨床所見・異常検査所見で他に分類されないもの　　　　　,総数,247238,75746,3081,22558,5073,-,83362,56775,5716,181,106,-,-,-,-,-,72,3,23,17,-,-,-,-,-,5,1,10,9,-,-,-,-,-,1,-,4,2,-,-,-,-,-,2,-,2,2,-,-,-,-,-,-,-,220,136,-,-,-,-,-,80,4,13,9,-,-,-,-,-,4,-,11,6,-,-,-,-,-,4,1,37,18,-,-,-,-,-,14,5,83,28,-,-,-,-,-,32,23,101,23,-,-,-,-,-,57,21,114,29,-,-,-,-,-,59,26,218,55,-,-,-,-,-,137,26,394,85,1,-,-,-,-,260,48,656,150,1,-,-,-,1,442,62,1317,244,1,-,-,-,4,969,99,1899,311,-,-,-,-,10,1462,116,2483,389,9,5,-,-,37,1919,124
,男　Ｍ．,84668,28248,979,6050,1356,-,19630,27376,2385,104,61,-,-,-,-,-,42,1,15,12,-,-,-,-,-,2,1,6,5,-,-,-,-,-,1,-,2,2,-,-,-,-,-,-,-,-,-,-,-,-,-,-,-,-,127,80,-,-,-,-,-,45,2,8,5,-,-,-,-,-,3,-,8,4,-,-,-,-,-,4,-,22,10,-,-,-,-,-,9,3,53,18,-,-,-,-,-,17,18,63,12,-,-,-,-,-,35,16,89,19,-,-,-,-,-,48,22,148,36,-,-,-,-,-,92,20,305,68,-,-,-,-,-,196,41,509,99,-,-,-,-,-,359,51,1044,191,1,-,-,-,1,768,83,1589,235,-,-,-,-,8,1246,100,2041,286,7,3,-,-,26,1614,105
,女　Ｆ．,162570,47498,2102,16508,3717,-,63732,29399,3331,77,45,-,-,-,-,-,30,2,8,5,-,-,-,-,-,3,-,4,4,-,-,-,-,-,-,-,2,-,-,-,-,-,-,2,-,2,2,-,-,-,-,-,-,-,93,56,-,-,-,-,-,35,2,5,4,-,-,-,-,-,1,-,3,2,-,-,-,-,-,-,1,15,8,-,-,-,-,-,5,2,30,10,-,-,-,-,-,15,5,38,11,-,-,-,-,-,22,5,25,10,-,-,-,-,-,11,4,70,19,-,-,-,-,-,45,6,89,17,1,-,-,-,-,64,7,147,51,1,-,-,-,1,83,11,273,53,-,-,-,-,3,201,16,310,76,-,-,-,-,2,216,16,442,103,2,2,-,-,11,305,19
18100　　老衰　　　　　　　　　　　　　　　　　　　　　　　　　　　　　　　　　,総数,206887,63851,2915,22143,4958,-,82122,32046,3810,-,-,-,-,-,-,-,-,-,-,-,-,-,-,-,-,-,-,-,-,-,-,-,-,-,-,-,-,-,-,-,-,-,-,-,-,-,-,-,-,-,-,-,-,-,-,-,-,-,-,-,-,-,-,-,-,-,-,-,-,-,-,-,-,-,-,-,-,-,-,-,-,-,-,-,-,-,-,-,-,-,-,-,-,-,-,-,-,-,-,-,-,-,-,-,-,-,-,-,-,-,-,-,-,-,-,-,-,-,-,-,-,-,-,-,-,-,-,-,-,-,-,-,-,-,-,-,-,-,-,-,-,-,-,-,-,-,-,-,-,-,-,-,-,-,-,-,-,-,-,-,-,-,66,21,1,4,-,-,28,11,1
,男　Ｍ．,58793,21814,904,5927,1324,-,19198,9978,972,-,-,-,-,-,-,-,-,-,-,-,-,-,-,-,-,-,-,-,-,-,-,-,-,-,-,-,-,-,-,-,-,-,-,-,-,-,-,-,-,-,-,-,-,-,-,-,-,-,-,-,-,-,-,-,-,-,-,-,-,-,-,-,-,-,-,-,-,-,-,-,-,-,-,-,-,-,-,-,-,-,-,-,-,-,-,-,-,-,-,-,-,-,-,-,-,-,-,-,-,-,-,-,-,-,-,-,-,-,-,-,-,-,-,-,-,-,-,-,-,-,-,-,-,-,-,-,-,-,-,-,-,-,-,-,-,-,-,-,-,-,-,-,-,-,-,-,-,-,-,-,-,-,39,12,-,3,-,-,20,3,1
,女　Ｆ．,148094,42037,2011,16216,3634,-,62924,22068,2838,-,-,-,-,-,-,-,-,-,-,-,-,-,-,-,-,-,-,-,-,-,-,-,-,-,-,-,-,-,-,-,-,-,-,-,-,-,-,-,-,-,-,-,-,-,-,-,-,-,-,-,-,-,-,-,-,-,-,-,-,-,-,-,-,-,-,-,-,-,-,-,-,-,-,-,-,-,-,-,-,-,-,-,-,-,-,-,-,-,-,-,-,-,-,-,-,-,-,-,-,-,-,-,-,-,-,-,-,-,-,-,-,-,-,-,-,-,-,-,-,-,-,-,-,-,-,-,-,-,-,-,-,-,-,-,-,-,-,-,-,-,-,-,-,-,-,-,-,-,-,-,-,-,27,9,1,1,-,-,8,8,-
18200　　乳幼児突然死症候群　　　　　　　　　　　　　　　　　　　　　　　　　　,総数,58,36,-,-,-,-,-,20,2,55,33,-,-,-,-,-,20,2,3,3,-,-,-,-,-,-,-,-,-,-,-,-,-,-,-,-,-,-,-,-,-,-,-,-,-,-,-,-,-,-,-,-,-,-,58,36,-,-,-,-,-,20,2,-,-,-,-,-,-,-,-,-,-,-,-,-,-,-,-,-,-,-,-,-,-,-,-,-,-,-,-,-,-,-,-,-,-,-,-,-,-,-,-,-,-,-,-,-,-,-,-,-,-,-,-,-,-,-,-,-,-,-,-,-,-,-,-,-,-,-,-,-,-,-,-,-,-,-,-,-,-,-,-,-,-,-,-,-,-,-,-,-,-,-,-,-,-,-,-,-,-,-,-,-,-,-,-,-,-,-,-
,男　Ｍ．,37,27,-,-,-,-,-,9,1,34,24,-,-,-,-,-,9,1,3,3,-,-,-,-,-,-,-,-,-,-,-,-,-,-,-,-,-,-,-,-,-,-,-,-,-,-,-,-,-,-,-,-,-,-,37,27,-,-,-,-,-,9,1,-,-,-,-,-,-,-,-,-,-,-,-,-,-,-,-,-,-,-,-,-,-,-,-,-,-,-,-,-,-,-,-,-,-,-,-,-,-,-,-,-,-,-,-,-,-,-,-,-,-,-,-,-,-,-,-,-,-,-,-,-,-,-,-,-,-,-,-,-,-,-,-,-,-,-,-,-,-,-,-,-,-,-,-,-,-,-,-,-,-,-,-,-,-,-,-,-,-,-,-,-,-,-,-,-,-,-,-
,女　Ｆ．,21,9,-,-,-,-,-,11,1,21,9,-,-,-,-,-,11,1,-,-,-,-,-,-,-,-,-,-,-,-,-,-,-,-,-,-,-,-,-,-,-,-,-,-,-,-,-,-,-,-,-,-,-,-,21,9,-,-,-,-,-,11,1,-,-,-,-,-,-,-,-,-,-,-,-,-,-,-,-,-,-,-,-,-,-,-,-,-,-,-,-,-,-,-,-,-,-,-,-,-,-,-,-,-,-,-,-,-,-,-,-,-,-,-,-,-,-,-,-,-,-,-,-,-,-,-,-,-,-,-,-,-,-,-,-,-,-,-,-,-,-,-,-,-,-,-,-,-,-,-,-,-,-,-,-,-,-,-,-,-,-,-,-,-,-,-,-,-,-,-,-
18300　　その他の症状，徴候及び異常臨床所見・異常検査所見で他に分類されないもの,総数,40293,11859,166,415,115,-,1240,24709,1904,126,73,-,-,-,-,-,52,1,20,14,-,-,-,-,-,5,1,10,9,-,-,-,-,-,1,-,4,2,-,-,-,-,-,2,-,2,2,-,-,-,-,-,-,-,162,100,-,-,-,-,-,60,2,13,9,-,-,-,-,-,4,-,11,6,-,-,-,-,-,4,1,37,18,-,-,-,-,-,14,5,83,28,-,-,-,-,-,32,23,101,23,-,-,-,-,-,57,21,114,29,-,-,-,-,-,59,26,218,55,-,-,-,-,-,137,26,394,85,1,-,-,-,-,260,48,656,150,1,-,-,-,1,442,62,1317,244,1,-,-,-,4,969,99,1899,311,-,-,-,-,10,1462,116,2417,368,8,1,-,-,9,1908,123
,男　Ｍ．,25838,6407,75,123,32,-,432,17389,1412,70,37,-,-,-,-,-,33,-,12,9,-,-,-,-,-,2,1,6,5,-,-,-,-,-,1,-,2,2,-,-,-,-,-,-,-,-,-,-,-,-,-,-,-,-,90,53,-,-,-,-,-,36,1,8,5,-,-,-,-,-,3,-,8,4,-,-,-,-,-,4,-,22,10,-,-,-,-,-,9,3,53,18,-,-,-,-,-,17,18,63,12,-,-,-,-,-,35,16,89,19,-,-,-,-,-,48,22,148,36,-,-,-,-,-,92,20,305,68,-,-,-,-,-,196,41,509,99,-,-,-,-,-,359,51,1044,191,1,-,-,-,1,768,83,1589,235,-,-,-,-,8,1246,100,2002,274,7,-,-,-,6,1611,104
,女　Ｆ．,14455,5452,91,292,83,-,808,7320,492,56,36,-,-,-,-,-,19,1,8,5,-,-,-,-,-,3,-,4,4,-,-,-,-,-,-,-,2,-,-,-,-,-,-,2,-,2,2,-,-,-,-,-,-,-,72,47,-,-,-,-,-,24,1,5,4,-,-,-,-,-,1,-,3,2,-,-,-,-,-,-,1,15,8,-,-,-,-,-,5,2,30,10,-,-,-,-,-,15,5,38,11,-,-,-,-,-,22,5,25,10,-,-,-,-,-,11,4,70,19,-,-,-,-,-,45,6,89,17,1,-,-,-,-,64,7,147,51,1,-,-,-,1,83,11,273,53,-,-,-,-,3,201,16,310,76,-,-,-,-,2,216,16,415,94,1,1,-,-,3,297,19
20000　傷病及び死亡の外因　　　　　　　　　　　　　　　　　　　　　　　　　　　,総数,74680,42175,417,1334,472,-,2252,19051,9451,84,44,-,-,-,-,-,31,9,25,18,-,-,-,-,-,6,1,25,19,-,-,-,-,-,4,2,10,5,-,-,-,-,-,1,4,17,12,-,-,-,-,-,3,2,161,98,-,-,-,-,-,45,18,73,52,-,-,-,-,-,7,14,210,137,-,-,-,-,-,41,32,847,399,1,-,-,-,-,218,229,1574,531,2,-,-,-,-,542,499,1481,461,3,-,-,-,-,528,489,1390,390,3,-,-,-,-,515,482,1588,488,-,-,-,-,-,570,530,1941,636,6,-,-,-,-,686,613,2440,849,3,-,-,-,-,862,726,3094,1167,6,1,1,-,2,1102,816,3109,1335,10,1,-,-,2,1107,654,3076,1387,5,3,3,-,11,1068,602
,男　Ｍ．,44786,24810,218,512,214,-,861,11351,7034,39,21,-,-,-,-,-,14,4,14,12,-,-,-,-,-,1,1,14,10,-,-,-,-,-,4,-,2,1,-,-,-,-,-,-,1,11,8,-,-,-,-,-,2,1,80,52,-,-,-,-,-,21,7,49,38,-,-,-,-,-,3,8,109,76,-,-,-,-,-,21,12,455,231,-,-,-,-,-,100,124,1005,327,2,-,-,-,-,325,351,951,290,2,-,-,-,-,314,345,981,230,3,-,-,-,-,362,386,1152,323,-,-,-,-,-,407,422,1447,434,5,-,-,-,-,498,510,1788,577,2,-,-,-,-,619,590,2220,793,6,-,-,-,1,768,652,2284,967,8,1,-,-,2,776,530,2244,977,4,2,2,-,8,771,482
,女　Ｆ．,29894,17365,199,822,258,-,1391,7700,2417,45,23,-,-,-,-,-,17,5,11,6,-,-,-,-,-,5,-,11,9,-,-,-,-,-,-,2,8,4,-,-,-,-,-,1,3,6,4,-,-,-,-,-,1,1,81,46,-,-,-,-,-,24,11,24,14,-,-,-,-,-,4,6,101,61,-,-,-,-,-,20,20,392,168,1,-,-,-,-,118,105,569,204,-,-,-,-,-,217,148,530,171,1,-,-,-,-,214,144,409,160,-,-,-,-,-,153,96,436,165,-,-,-,-,-,163,108,494,202,1,-,-,-,-,188,103,652,272,1,-,-,-,-,243,136,874,374,-,1,1,-,1,334,164,825,368,2,-,-,-,-,331,124,832,410,1,1,1,-,3,297,120
20100　　不慮の事故　　　　　　　　　　　　　　　　　　　　　　　　　　　　　　,総数,45743,31414,294,679,229,-,1358,9194,2804,51,29,-,-,-,-,-,19,3,16,14,-,-,-,-,-,2,-,18,15,-,-,-,-,-,1,2,8,5,-,-,-,-,-,1,2,7,6,-,-,-,-,-,-,1,100,69,-,-,-,-,-,23,8,46,37,-,-,-,-,-,2,7,51,36,-,-,-,-,-,10,5,167,127,1,-,-,-,-,10,29,242,175,-,-,-,-,-,24,43,248,151,2,-,-,-,-,39,56,179,107,1,-,-,-,-,27,44,273,162,-,-,-,-,-,41,70,376,214,2,-,-,-,-,73,87,524,305,1,-,-,-,-,117,101,836,520,1,1,1,-,2,173,139,1073,688,6,-,-,-,1,243,135,1330,781,3,2,2,-,8,350,186
,男　Ｍ．,25985,18203,145,268,105,-,491,4857,2021,22,14,-,-,-,-,-,7,1,9,9,-,-,-,-,-,-,-,10,9,-,-,-,-,-,1,-,2,1,-,-,-,-,-,-,1,3,3,-,-,-,-,-,-,-,46,36,-,-,-,-,-,8,2,33,27,-,-,-,-,-,1,5,36,26,-,-,-,-,-,7,3,125,100,-,-,-,-,-,3,22,170,125,-,-,-,-,-,12,33,178,117,1,-,-,-,-,19,41,126,75,1,-,-,-,-,15,35,204,121,-,-,-,-,-,27,56,289,170,2,-,-,-,-,48,69,398,234,-,-,-,-,-,77,87,638,394,1,-,-,-,1,123,119,822,532,5,-,-,-,1,167,117,996,590,3,1,1,-,6,242,154
,女　Ｆ．,19758,13211,149,411,124,-,867,4337,783,29,15,-,-,-,-,-,12,2,7,5,-,-,-,-,-,2,-,8,6,-,-,-,-,-,-,2,6,4,-,-,-,-,-,1,1,4,3,-,-,-,-,-,-,1,54,33,-,-,-,-,-,15,6,13,10,-,-,-,-,-,1,2,15,10,-,-,-,-,-,3,2,42,27,1,-,-,-,-,7,7,72,50,-,-,-,-,-,12,10,70,34,1,-,-,-,-,20,15,53,32,-,-,-,-,-,12,9,69,41,-,-,-,-,-,14,14,87,44,-,-,-,-,-,25,18,126,71,1,-,-,-,-,40,14,198,126,-,1,1,-,1,50,20,251,156,1,-,-,-,-,76,18,334,191,-,1,1,-,2,108,32
20101　　　交通事故　　　　　　　　　　　　　　　　　　　　　　　　　　　　　　,総数,3511,2920,8,1,1,-,4,21,557,4,4,-,-,-,-,-,-,-,4,4,-,-,-,-,-,-,-,8,7,-,-,-,-,-,-,1,2,1,-,-,-,-,-,-,1,1,-,-,-,-,-,-,-,1,19,16,-,-,-,-,-,-,3,20,17,-,-,-,-,-,-,3,7,6,-,-,-,-,-,-,1,97,83,-,-,-,-,-,-,14,125,108,-,-,-,-,-,-,17,101,77,-,-,-,-,-,-,24,65,52,1,-,-,-,-,-,12,93,71,-,-,-,-,-,1,21,113,79,2,-,-,-,-,1,31,147,115,-,-,-,-,-,1,31,188,156,-,-,-,-,-,-,32,241,194,1,-,-,-,-,-,46,192,159,-,-,-,-,-,-,33
,男　Ｍ．,2395,1940,8,1,1,-,4,16,426,1,1,-,-,-,-,-,-,-,2,2,-,-,-,-,-,-,-,3,3,-,-,-,-,-,-,-,-,-,-,-,-,-,-,-,-,-,-,-,-,-,-,-,-,-,6,6,-,-,-,-,-,-,-,14,13,-,-,-,-,-,-,1,6,5,-,-,-,-,-,-,1,84,73,-,-,-,-,-,-,11,96,83,-,-,-,-,-,-,13,82,66,-,-,-,-,-,-,16,49,37,1,-,-,-,-,-,11,78,61,-,-,-,-,-,-,17,99,69,2,-,-,-,-,-,28,122,95,-,-,-,-,-,1,26,157,129,-,-,-,-,-,-,28,200,158,1,-,-,-,-,-,41,154,126,-,-,-,-,-,-,28
,女　Ｆ．,1116,980,-,-,-,-,-,5,131,3,3,-,-,-,-,-,-,-,2,2,-,-,-,-,-,-,-,5,4,-,-,-,-,-,-,1,2,1,-,-,-,-,-,-,1,1,-,-,-,-,-,-,-,1,13,10,-,-,-,-,-,-,3,6,4,-,-,-,-,-,-,2,1,1,-,-,-,-,-,-,-,13,10,-,-,-,-,-,-,3,29,25,-,-,-,-,-,-,4,19,11,-,-,-,-,-,-,8,16,15,-,-,-,-,-,-,1,15,10,-,-,-,-,-,1,4,14,10,-,-,-,-,-,1,3,25,20,-,-,-,-,-,-,5,31,27,-,-,-,-,-,-,4,41,36,-,-,-,-,-,-,5,38,33,-,-,-,-,-,-,5
20102　　　転倒・転落・墜落　　　　　　　　　　　　　　　　　　　　　　　　　　,総数,11935,9407,126,352,116,-,622,1021,407,-,-,-,-,-,-,-,-,-,-,-,-,-,-,-,-,-,-,1,1,-,-,-,-,-,-,-,2,2,-,-,-,-,-,-,-,1,1,-,-,-,-,-,-,-,4,4,-,-,-,-,-,-,-,3,3,-,-,-,-,-,-,-,4,4,-,-,-,-,-,-,-,16,11,1,-,-,-,-,-,4,27,22,-,-,-,-,-,-,5,29,19,1,-,-,-,-,2,7,16,10,-,-,-,-,-,-,6,28,19,-,-,-,-,-,2,7,55,35,-,-,-,-,-,7,13,59,46,-,-,-,-,-,5,8,120,87,-,-,-,-,-,17,16,152,115,1,-,-,-,-,17,19,244,169,2,-,-,-,1,41,31
,男　Ｍ．,6082,5033,55,90,35,-,148,464,292,-,-,-,-,-,-,-,-,-,-,-,-,-,-,-,-,-,-,1,1,-,-,-,-,-,-,-,-,-,-,-,-,-,-,-,-,-,-,-,-,-,-,-,-,-,1,1,-,-,-,-,-,-,-,3,3,-,-,-,-,-,-,-,1,1,-,-,-,-,-,-,-,11,8,-,-,-,-,-,-,3,21,17,-,-,-,-,-,-,4,19,14,-,-,-,-,-,1,4,13,7,-,-,-,-,-,-,6,22,16,-,-,-,-,-,1,5,39,26,-,-,-,-,-,3,10,48,37,-,-,-,-,-,3,8,96,69,-,-,-,-,-,14,13,128,96,1,-,-,-,-,15,16,206,142,2,-,-,-,1,33,28
,女　Ｆ．,5853,4374,71,262,81,-,474,557,115,-,-,-,-,-,-,-,-,-,-,-,-,-,-,-,-,-,-,-,-,-,-,-,-,-,-,-,2,2,-,-,-,-,-,-,-,1,1,-,-,-,-,-,-,-,3,3,-,-,-,-,-,-,-,-,-,-,-,-,-,-,-,-,3,3,-,-,-,-,-,-,-,5,3,1,-,-,-,-,-,1,6,5,-,-,-,-,-,-,1,10,5,1,-,-,-,-,1,3,3,3,-,-,-,-,-,-,-,6,3,-,-,-,-,-,1,2,16,9,-,-,-,-,-,4,3,11,9,-,-,-,-,-,2,-,24,18,-,-,-,-,-,3,3,24,19,-,-,-,-,-,2,3,38,27,-,-,-,-,-,8,3
20103　　　不慮の溺死及び溺水　　　　　　　　　　　　　　　　　　　　　　　　　,総数,9905,4626,29,1,-,-,17,4484,748,-,-,-,-,-,-,-,-,-,5,4,-,-,-,-,-,1,-,2,1,-,-,-,-,-,-,1,-,-,-,-,-,-,-,-,-,2,2,-,-,-,-,-,-,-,9,7,-,-,-,-,-,1,1,12,9,-,-,-,-,-,2,1,24,19,-,-,-,-,-,4,1,21,14,-,-,-,-,-,2,5,22,8,-,-,-,-,-,5,9,26,9,-,-,-,-,-,6,11,14,5,-,-,-,-,-,3,6,37,13,-,-,-,-,-,9,15,39,23,-,-,-,-,-,8,8,60,23,-,-,-,-,-,18,19,102,41,1,-,-,-,-,29,31,130,47,-,-,-,-,-,62,21,237,68,1,-,-,-,-,121,47
,男　Ｍ．,5236,2436,13,1,-,-,10,2239,537,-,-,-,-,-,-,-,-,-,2,2,-,-,-,-,-,-,-,1,1,-,-,-,-,-,-,-,-,-,-,-,-,-,-,-,-,1,1,-,-,-,-,-,-,-,4,4,-,-,-,-,-,-,-,9,7,-,-,-,-,-,1,1,18,15,-,-,-,-,-,2,1,16,10,-,-,-,-,-,1,5,14,5,-,-,-,-,-,3,6,19,5,-,-,-,-,-,3,11,10,4,-,-,-,-,-,1,5,24,4,-,-,-,-,-,6,14,28,16,-,-,-,-,-,6,6,36,13,-,-,-,-,-,9,14,74,30,1,-,-,-,-,17,26,95,32,-,-,-,-,-,44,19,170,46,1,-,-,-,-,85,38
,女　Ｆ．,4669,2190,16,-,-,-,7,2245,211,-,-,-,-,-,-,-,-,-,3,2,-,-,-,-,-,1,-,1,-,-,-,-,-,-,-,1,-,-,-,-,-,-,-,-,-,1,1,-,-,-,-,-,-,-,5,3,-,-,-,-,-,1,1,3,2,-,-,-,-,-,1,-,6,4,-,-,-,-,-,2,-,5,4,-,-,-,-,-,1,-,8,3,-,-,-,-,-,2,3,7,4,-,-,-,-,-,3,-,4,1,-,-,-,-,-,2,1,13,9,-,-,-,-,-,3,1,11,7,-,-,-,-,-,2,2,24,10,-,-,-,-,-,9,5,28,11,-,-,-,-,-,12,5,35,15,-,-,-,-,-,18,2,67,22,-,-,-,-,-,36,9
20104　　　不慮の窒息　　　　　　　　　　　　　　　　　　　　　　　　　　　　　,総数,8186,6764,64,145,32,-,402,702,109,45,23,-,-,-,-,-,19,3,6,5,-,-,-,-,-,1,-,7,6,-,-,-,-,-,1,-,3,2,-,-,-,-,-,1,-,3,3,-,-,-,-,-,-,-,64,39,-,-,-,-,-,22,3,5,5,-,-,-,-,-,-,-,2,1,-,-,-,-,-,1,-,8,7,-,-,-,-,-,1,-,17,10,-,-,-,-,-,6,1,15,11,-,-,-,-,-,3,1,18,11,-,-,-,-,-,5,2,29,23,-,-,-,-,-,3,3,46,28,-,-,-,-,-,15,3,86,54,1,-,-,-,-,25,6,151,110,-,-,-,-,2,34,5,163,134,-,-,-,-,-,24,5,220,176,-,1,1,-,7,27,9
,男　Ｍ．,4256,3537,31,63,14,-,152,400,73,21,13,-,-,-,-,-,7,1,4,4,-,-,-,-,-,-,-,5,4,-,-,-,-,-,1,-,1,1,-,-,-,-,-,-,-,2,2,-,-,-,-,-,-,-,33,24,-,-,-,-,-,8,1,3,3,-,-,-,-,-,-,-,2,1,-,-,-,-,-,1,-,5,4,-,-,-,-,-,1,-,11,7,-,-,-,-,-,4,-,13,10,-,-,-,-,-,2,1,16,10,-,-,-,-,-,4,2,18,13,-,-,-,-,-,2,3,35,20,-,-,-,-,-,13,2,64,40,-,-,-,-,-,18,6,91,67,-,-,-,-,1,18,5,118,97,-,-,-,-,-,18,3,146,116,-,-,-,-,5,17,8
,女　Ｆ．,3930,3227,33,82,18,-,250,302,36,24,10,-,-,-,-,-,12,2,2,1,-,-,-,-,-,1,-,2,2,-,-,-,-,-,-,-,2,1,-,-,-,-,-,1,-,1,1,-,-,-,-,-,-,-,31,15,-,-,-,-,-,14,2,2,2,-,-,-,-,-,-,-,-,-,-,-,-,-,-,-,-,3,3,-,-,-,-,-,-,-,6,3,-,-,-,-,-,2,1,2,1,-,-,-,-,-,1,-,2,1,-,-,-,-,-,1,-,11,10,-,-,-,-,-,1,-,11,8,-,-,-,-,-,2,1,22,14,1,-,-,-,-,7,-,60,43,-,-,-,-,1,16,-,45,37,-,-,-,-,-,6,2,74,60,-,1,1,-,2,10,1
20105　　　煙，火及び火炎への曝露　　　　　　　　　　　　　　　　　　　　　　　,総数,982,379,3,3,1,-,1,528,68,-,-,-,-,-,-,-,-,-,-,-,-,-,-,-,-,-,-,-,-,-,-,-,-,-,-,-,-,-,-,-,-,-,-,-,-,-,-,-,-,-,-,-,-,-,-,-,-,-,-,-,-,-,-,-,-,-,-,-,-,-,-,-,2,-,-,-,-,-,-,2,-,-,-,-,-,-,-,-,-,-,2,1,-,-,-,-,-,1,-,8,2,-,-,-,-,-,6,-,4,1,-,-,-,-,-,3,-,4,-,-,-,-,-,-,4,-,7,3,-,-,-,-,-,3,1,18,7,-,-,-,-,-,11,-,28,11,-,-,-,-,-,13,4,40,17,-,-,-,-,-,20,3,63,20,-,-,-,-,-,41,2
,男　Ｍ．,617,246,2,1,1,-,1,323,44,-,-,-,-,-,-,-,-,-,-,-,-,-,-,-,-,-,-,-,-,-,-,-,-,-,-,-,-,-,-,-,-,-,-,-,-,-,-,-,-,-,-,-,-,-,-,-,-,-,-,-,-,-,-,-,-,-,-,-,-,-,-,-,1,-,-,-,-,-,-,1,-,-,-,-,-,-,-,-,-,-,1,-,-,-,-,-,-,1,-,6,2,-,-,-,-,-,4,-,2,1,-,-,-,-,-,1,-,4,-,-,-,-,-,-,4,-,4,3,-,-,-,-,-,1,-,10,2,-,-,-,-,-,8,-,24,9,-,-,-,-,-,12,3,30,13,-,-,-,-,-,14,3,43,16,-,-,-,-,-,25,2
,女　Ｆ．,365,133,1,2,-,-,-,205,24,-,-,-,-,-,-,-,-,-,-,-,-,-,-,-,-,-,-,-,-,-,-,-,-,-,-,-,-,-,-,-,-,-,-,-,-,-,-,-,-,-,-,-,-,-,-,-,-,-,-,-,-,-,-,-,-,-,-,-,-,-,-,-,1,-,-,-,-,-,-,1,-,-,-,-,-,-,-,-,-,-,1,1,-,-,-,-,-,-,-,2,-,-,-,-,-,-,2,-,2,-,-,-,-,-,-,2,-,-,-,-,-,-,-,-,-,-,3,-,-,-,-,-,-,2,1,8,5,-,-,-,-,-,3,-,4,2,-,-,-,-,-,1,1,10,4,-,-,-,-,-,6,-,20,4,-,-,-,-,-,16,-
20106　　　有害物質による不慮の中毒及び有害物質への曝露　　　　　　　　　　　　,総数,543,228,2,1,1,-,3,223,86,-,-,-,-,-,-,-,-,-,-,-,-,-,-,-,-,-,-,-,-,-,-,-,-,-,-,-,-,-,-,-,-,-,-,-,-,-,-,-,-,-,-,-,-,-,-,-,-,-,-,-,-,-,-,-,-,-,-,-,-,-,-,-,1,1,-,-,-,-,-,-,-,14,6,-,-,-,-,-,5,3,28,10,-,-,-,-,-,12,6,38,15,-,-,-,-,-,18,5,26,10,-,-,-,-,-,10,6,35,14,-,-,-,-,-,12,9,36,9,-,-,-,-,-,20,7,44,13,-,-,-,-,-,24,7,59,23,-,-,-,-,-,25,11,72,26,-,-,-,-,-,35,11,36,12,-,-,-,-,-,13,11
,男　Ｍ．,332,136,-,-,-,-,1,124,71,-,-,-,-,-,-,-,-,-,-,-,-,-,-,-,-,-,-,-,-,-,-,-,-,-,-,-,-,-,-,-,-,-,-,-,-,-,-,-,-,-,-,-,-,-,-,-,-,-,-,-,-,-,-,-,-,-,-,-,-,-,-,-,-,-,-,-,-,-,-,-,-,3,2,-,-,-,-,-,-,1,11,2,-,-,-,-,-,4,5,16,5,-,-,-,-,-,7,4,12,3,-,-,-,-,-,5,4,24,9,-,-,-,-,-,8,7,23,5,-,-,-,-,-,11,7,31,11,-,-,-,-,-,14,6,42,15,-,-,-,-,-,17,10,47,18,-,-,-,-,-,19,10,22,8,-,-,-,-,-,7,7
,女　Ｆ．,211,92,2,1,1,-,2,99,15,-,-,-,-,-,-,-,-,-,-,-,-,-,-,-,-,-,-,-,-,-,-,-,-,-,-,-,-,-,-,-,-,-,-,-,-,-,-,-,-,-,-,-,-,-,-,-,-,-,-,-,-,-,-,-,-,-,-,-,-,-,-,-,1,1,-,-,-,-,-,-,-,11,4,-,-,-,-,-,5,2,17,8,-,-,-,-,-,8,1,22,10,-,-,-,-,-,11,1,14,7,-,-,-,-,-,5,2,11,5,-,-,-,-,-,4,2,13,4,-,-,-,-,-,9,-,13,2,-,-,-,-,-,10,1,17,8,-,-,-,-,-,8,1,25,8,-,-,-,-,-,16,1,14,4,-,-,-,-,-,6,4
20107　　　その他の不慮の事故　　　　　　　　　　　　　　　　　　　　　　　　　,総数,10681,7090,62,176,78,-,309,2215,829,2,2,-,-,-,-,-,-,-,1,1,-,-,-,-,-,-,-,-,-,-,-,-,-,-,-,-,1,-,-,-,-,-,-,-,1,-,-,-,-,-,-,-,-,-,4,3,-,-,-,-,-,-,1,6,3,-,-,-,-,-,-,3,11,5,-,-,-,-,-,3,3,11,6,-,-,-,-,-,2,3,21,16,-,-,-,-,-,-,5,31,18,1,-,-,-,-,4,8,36,18,-,-,-,-,-,6,12,47,22,-,-,-,-,-,10,15,80,37,-,-,-,-,-,19,24,110,47,-,-,-,-,-,33,30,188,92,-,1,1,-,-,55,40,275,155,4,-,-,-,1,85,30,338,177,-,1,1,-,-,107,53
,男　Ｍ．,7067,4875,36,112,54,-,175,1291,578,-,-,-,-,-,-,-,-,-,1,1,-,-,-,-,-,-,-,-,-,-,-,-,-,-,-,-,1,-,-,-,-,-,-,-,1,-,-,-,-,-,-,-,-,-,2,1,-,-,-,-,-,-,1,4,1,-,-,-,-,-,-,3,8,4,-,-,-,-,-,3,1,6,3,-,-,-,-,-,1,2,16,11,-,-,-,-,-,-,5,23,15,1,-,-,-,-,2,5,24,13,-,-,-,-,-,4,7,34,18,-,-,-,-,-,6,10,61,31,-,-,-,-,-,14,16,87,36,-,-,-,-,-,24,27,154,75,-,-,-,-,-,45,34,204,118,3,-,-,-,1,57,25,255,136,-,1,1,-,-,75,43
,女　Ｆ．,3614,2215,26,64,24,-,134,924,251,2,2,-,-,-,-,-,-,-,-,-,-,-,-,-,-,-,-,-,-,-,-,-,-,-,-,-,-,-,-,-,-,-,-,-,-,-,-,-,-,-,-,-,-,-,2,2,-,-,-,-,-,-,-,2,2,-,-,-,-,-,-,-,3,1,-,-,-,-,-,-,2,5,3,-,-,-,-,-,1,1,5,5,-,-,-,-,-,-,-,8,3,-,-,-,-,-,2,3,12,5,-,-,-,-,-,2,5,13,4,-,-,-,-,-,4,5,19,6,-,-,-,-,-,5,8,23,11,-,-,-,-,-,9,3,34,17,-,1,1,-,-,10,6,71,37,1,-,-,-,-,28,5,83,41,-,-,-,-,-,32,10
20200　　自殺　　　　　　　　　　　　　　　　　　　　　　　　　　　　　　　　　,総数,19608,5775,35,14,2,-,83,8325,5376,-,-,-,-,-,-,-,-,-,-,-,-,-,-,-,-,-,-,-,-,-,-,-,-,-,-,-,-,-,-,-,-,-,-,-,-,-,-,-,-,-,-,-,-,-,-,-,-,-,-,-,-,-,-,2,1,-,-,-,-,-,-,1,132,80,-,-,-,-,-,30,22,627,251,-,-,-,-,-,199,177,1219,316,1,-,-,-,-,496,406,1127,273,1,-,-,-,-,465,388,1121,251,2,-,-,-,-,471,397,1212,290,-,-,-,-,-,503,419,1407,356,3,-,-,-,-,576,472,1721,469,1,-,-,-,-,695,556,1985,528,5,-,-,-,-,873,579,1718,482,3,-,-,-,-,793,440,1386,413,-,-,-,-,1,625,347
,男　Ｍ．,13354,3473,24,9,2,-,50,5672,4126,-,-,-,-,-,-,-,-,-,-,-,-,-,-,-,-,-,-,-,-,-,-,-,-,-,-,-,-,-,-,-,-,-,-,-,-,-,-,-,-,-,-,-,-,-,-,-,-,-,-,-,-,-,-,1,-,-,-,-,-,-,-,1,53,35,-,-,-,-,-,13,5,301,119,-,-,-,-,-,91,91,760,178,1,-,-,-,-,299,282,705,147,1,-,-,-,-,285,272,793,137,2,-,-,-,-,335,319,874,179,-,-,-,-,-,363,332,1049,219,2,-,-,-,-,431,397,1257,296,1,-,-,-,-,510,450,1397,315,5,-,-,-,-,612,465,1223,308,2,-,-,-,-,561,352,988,244,-,-,-,-,1,465,278
,女　Ｆ．,6254,2302,11,5,-,-,33,2653,1250,-,-,-,-,-,-,-,-,-,-,-,-,-,-,-,-,-,-,-,-,-,-,-,-,-,-,-,-,-,-,-,-,-,-,-,-,-,-,-,-,-,-,-,-,-,-,-,-,-,-,-,-,-,-,1,1,-,-,-,-,-,-,-,79,45,-,-,-,-,-,17,17,326,132,-,-,-,-,-,108,86,459,138,-,-,-,-,-,197,124,422,126,-,-,-,-,-,180,116,328,114,-,-,-,-,-,136,78,338,111,-,-,-,-,-,140,87,358,137,1,-,-,-,-,145,75,464,173,-,-,-,-,-,185,106,588,213,-,-,-,-,-,261,114,495,174,1,-,-,-,-,232,88,398,169,-,-,-,-,-,160,69
20300　　他殺　　　　　　　　　　　　　　　　　　　　　　　　　　　　　　　　　,総数,222,87,-,-,-,-,1,95,39,9,2,-,-,-,-,-,2,5,1,-,-,-,-,-,-,1,-,2,-,-,-,-,-,-,2,-,-,-,-,-,-,-,-,-,-,5,1,-,-,-,-,-,3,1,17,3,-,-,-,-,-,8,6,12,2,-,-,-,-,-,5,5,2,2,-,-,-,-,-,-,-,6,3,-,-,-,-,-,1,2,5,3,-,-,-,-,-,2,-,4,2,-,-,-,-,-,1,1,6,4,-,-,-,-,-,2,-,1,-,-,-,-,-,-,1,-,11,7,-,-,-,-,-,3,1,6,-,-,-,-,-,-,2,4,17,4,-,-,-,-,-,7,6,21,7,-,-,-,-,-,9,5,8,4,-,-,-,-,-,4,-
,男　Ｍ．,97,44,-,-,-,-,1,35,17,4,1,-,-,-,-,-,1,2,1,-,-,-,-,-,-,1,-,2,-,-,-,-,-,-,2,-,-,-,-,-,-,-,-,-,-,4,1,-,-,-,-,-,2,1,11,2,-,-,-,-,-,6,3,4,1,-,-,-,-,-,2,1,1,1,-,-,-,-,-,-,-,2,2,-,-,-,-,-,-,-,5,3,-,-,-,-,-,2,-,3,2,-,-,-,-,-,-,1,1,-,-,-,-,-,-,1,-,1,-,-,-,-,-,-,1,-,7,4,-,-,-,-,-,3,-,2,-,-,-,-,-,-,1,1,8,3,-,-,-,-,-,2,3,10,4,-,-,-,-,-,3,3,4,1,-,-,-,-,-,3,-
,女　Ｆ．,125,43,-,-,-,-,-,60,22,5,1,-,-,-,-,-,1,3,-,-,-,-,-,-,-,-,-,-,-,-,-,-,-,-,-,-,-,-,-,-,-,-,-,-,-,1,-,-,-,-,-,-,1,-,6,1,-,-,-,-,-,2,3,8,1,-,-,-,-,-,3,4,1,1,-,-,-,-,-,-,-,4,1,-,-,-,-,-,1,2,-,-,-,-,-,-,-,-,-,1,-,-,-,-,-,-,1,-,5,4,-,-,-,-,-,1,-,-,-,-,-,-,-,-,-,-,4,3,-,-,-,-,-,-,1,4,-,-,-,-,-,-,1,3,9,1,-,-,-,-,-,5,3,11,3,-,-,-,-,-,6,2,4,3,-,-,-,-,-,1,-
20400　　その他の外因　　　　　　　　　　　　　　　　　　　　　　　　　　　　　,総数,9107,4899,88,641,241,-,810,1437,1232,24,13,-,-,-,-,-,10,1,8,4,-,-,-,-,-,3,1,5,4,-,-,-,-,-,1,-,2,-,-,-,-,-,-,-,2,5,5,-,-,-,-,-,-,-,44,26,-,-,-,-,-,14,4,13,12,-,-,-,-,-,-,1,25,19,-,-,-,-,-,1,5,47,18,-,-,-,-,-,8,21,108,37,1,-,-,-,-,20,50,102,35,-,-,-,-,-,23,44,84,28,-,-,-,-,-,15,41,102,36,-,-,-,-,-,25,41,147,59,1,-,-,-,-,34,53,189,75,1,-,-,-,-,48,65,256,115,-,-,-,-,-,49,92,297,158,1,1,-,-,1,62,74,352,189,2,1,1,-,2,89,69
,男　Ｍ．,5350,3090,49,235,107,-,319,787,870,13,6,-,-,-,-,-,6,1,4,3,-,-,-,-,-,-,1,2,1,-,-,-,-,-,1,-,-,-,-,-,-,-,-,-,-,4,4,-,-,-,-,-,-,-,23,14,-,-,-,-,-,7,2,11,10,-,-,-,-,-,-,1,19,14,-,-,-,-,-,1,4,27,10,-,-,-,-,-,6,11,70,21,1,-,-,-,-,12,36,65,24,-,-,-,-,-,10,31,61,18,-,-,-,-,-,11,32,73,23,-,-,-,-,-,16,34,102,41,1,-,-,-,-,16,44,131,47,1,-,-,-,-,31,52,177,81,-,-,-,-,-,31,65,229,123,1,1,-,-,1,45,58,256,142,1,1,1,-,1,61,50
,女　Ｆ．,3757,1809,39,406,134,-,491,650,362,11,7,-,-,-,-,-,4,-,4,1,-,-,-,-,-,3,-,3,3,-,-,-,-,-,-,-,2,-,-,-,-,-,-,-,2,1,1,-,-,-,-,-,-,-,21,12,-,-,-,-,-,7,2,2,2,-,-,-,-,-,-,-,6,5,-,-,-,-,-,-,1,20,8,-,-,-,-,-,2,10,38,16,-,-,-,-,-,8,14,37,11,-,-,-,-,-,13,13,23,10,-,-,-,-,-,4,9,29,13,-,-,-,-,-,9,7,45,18,-,-,-,-,-,18,9,58,28,-,-,-,-,-,17,13,79,34,-,-,-,-,-,18,27,68,35,-,-,-,-,-,17,16,96,47,1,-,-,-,1,28,19
22000　特殊目的用コード　　　　　　　　　　　　　　　　　　　　　　　　　　　　,総数,35873,28442,294,1688,446,-,3372,1837,240,2,1,-,-,-,-,-,1,-,3,3,-,-,-,-,-,-,-,3,3,-,-,-,-,-,-,-,1,1,-,-,-,-,-,-,-,1,1,-,-,-,-,-,-,-,10,9,-,-,-,-,-,1,-,2,2,-,-,-,-,-,-,-,2,1,-,-,-,-,-,1,-,6,6,-,-,-,-,-,-,-,2,2,-,-,-,-,-,-,-,9,6,-,-,-,-,-,2,1,12,11,-,-,-,-,-,1,-,24,18,-,-,-,-,-,6,-,35,28,1,-,-,-,-,6,-,70,60,-,-,-,-,-,9,1,134,111,-,1,1,-,-,17,5,220,182,1,1,1,-,6,27,3,377,323,4,4,2,-,8,37,1
,男　Ｍ．,20439,17305,138,719,196,-,1236,933,108,2,1,-,-,-,-,-,1,-,1,1,-,-,-,-,-,-,-,1,1,-,-,-,-,-,-,-,1,1,-,-,-,-,-,-,-,-,-,-,-,-,-,-,-,-,5,4,-,-,-,-,-,1,-,1,1,-,-,-,-,-,-,-,1,-,-,-,-,-,-,1,-,2,2,-,-,-,-,-,-,-,2,2,-,-,-,-,-,-,-,7,4,-,-,-,-,-,2,1,9,8,-,-,-,-,-,1,-,15,10,-,-,-,-,-,5,-,28,21,1,-,-,-,-,6,-,43,38,-,-,-,-,-,4,1,80,68,-,1,1,-,-,9,2,149,125,-,1,1,-,4,18,1,279,238,2,2,1,-,5,32,-
,女　Ｆ．,15434,11137,156,969,250,-,2136,904,132,-,-,-,-,-,-,-,-,-,2,2,-,-,-,-,-,-,-,2,2,-,-,-,-,-,-,-,-,-,-,-,-,-,-,-,-,1,1,-,-,-,-,-,-,-,5,5,-,-,-,-,-,-,-,1,1,-,-,-,-,-,-,-,1,1,-,-,-,-,-,-,-,4,4,-,-,-,-,-,-,-,-,-,-,-,-,-,-,-,-,2,2,-,-,-,-,-,-,-,3,3,-,-,-,-,-,-,-,9,8,-,-,-,-,-,1,-,7,7,-,-,-,-,-,-,-,27,22,-,-,-,-,-,5,-,54,43,-,-,-,-,-,8,3,71,57,1,-,-,-,2,9,2,98,85,2,2,1,-,3,5,1
22100　　重症急性呼吸器症候群［ＳＡＲＳ］　　　　　　　　　　　　　　　　　　　,総数,-,-,-,-,-,-,-,-,-,-,-,-,-,-,-,-,-,-,-,-,-,-,-,-,-,-,-,-,-,-,-,-,-,-,-,-,-,-,-,-,-,-,-,-,-,-,-,-,-,-,-,-,-,-,-,-,-,-,-,-,-,-,-,-,-,-,-,-,-,-,-,-,-,-,-,-,-,-,-,-,-,-,-,-,-,-,-,-,-,-,-,-,-,-,-,-,-,-,-,-,-,-,-,-,-,-,-,-,-,-,-,-,-,-,-,-,-,-,-,-,-,-,-,-,-,-,-,-,-,-,-,-,-,-,-,-,-,-,-,-,-,-,-,-,-,-,-,-,-,-,-,-,-,-,-,-,-,-,-,-,-,-,-,-,-,-,-,-,-,-,-
,男　Ｍ．,-,-,-,-,-,-,-,-,-,-,-,-,-,-,-,-,-,-,-,-,-,-,-,-,-,-,-,-,-,-,-,-,-,-,-,-,-,-,-,-,-,-,-,-,-,-,-,-,-,-,-,-,-,-,-,-,-,-,-,-,-,-,-,-,-,-,-,-,-,-,-,-,-,-,-,-,-,-,-,-,-,-,-,-,-,-,-,-,-,-,-,-,-,-,-,-,-,-,-,-,-,-,-,-,-,-,-,-,-,-,-,-,-,-,-,-,-,-,-,-,-,-,-,-,-,-,-,-,-,-,-,-,-,-,-,-,-,-,-,-,-,-,-,-,-,-,-,-,-,-,-,-,-,-,-,-,-,-,-,-,-,-,-,-,-,-,-,-,-,-,-
,女　Ｆ．,-,-,-,-,-,-,-,-,-,-,-,-,-,-,-,-,-,-,-,-,-,-,-,-,-,-,-,-,-,-,-,-,-,-,-,-,-,-,-,-,-,-,-,-,-,-,-,-,-,-,-,-,-,-,-,-,-,-,-,-,-,-,-,-,-,-,-,-,-,-,-,-,-,-,-,-,-,-,-,-,-,-,-,-,-,-,-,-,-,-,-,-,-,-,-,-,-,-,-,-,-,-,-,-,-,-,-,-,-,-,-,-,-,-,-,-,-,-,-,-,-,-,-,-,-,-,-,-,-,-,-,-,-,-,-,-,-,-,-,-,-,-,-,-,-,-,-,-,-,-,-,-,-,-,-,-,-,-,-,-,-,-,-,-,-,-,-,-,-,-,-
22200　　その他の特殊目的用コード　　　　　　　　　　　　　　　　　　　　　　　,総数,35873,28442,294,1688,446,-,3372,1837,240,2,1,-,-,-,-,-,1,-,3,3,-,-,-,-,-,-,-,3,3,-,-,-,-,-,-,-,1,1,-,-,-,-,-,-,-,1,1,-,-,-,-,-,-,-,10,9,-,-,-,-,-,1,-,2,2,-,-,-,-,-,-,-,2,1,-,-,-,-,-,1,-,6,6,-,-,-,-,-,-,-,2,2,-,-,-,-,-,-,-,9,6,-,-,-,-,-,2,1,12,11,-,-,-,-,-,1,-,24,18,-,-,-,-,-,6,-,35,28,1,-,-,-,-,6,-,70,60,-,-,-,-,-,9,1,134,111,-,1,1,-,-,17,5,220,182,1,1,1,-,6,27,3,377,323,4,4,2,-,8,37,1
,男　Ｍ．,20439,17305,138,719,196,-,1236,933,108,2,1,-,-,-,-,-,1,-,1,1,-,-,-,-,-,-,-,1,1,-,-,-,-,-,-,-,1,1,-,-,-,-,-,-,-,-,-,-,-,-,-,-,-,-,5,4,-,-,-,-,-,1,-,1,1,-,-,-,-,-,-,-,1,-,-,-,-,-,-,1,-,2,2,-,-,-,-,-,-,-,2,2,-,-,-,-,-,-,-,7,4,-,-,-,-,-,2,1,9,8,-,-,-,-,-,1,-,15,10,-,-,-,-,-,5,-,28,21,1,-,-,-,-,6,-,43,38,-,-,-,-,-,4,1,80,68,-,1,1,-,-,9,2,149,125,-,1,1,-,4,18,1,279,238,2,2,1,-,5,32,-
,女　Ｆ．,15434,11137,156,969,250,-,2136,904,132,-,-,-,-,-,-,-,-,-,2,2,-,-,-,-,-,-,-,2,2,-,-,-,-,-,-,-,-,-,-,-,-,-,-,-,-,1,1,-,-,-,-,-,-,-,5,5,-,-,-,-,-,-,-,1,1,-,-,-,-,-,-,-,1,1,-,-,-,-,-,-,-,4,4,-,-,-,-,-,-,-,-,-,-,-,-,-,-,-,-,2,2,-,-,-,-,-,-,-,3,3,-,-,-,-,-,-,-,9,8,-,-,-,-,-,1,-,7,7,-,-,-,-,-,-,-,27,22,-,-,-,-,-,5,-,54,43,-,-,-,-,-,8,3,71,57,1,-,-,-,2,9,2,98,85,2,2,1,-,3,5,1
22201　　　新型コロナウイルス感染症　　　　　　　　　　　　　　　　　　　　　　,総数,35865,28436,293,1687,446,-,3372,1837,240,2,1,-,-,-,-,-,1,-,3,3,-,-,-,-,-,-,-,3,3,-,-,-,-,-,-,-,1,1,-,-,-,-,-,-,-,1,1,-,-,-,-,-,-,-,10,9,-,-,-,-,-,1,-,2,2,-,-,-,-,-,-,-,2,1,-,-,-,-,-,1,-,6,6,-,-,-,-,-,-,-,2,2,-,-,-,-,-,-,-,9,6,-,-,-,-,-,2,1,12,11,-,-,-,-,-,1,-,24,18,-,-,-,-,-,6,-,35,28,1,-,-,-,-,6,-,70,60,-,-,-,-,-,9,1,134,111,-,1,1,-,-,17,5,220,182,1,1,1,-,6,27,3,377,323,4,4,2,-,8,37,1
,男　Ｍ．,20434,17301,138,718,196,-,1236,933,108,2,1,-,-,-,-,-,1,-,1,1,-,-,-,-,-,-,-,1,1,-,-,-,-,-,-,-,1,1,-,-,-,-,-,-,-,-,-,-,-,-,-,-,-,-,5,4,-,-,-,-,-,1,-,1,1,-,-,-,-,-,-,-,1,-,-,-,-,-,-,1,-,2,2,-,-,-,-,-,-,-,2,2,-,-,-,-,-,-,-,7,4,-,-,-,-,-,2,1,9,8,-,-,-,-,-,1,-,15,10,-,-,-,-,-,5,-,28,21,1,-,-,-,-,6,-,43,38,-,-,-,-,-,4,1,80,68,-,1,1,-,-,9,2,149,125,-,1,1,-,4,18,1,279,238,2,2,1,-,5,32,-
,女　Ｆ．,15431,11135,155,969,250,-,2136,904,132,-,-,-,-,-,-,-,-,-,2,2,-,-,-,-,-,-,-,2,2,-,-,-,-,-,-,-,-,-,-,-,-,-,-,-,-,1,1,-,-,-,-,-,-,-,5,5,-,-,-,-,-,-,-,1,1,-,-,-,-,-,-,-,1,1,-,-,-,-,-,-,-,4,4,-,-,-,-,-,-,-,-,-,-,-,-,-,-,-,-,2,2,-,-,-,-,-,-,-,3,3,-,-,-,-,-,-,-,9,8,-,-,-,-,-,1,-,7,7,-,-,-,-,-,-,-,27,22,-,-,-,-,-,5,-,54,43,-,-,-,-,-,8,3,71,57,1,-,-,-,2,9,2,98,85,2,2,1,-,3,5,1
22202　　　新型コロナウイルス感染症ワクチン　　　　　　　　　　　　　　　　　　,総数,8,6,1,1,-,-,-,-,-,-,-,-,-,-,-,-,-,-,-,-,-,-,-,-,-,-,-,-,-,-,-,-,-,-,-,-,-,-,-,-,-,-,-,-,-,-,-,-,-,-,-,-,-,-,-,-,-,-,-,-,-,-,-,-,-,-,-,-,-,-,-,-,-,-,-,-,-,-,-,-,-,-,-,-,-,-,-,-,-,-,-,-,-,-,-,-,-,-,-,-,-,-,-,-,-,-,-,-,-,-,-,-,-,-,-,-,-,-,-,-,-,-,-,-,-,-,-,-,-,-,-,-,-,-,-,-,-,-,-,-,-,-,-,-,-,-,-,-,-,-,-,-,-,-,-,-,-,-,-,-,-,-,-,-,-,-,-,-,-,-,-
,男　Ｍ．,5,4,-,1,-,-,-,-,-,-,-,-,-,-,-,-,-,-,-,-,-,-,-,-,-,-,-,-,-,-,-,-,-,-,-,-,-,-,-,-,-,-,-,-,-,-,-,-,-,-,-,-,-,-,-,-,-,-,-,-,-,-,-,-,-,-,-,-,-,-,-,-,-,-,-,-,-,-,-,-,-,-,-,-,-,-,-,-,-,-,-,-,-,-,-,-,-,-,-,-,-,-,-,-,-,-,-,-,-,-,-,-,-,-,-,-,-,-,-,-,-,-,-,-,-,-,-,-,-,-,-,-,-,-,-,-,-,-,-,-,-,-,-,-,-,-,-,-,-,-,-,-,-,-,-,-,-,-,-,-,-,-,-,-,-,-,-,-,-,-,-
,女　Ｆ．,3,2,1,-,-,-,-,-,-,-,-,-,-,-,-,-,-,-,-,-,-,-,-,-,-,-,-,-,-,-,-,-,-,-,-,-,-,-,-,-,-,-,-,-,-,-,-,-,-,-,-,-,-,-,-,-,-,-,-,-,-,-,-,-,-,-,-,-,-,-,-,-,-,-,-,-,-,-,-,-,-,-,-,-,-,-,-,-,-,-,-,-,-,-,-,-,-,-,-,-,-,-,-,-,-,-,-,-,-,-,-,-,-,-,-,-,-,-,-,-,-,-,-,-,-,-,-,-,-,-,-,-,-,-,-,-,-,-,-,-,-,-,-,-,-,-,-,-,-,-,-,-,-,-,-,-,-,-,-,-,-,-,-,-,-,-,-,-,-,-,-
22203　　　その他の特殊目的用コード（22201及び22202を除く）　　　　　　　　　　,総数,-,-,-,-,-,-,-,-,-,-,-,-,-,-,-,-,-,-,-,-,-,-,-,-,-,-,-,-,-,-,-,-,-,-,-,-,-,-,-,-,-,-,-,-,-,-,-,-,-,-,-,-,-,-,-,-,-,-,-,-,-,-,-,-,-,-,-,-,-,-,-,-,-,-,-,-,-,-,-,-,-,-,-,-,-,-,-,-,-,-,-,-,-,-,-,-,-,-,-,-,-,-,-,-,-,-,-,-,-,-,-,-,-,-,-,-,-,-,-,-,-,-,-,-,-,-,-,-,-,-,-,-,-,-,-,-,-,-,-,-,-,-,-,-,-,-,-,-,-,-,-,-,-,-,-,-,-,-,-,-,-,-,-,-,-,-,-,-,-,-,-
,男　Ｍ．,-,-,-,-,-,-,-,-,-,-,-,-,-,-,-,-,-,-,-,-,-,-,-,-,-,-,-,-,-,-,-,-,-,-,-,-,-,-,-,-,-,-,-,-,-,-,-,-,-,-,-,-,-,-,-,-,-,-,-,-,-,-,-,-,-,-,-,-,-,-,-,-,-,-,-,-,-,-,-,-,-,-,-,-,-,-,-,-,-,-,-,-,-,-,-,-,-,-,-,-,-,-,-,-,-,-,-,-,-,-,-,-,-,-,-,-,-,-,-,-,-,-,-,-,-,-,-,-,-,-,-,-,-,-,-,-,-,-,-,-,-,-,-,-,-,-,-,-,-,-,-,-,-,-,-,-,-,-,-,-,-,-,-,-,-,-,-,-,-,-,-
,女　Ｆ．,-,-,-,-,-,-,-,-,-,-,-,-,-,-,-,-,-,-,-,-,-,-,-,-,-,-,-,-,-,-,-,-,-,-,-,-,-,-,-,-,-,-,-,-,-,-,-,-,-,-,-,-,-,-,-,-,-,-,-,-,-,-,-,-,-,-,-,-,-,-,-,-,-,-,-,-,-,-,-,-,-,-,-,-,-,-,-,-,-,-,-,-,-,-,-,-,-,-,-,-,-,-,-,-,-,-,-,-,-,-,-,-,-,-,-,-,-,-,-,-,-,-,-,-,-,-,-,-,-,-,-,-,-,-,-,-,-,-,-,-,-,-,-,-,-,-,-,-,-,-,-,-,-,-,-,-,-,-,-,-,-,-,-,-,-,-,-,-,-,-,-
