令和６年,人口動態統計,,
保管統計表　死因　死亡　第２表　死亡数，死因（死因簡単分類）・性・年齢（５歳階級）・死亡の場所別（65歳以上、不詳）
,,65～69歳,,,,,,,,,70～74歳,,,,,,,,,75～79歳,,,,,,,,,80～84歳,,,,,,,,,85～89歳,,,,,,,,,90～94歳,,,,,,,,,95～99歳,,,,,,,,,100歳以上,,,,,,,,,不詳,,,,,,,,
,,総数,病院,診療所,介護医療院・介護老人保健施設,（再掲）介護医療院,助産所,老人ホーム,自宅,その他,総数,病院,診療所,介護医療院・介護老人保健施設,（再掲）介護医療院,助産所,老人ホーム,自宅,その他,総数,病院,診療所,介護医療院・介護老人保健施設,（再掲）介護医療院,助産所,老人ホーム,自宅,その他,総数,病院,診療所,介護医療院・介護老人保健施設,（再掲）介護医療院,助産所,老人ホーム,自宅,その他,総数,病院,診療所,介護医療院・介護老人保健施設,（再掲）介護医療院,助産所,老人ホーム,自宅,その他,総数,病院,診療所,介護医療院・介護老人保健施設,（再掲）介護医療院,助産所,老人ホーム,自宅,その他,総数,病院,診療所,介護医療院・介護老人保健施設,（再掲）介護医療院,助産所,老人ホーム,自宅,その他,総数,病院,診療所,介護医療院・介護老人保健施設,（再掲）介護医療院,助産所,老人ホーム,自宅,その他,総数,病院,診療所,介護医療院・介護老人保健施設,（再掲）介護医療院,助産所,老人ホーム,自宅,その他
　　 　総　　　数　　　　　　　　　　　　　　　　　　　　　　　　　　　　　　　,総数,65458,44779,493,431,170,-,2189,16291,1275,125681,87522,1072,1508,649,-,6174,27462,1943,187802,132699,1756,3511,1345,-,11784,35661,2391,263926,184511,2975,8015,2819,-,23531,41977,2917,320658,214476,4368,14615,4746,-,41354,42339,3506,306460,186661,4663,19633,5799,-,55761,35824,3918,164950,86119,2559,13715,3745,-,40151,19935,2471,41263,16572,622,4470,995,-,13057,5790,752,543,74,1,1,-,-,4,11,452
,男　Ｍ．,45701,30628,314,302,118,-,1481,11960,1016,86210,59580,771,997,416,-,3918,19465,1479,122696,87717,1163,2124,820,-,6741,23305,1646,155443,112323,1740,4070,1496,-,10960,24696,1654,160951,114596,2143,6148,2071,-,15052,21443,1569,116324,78586,1747,5971,1836,-,14719,14082,1219,41359,25305,655,2629,706,-,7125,5125,520,5832,2936,88,495,106,-,1353,869,91,411,58,1,-,-,-,3,7,342
,女　Ｆ．,19757,14151,179,129,52,-,708,4331,259,39471,27942,301,511,233,-,2256,7997,464,65106,44982,593,1387,525,-,5043,12356,745,108483,72188,1235,3945,1323,-,12571,17281,1263,159707,99880,2225,8467,2675,-,26302,20896,1937,190136,108075,2916,13662,3963,-,41042,21742,2699,123591,60814,1904,11086,3039,-,33026,14810,1951,35431,13636,534,3975,889,-,11704,4921,661,132,16,-,1,-,-,1,4,110
01000　感染症及び寄生虫症　　　　　　　　　　　　　　　　　　　　　　　　　　　,総数,1083,975,16,3,2,-,17,69,3,2013,1807,21,16,10,-,62,100,7,3284,2949,34,34,13,-,95,166,6,4703,4206,46,58,25,-,163,219,11,5481,4806,67,106,37,-,241,242,19,4298,3730,52,102,44,-,226,163,25,1743,1432,26,62,21,-,129,81,13,266,203,1,17,6,-,30,13,2,-,-,-,-,-,-,-,-,-
,男　Ｍ．,689,625,9,2,1,-,10,42,1,1259,1133,14,12,8,-,37,58,5,1984,1813,20,15,6,-,43,88,5,2520,2285,24,27,9,-,70,110,4,2565,2327,28,39,11,-,67,99,5,1655,1510,16,27,14,-,55,44,3,488,431,8,11,3,-,22,16,-,46,37,-,4,-,-,2,2,1,-,-,-,-,-,-,-,-,-
,女　Ｆ．,394,350,7,1,1,-,7,27,2,754,674,7,4,2,-,25,42,2,1300,1136,14,19,7,-,52,78,1,2183,1921,22,31,16,-,93,109,7,2916,2479,39,67,26,-,174,143,14,2643,2220,36,75,30,-,171,119,22,1255,1001,18,51,18,-,107,65,13,220,166,1,13,6,-,28,11,1,-,-,-,-,-,-,-,-,-
01100　　腸管感染症　　　　　　　　　　　　　　　　　　　　　　　　　　　　　　,総数,68,52,3,-,-,-,-,13,-,139,125,2,-,-,-,3,9,-,226,196,4,3,-,-,11,12,-,386,341,-,10,2,-,15,20,-,529,463,7,15,5,-,20,22,2,501,418,12,15,4,-,29,22,5,276,208,4,17,6,-,28,16,3,43,26,1,6,1,-,8,1,1,-,-,-,-,-,-,-,-,-
,男　Ｍ．,40,31,1,-,-,-,-,8,-,92,80,2,-,-,-,3,7,-,132,119,3,-,-,-,4,6,-,200,180,-,3,-,-,6,11,-,234,205,3,8,2,-,6,11,1,168,150,4,4,2,-,5,5,-,65,55,-,3,-,-,2,5,-,6,5,-,1,-,-,-,-,-,-,-,-,-,-,-,-,-,-
,女　Ｆ．,28,21,2,-,-,-,-,5,-,47,45,-,-,-,-,-,2,-,94,77,1,3,-,-,7,6,-,186,161,-,7,2,-,9,9,-,295,258,4,7,3,-,14,11,1,333,268,8,11,2,-,24,17,5,211,153,4,14,6,-,26,11,3,37,21,1,5,1,-,8,1,1,-,-,-,-,-,-,-,-,-
01200　　結核　　　　　　　　　　　　　　　　　　　　　　　　　　　　　　　　　,総数,28,27,-,-,-,-,-,1,-,72,66,1,-,-,-,-,5,-,138,122,1,-,-,-,2,13,-,242,230,1,1,1,-,7,3,-,368,331,1,5,1,-,10,19,2,386,356,-,6,4,-,14,8,2,159,135,5,3,-,-,10,5,1,26,20,-,2,-,-,1,3,-,-,-,-,-,-,-,-,-,-
,男　Ｍ．,24,23,-,-,-,-,-,1,-,56,52,1,-,-,-,-,3,-,99,86,1,-,-,-,2,10,-,156,149,1,1,1,-,3,2,-,194,177,1,2,-,-,4,9,1,199,185,-,3,3,-,5,5,1,73,65,4,-,-,-,2,2,-,7,5,-,1,-,-,-,1,-,-,-,-,-,-,-,-,-,-
,女　Ｆ．,4,4,-,-,-,-,-,-,-,16,14,-,-,-,-,-,2,-,39,36,-,-,-,-,-,3,-,86,81,-,-,-,-,4,1,-,174,154,-,3,1,-,6,10,1,187,171,-,3,1,-,9,3,1,86,70,1,3,-,-,8,3,1,19,15,-,1,-,-,1,2,-,-,-,-,-,-,-,-,-,-
01201　　　呼吸器結核　　　　　　　　　　　　　　　　　　　　　　　　　　　　　,総数,20,20,-,-,-,-,-,-,-,60,54,1,-,-,-,-,5,-,102,89,1,-,-,-,1,11,-,209,198,1,1,1,-,7,2,-,315,286,1,2,-,-,7,17,2,337,310,-,6,4,-,13,6,2,147,125,5,2,-,-,9,5,1,23,17,-,2,-,-,1,3,-,-,-,-,-,-,-,-,-,-
,男　Ｍ．,18,18,-,-,-,-,-,-,-,50,46,1,-,-,-,-,3,-,83,73,1,-,-,-,1,8,-,140,133,1,1,1,-,3,2,-,178,164,1,1,-,-,3,8,1,181,167,-,3,3,-,5,5,1,71,63,4,-,-,-,2,2,-,6,4,-,1,-,-,-,1,-,-,-,-,-,-,-,-,-,-
,女　Ｆ．,2,2,-,-,-,-,-,-,-,10,8,-,-,-,-,-,2,-,19,16,-,-,-,-,-,3,-,69,65,-,-,-,-,4,-,-,137,122,-,1,-,-,4,9,1,156,143,-,3,1,-,8,1,1,76,62,1,2,-,-,7,3,1,17,13,-,1,-,-,1,2,-,-,-,-,-,-,-,-,-,-
01202　　　その他の結核　　　　　　　　　　　　　　　　　　　　　　　　　　　　,総数,8,7,-,-,-,-,-,1,-,12,12,-,-,-,-,-,-,-,36,33,-,-,-,-,1,2,-,33,32,-,-,-,-,-,1,-,53,45,-,3,1,-,3,2,-,49,46,-,-,-,-,1,2,-,12,10,-,1,-,-,1,-,-,3,3,-,-,-,-,-,-,-,-,-,-,-,-,-,-,-,-
,男　Ｍ．,6,5,-,-,-,-,-,1,-,6,6,-,-,-,-,-,-,-,16,13,-,-,-,-,1,2,-,16,16,-,-,-,-,-,-,-,16,13,-,1,-,-,1,1,-,18,18,-,-,-,-,-,-,-,2,2,-,-,-,-,-,-,-,1,1,-,-,-,-,-,-,-,-,-,-,-,-,-,-,-,-
,女　Ｆ．,2,2,-,-,-,-,-,-,-,6,6,-,-,-,-,-,-,-,20,20,-,-,-,-,-,-,-,17,16,-,-,-,-,-,1,-,37,32,-,2,1,-,2,1,-,31,28,-,-,-,-,1,2,-,10,8,-,1,-,-,1,-,-,2,2,-,-,-,-,-,-,-,-,-,-,-,-,-,-,-,-
01300　　敗血症　　　　　　　　　　　　　　　　　　　　　　　　　　　　　　　　,総数,511,471,6,1,1,-,10,22,1,941,866,9,9,7,-,29,23,5,1536,1442,15,11,6,-,37,29,2,2240,2085,27,18,7,-,60,46,4,2598,2387,33,38,15,-,79,57,4,2097,1898,23,39,25,-,82,48,7,830,728,11,18,7,-,47,22,4,133,113,-,4,2,-,11,4,1,-,-,-,-,-,-,-,-,-
,男　Ｍ．,338,312,3,1,1,-,8,13,1,609,555,6,7,6,-,19,18,4,965,910,7,7,3,-,23,16,2,1260,1173,17,11,3,-,33,25,1,1290,1205,16,14,5,-,29,25,1,808,749,9,9,6,-,24,16,1,222,198,3,4,2,-,11,6,-,21,18,-,1,-,-,1,-,1,-,-,-,-,-,-,-,-,-
,女　Ｆ．,173,159,3,-,-,-,2,9,-,332,311,3,2,1,-,10,5,1,571,532,8,4,3,-,14,13,-,980,912,10,7,4,-,27,21,3,1308,1182,17,24,10,-,50,32,3,1289,1149,14,30,19,-,58,32,6,608,530,8,14,5,-,36,16,4,112,95,-,3,2,-,10,4,-,-,-,-,-,-,-,-,-,-
01400　　ウイルス性肝炎　　　　　　　　　　　　　　　　　　　　　　　　　　　　,総数,111,95,3,2,1,-,2,9,-,164,137,1,3,-,-,6,16,1,213,183,1,6,2,-,6,16,1,257,200,4,8,6,-,16,27,2,303,232,3,12,4,-,31,25,-,189,120,3,8,2,-,36,18,4,53,35,-,5,2,-,8,4,1,3,1,-,-,-,-,2,-,-,-,-,-,-,-,-,-,-,-
,男　Ｍ．,76,64,3,1,-,-,1,7,-,113,96,1,3,-,-,2,10,1,111,97,1,2,-,-,1,9,1,103,83,-,2,2,-,6,11,1,103,83,-,4,1,-,8,8,-,47,38,-,2,1,-,2,5,-,9,8,-,-,-,-,1,-,-,-,-,-,-,-,-,-,-,-,-,-,-,-,-,-,-,-,-
,女　Ｆ．,35,31,-,1,1,-,1,2,-,51,41,-,-,-,-,4,6,-,102,86,-,4,2,-,5,7,-,154,117,4,6,4,-,10,16,1,200,149,3,8,3,-,23,17,-,142,82,3,6,1,-,34,13,4,44,27,-,5,2,-,7,4,1,3,1,-,-,-,-,2,-,-,-,-,-,-,-,-,-,-,-
01401　　　Ｂ型ウイルス性肝炎　　　　　　　　　　　　　　　　　　　　　　　　　,総数,33,29,-,-,-,-,1,3,-,43,40,-,-,-,-,-,3,-,63,54,-,-,-,-,4,5,-,60,44,1,1,1,-,6,7,1,38,31,-,1,1,-,3,3,-,19,12,-,-,-,-,3,4,-,8,3,-,1,1,-,2,2,-,-,-,-,-,-,-,-,-,-,-,-,-,-,-,-,-,-,-
,男　Ｍ．,24,22,-,-,-,-,-,2,-,25,22,-,-,-,-,-,3,-,28,27,-,-,-,-,-,1,-,26,21,-,-,-,-,3,2,-,18,16,-,-,-,-,1,1,-,7,5,-,-,-,-,-,2,-,1,1,-,-,-,-,-,-,-,-,-,-,-,-,-,-,-,-,-,-,-,-,-,-,-,-,-
,女　Ｆ．,9,7,-,-,-,-,1,1,-,18,18,-,-,-,-,-,-,-,35,27,-,-,-,-,4,4,-,34,23,1,1,1,-,3,5,1,20,15,-,1,1,-,2,2,-,12,7,-,-,-,-,3,2,-,7,2,-,1,1,-,2,2,-,-,-,-,-,-,-,-,-,-,-,-,-,-,-,-,-,-,-
01402　　　Ｃ型ウイルス性肝炎　　　　　　　　　　　　　　　　　　　　　　　　　,総数,70,58,3,2,1,-,1,6,-,92,70,1,2,-,-,6,12,1,119,98,1,6,2,-,2,11,1,171,135,2,6,4,-,7,20,1,222,162,2,11,3,-,26,21,-,150,94,3,7,1,-,30,12,4,36,23,-,4,1,-,6,2,1,2,-,-,-,-,-,2,-,-,-,-,-,-,-,-,-,-,-
,男　Ｍ．,48,38,3,1,-,-,1,5,-,64,51,1,2,-,-,2,7,1,59,46,1,2,-,-,1,8,1,66,52,-,2,2,-,2,9,1,63,47,-,4,1,-,6,6,-,37,31,-,1,-,-,2,3,-,6,5,-,-,-,-,1,-,-,-,-,-,-,-,-,-,-,-,-,-,-,-,-,-,-,-,-
,女　Ｆ．,22,20,-,1,1,-,-,1,-,28,19,-,-,-,-,4,5,-,60,52,-,4,2,-,1,3,-,105,83,2,4,2,-,5,11,-,159,115,2,7,2,-,20,15,-,113,63,3,6,1,-,28,9,4,30,18,-,4,1,-,5,2,1,2,-,-,-,-,-,2,-,-,-,-,-,-,-,-,-,-,-
01403　　　その他のウイルス性肝炎　　　　　　　　　　　　　　　　　　　　　　　,総数,8,8,-,-,-,-,-,-,-,29,27,-,1,-,-,-,1,-,31,31,-,-,-,-,-,-,-,26,21,1,1,1,-,3,-,-,43,39,1,-,-,-,2,1,-,20,14,-,1,1,-,3,2,-,9,9,-,-,-,-,-,-,-,1,1,-,-,-,-,-,-,-,-,-,-,-,-,-,-,-,-
,男　Ｍ．,4,4,-,-,-,-,-,-,-,24,23,-,1,-,-,-,-,-,24,24,-,-,-,-,-,-,-,11,10,-,-,-,-,1,-,-,22,20,-,-,-,-,1,1,-,3,2,-,1,1,-,-,-,-,2,2,-,-,-,-,-,-,-,-,-,-,-,-,-,-,-,-,-,-,-,-,-,-,-,-,-
,女　Ｆ．,4,4,-,-,-,-,-,-,-,5,4,-,-,-,-,-,1,-,7,7,-,-,-,-,-,-,-,15,11,1,1,1,-,2,-,-,21,19,1,-,-,-,1,-,-,17,12,-,-,-,-,3,2,-,7,7,-,-,-,-,-,-,-,1,1,-,-,-,-,-,-,-,-,-,-,-,-,-,-,-,-
01500　　ヒト免疫不全ウイルス［ＨＩＶ］病　　　　　　　　　　　　　　　　　　　,総数,7,5,-,-,-,-,1,1,-,2,1,-,-,-,-,-,1,-,6,3,-,-,-,-,1,2,-,5,1,-,-,-,-,1,3,-,1,1,-,-,-,-,-,-,-,2,2,-,-,-,-,-,-,-,-,-,-,-,-,-,-,-,-,-,-,-,-,-,-,-,-,-,-,-,-,-,-,-,-,-,-
,男　Ｍ．,7,5,-,-,-,-,1,1,-,2,1,-,-,-,-,-,1,-,6,3,-,-,-,-,1,2,-,4,1,-,-,-,-,-,3,-,-,-,-,-,-,-,-,-,-,1,1,-,-,-,-,-,-,-,-,-,-,-,-,-,-,-,-,-,-,-,-,-,-,-,-,-,-,-,-,-,-,-,-,-,-
,女　Ｆ．,-,-,-,-,-,-,-,-,-,-,-,-,-,-,-,-,-,-,-,-,-,-,-,-,-,-,-,1,-,-,-,-,-,1,-,-,1,1,-,-,-,-,-,-,-,1,1,-,-,-,-,-,-,-,-,-,-,-,-,-,-,-,-,-,-,-,-,-,-,-,-,-,-,-,-,-,-,-,-,-,-
01600　　その他の感染症及び寄生虫症　　　　　　　　　　　　　　　　　　　　　　,総数,358,325,4,-,-,-,4,23,2,695,612,8,4,3,-,24,46,1,1165,1003,13,14,5,-,38,94,3,1573,1349,14,21,9,-,64,120,5,1682,1392,23,36,12,-,101,119,11,1123,936,14,34,9,-,65,67,7,425,326,6,19,6,-,36,34,4,61,43,-,5,3,-,8,5,-,-,-,-,-,-,-,-,-,-
,男　Ｍ．,204,190,2,-,-,-,-,12,-,387,349,4,2,2,-,13,19,-,671,598,8,6,3,-,12,45,2,797,699,6,10,3,-,22,58,2,744,657,8,11,3,-,20,46,2,432,387,3,9,2,-,19,13,1,119,105,1,4,1,-,6,3,-,12,9,-,1,-,-,1,1,-,-,-,-,-,-,-,-,-,-
,女　Ｆ．,154,135,2,-,-,-,4,11,2,308,263,4,2,1,-,11,27,1,494,405,5,8,2,-,26,49,1,776,650,8,11,6,-,42,62,3,938,735,15,25,9,-,81,73,9,691,549,11,25,7,-,46,54,6,306,221,5,15,5,-,30,31,4,49,34,-,4,3,-,7,4,-,-,-,-,-,-,-,-,-,-
02000　新生物＜腫瘍＞　　　　　　　　　　　　　　　　　　　　　　　　　　　　　,総数,28114,21422,212,67,27,-,1008,5256,149,51679,38536,417,195,101,-,2493,9743,295,69169,50690,635,408,159,-,4022,12978,436,76209,54151,804,750,279,-,5954,13929,621,67810,46419,952,1272,429,-,7207,11259,701,43966,28494,706,1339,427,-,6219,6616,592,14294,8449,233,621,202,-,2577,2192,222,1845,940,32,111,31,-,386,340,36,17,11,1,-,-,-,1,-,4
,男　Ｍ．,18020,13923,117,47,17,-,621,3217,95,34059,25680,279,119,55,-,1527,6264,190,44889,33271,417,249,89,-,2408,8275,269,46603,33548,513,419,164,-,3133,8679,311,37106,25955,517,611,206,-,3336,6394,293,19826,13258,304,498,169,-,2376,3149,241,4838,2989,71,162,54,-,772,786,58,413,236,5,24,4,-,67,75,6,12,9,1,-,-,-,-,-,2
,女　Ｆ．,10094,7499,95,20,10,-,387,2039,54,17620,12856,138,76,46,-,966,3479,105,24280,17419,218,159,70,-,1614,4703,167,29606,20603,291,331,115,-,2821,5250,310,30704,20464,435,661,223,-,3871,4865,408,24140,15236,402,841,258,-,3843,3467,351,9456,5460,162,459,148,-,1805,1406,164,1432,704,27,87,27,-,319,265,30,5,2,-,-,-,-,1,-,2
02100　　悪性新生物＜腫瘍＞　　　　　　　　　　　　　　　　　　　　　　　　　　,総数,27566,20995,201,63,25,-,979,5181,147,50545,37635,406,178,90,-,2426,9607,293,67336,49269,616,376,147,-,3886,12762,427,73569,52144,779,694,257,-,5726,13619,607,64697,44145,913,1181,400,-,6856,10932,670,41486,26822,663,1197,375,-,5859,6381,564,13343,7873,210,557,173,-,2404,2088,211,1715,870,29,101,29,-,360,323,32,16,10,1,-,-,-,1,-,4
,男　Ｍ．,17630,13622,109,43,15,-,602,3160,94,33280,25047,274,114,53,-,1489,6167,189,43676,32336,404,230,85,-,2329,8115,262,44970,32273,495,392,150,-,3023,8483,304,35448,24702,496,581,196,-,3190,6201,278,18822,12554,290,457,159,-,2256,3037,228,4560,2800,66,153,48,-,729,759,53,392,226,5,22,4,-,63,71,5,11,8,1,-,-,-,-,-,2
,女　Ｆ．,9936,7373,92,20,10,-,377,2021,53,17265,12588,132,64,37,-,937,3440,104,23660,16933,212,146,62,-,1557,4647,165,28599,19871,284,302,107,-,2703,5136,303,29249,19443,417,600,204,-,3666,4731,392,22664,14268,373,740,216,-,3603,3344,336,8783,5073,144,404,125,-,1675,1329,158,1323,644,24,79,25,-,297,252,27,5,2,-,-,-,-,1,-,2
02101　　　口唇，口腔及び咽頭の悪性新生物＜腫瘍＞　　　　　　　　　　　　　　　,総数,734,548,4,1,1,-,30,149,2,1216,885,19,4,3,-,75,227,6,1441,1024,11,7,4,-,131,262,6,1512,1019,24,15,8,-,148,293,13,1236,812,22,11,3,-,161,218,12,823,520,8,24,6,-,132,131,8,266,140,3,11,2,-,55,50,7,45,16,1,3,-,-,17,6,2,1,-,-,-,-,-,-,-,1
,男　Ｍ．,625,465,3,-,-,-,26,130,1,997,723,14,3,3,-,63,191,3,1178,848,9,6,3,-,96,215,4,1129,777,19,10,5,-,94,218,11,737,488,18,2,-,-,73,150,6,341,222,4,10,2,-,38,62,5,78,43,2,3,1,-,11,18,1,5,3,-,-,-,-,-,2,-,-,-,-,-,-,-,-,-,-
,女　Ｆ．,109,83,1,1,1,-,4,19,1,219,162,5,1,-,-,12,36,3,263,176,2,1,1,-,35,47,2,383,242,5,5,3,-,54,75,2,499,324,4,9,3,-,88,68,6,482,298,4,14,4,-,94,69,3,188,97,1,8,1,-,44,32,6,40,13,1,3,-,-,17,4,2,1,-,-,-,-,-,-,-,1
02102　　　食道の悪性新生物＜腫瘍＞　　　　　　　　　　　　　　　　　　　　　　,総数,1039,794,9,2,-,-,28,201,5,1720,1270,19,6,4,-,83,336,6,2129,1571,19,13,3,-,131,378,17,2144,1525,24,12,6,-,147,423,13,1368,946,20,20,8,-,141,233,8,654,432,15,13,5,-,84,103,7,163,87,4,5,1,-,32,31,4,16,13,1,-,-,-,-,2,-,-,-,-,-,-,-,-,-,-
,男　Ｍ．,884,680,8,2,-,-,20,171,3,1466,1091,18,5,3,-,67,281,4,1817,1348,17,10,3,-,107,320,15,1772,1257,19,11,5,-,120,357,8,1061,726,17,18,8,-,104,192,4,441,301,10,9,5,-,50,68,3,75,44,1,1,-,-,12,17,-,4,4,-,-,-,-,-,-,-,-,-,-,-,-,-,-,-,-
,女　Ｆ．,155,114,1,-,-,-,8,30,2,254,179,1,1,1,-,16,55,2,312,223,2,3,-,-,24,58,2,372,268,5,1,1,-,27,66,5,307,220,3,2,-,-,37,41,4,213,131,5,4,-,-,34,35,4,88,43,3,4,1,-,20,14,4,12,9,1,-,-,-,-,2,-,-,-,-,-,-,-,-,-,-
02103　　　胃の悪性新生物＜腫瘍＞　　　　　　　　　　　　　　　　　　　　　　　,総数,2498,1910,23,6,3,-,62,485,12,5026,3697,39,15,5,-,208,1037,30,6650,4808,73,36,14,-,345,1353,35,7381,5141,77,72,21,-,533,1491,67,6902,4633,85,137,40,-,669,1309,69,4619,2950,80,120,30,-,601,798,70,1448,850,20,62,22,-,236,248,32,153,82,3,4,-,-,28,34,2,1,1,-,-,-,-,-,-,-
,男　Ｍ．,1857,1433,16,6,3,-,44,348,10,3769,2781,24,15,5,-,154,772,23,4828,3523,55,22,6,-,235,970,23,5079,3507,53,48,14,-,339,1091,41,4249,2882,53,83,23,-,339,854,38,2276,1510,40,38,13,-,253,409,26,544,334,7,18,5,-,79,96,10,34,20,2,-,-,-,3,8,1,1,1,-,-,-,-,-,-,-
,女　Ｆ．,641,477,7,-,-,-,18,137,2,1257,916,15,-,-,-,54,265,7,1822,1285,18,14,8,-,110,383,12,2302,1634,24,24,7,-,194,400,26,2653,1751,32,54,17,-,330,455,31,2343,1440,40,82,17,-,348,389,44,904,516,13,44,17,-,157,152,22,119,62,1,4,-,-,25,26,1,-,-,-,-,-,-,-,-,-
02104　　　結腸の悪性新生物＜腫瘍＞　　　　　　　　　　　　　　　　　　　　　　,総数,2613,1918,21,10,3,-,107,547,10,4553,3332,40,23,8,-,247,881,30,6045,4257,41,46,13,-,382,1275,44,6701,4629,72,104,43,-,611,1223,62,6599,4423,115,155,44,-,782,1059,65,5285,3367,82,168,62,-,804,785,79,1979,1159,27,92,31,-,383,289,29,253,140,5,17,4,-,42,49,-,2,2,-,-,-,-,-,-,-
,男　Ｍ．,1595,1181,11,6,1,-,70,321,6,2754,2009,26,17,6,-,147,538,17,3490,2462,26,22,6,-,210,746,24,3466,2414,33,41,16,-,266,680,32,2851,1953,48,53,13,-,274,500,23,1705,1138,23,47,15,-,203,274,20,457,281,5,22,8,-,78,68,3,48,35,-,1,-,-,6,6,-,2,2,-,-,-,-,-,-,-
,女　Ｆ．,1018,737,10,4,2,-,37,226,4,1799,1323,14,6,2,-,100,343,13,2555,1795,15,24,7,-,172,529,20,3235,2215,39,63,27,-,345,543,30,3748,2470,67,102,31,-,508,559,42,3580,2229,59,121,47,-,601,511,59,1522,878,22,70,23,-,305,221,26,205,105,5,16,4,-,36,43,-,-,-,-,-,-,-,-,-,-
02105　　　直腸Ｓ状結腸移行部及び直腸の悪性新生物＜腫瘍＞　　　　　　　　　　　,総数,1623,1208,12,4,2,-,54,335,10,2448,1765,10,11,6,-,150,499,13,2768,1969,29,18,7,-,190,546,16,2657,1792,30,42,12,-,243,524,26,2071,1357,25,56,24,-,269,344,20,1279,798,12,72,21,-,205,177,15,441,249,6,19,3,-,94,68,5,67,30,3,4,-,-,13,16,1,1,-,-,-,-,-,1,-,-
,男　Ｍ．,1159,873,8,3,2,-,40,227,8,1754,1268,9,9,4,-,103,355,10,1850,1318,20,12,4,-,124,363,13,1645,1121,20,26,8,-,119,345,14,1086,741,15,21,10,-,109,188,12,510,323,4,24,9,-,72,81,6,128,80,2,6,1,-,20,20,-,15,8,-,2,-,-,4,1,-,-,-,-,-,-,-,-,-,-
,女　Ｆ．,464,335,4,1,-,-,14,108,2,694,497,1,2,2,-,47,144,3,918,651,9,6,3,-,66,183,3,1012,671,10,16,4,-,124,179,12,985,616,10,35,14,-,160,156,8,769,475,8,48,12,-,133,96,9,313,169,4,13,2,-,74,48,5,52,22,3,2,-,-,9,15,1,1,-,-,-,-,-,1,-,-
02106　　　肝及び肝内胆管の悪性新生物＜腫瘍＞　　　　　　　　　　　　　　　　　,総数,1537,1190,8,4,1,-,56,270,9,3039,2318,24,7,1,-,114,559,17,3943,2941,40,24,11,-,187,728,23,4485,3258,46,38,13,-,285,826,32,4320,2940,75,84,33,-,416,764,41,2555,1642,47,98,30,-,339,390,39,660,416,9,24,10,-,99,107,5,75,38,2,6,2,-,9,19,1,3,3,-,-,-,-,-,-,-
,男　Ｍ．,1216,934,6,1,-,-,45,223,7,2344,1800,19,5,-,-,77,429,14,2901,2179,26,17,8,-,121,541,17,3010,2182,32,25,9,-,175,581,15,2611,1793,45,47,18,-,204,502,20,1313,869,23,35,13,-,137,226,23,235,143,3,8,3,-,37,42,2,11,6,-,1,-,-,1,2,1,3,3,-,-,-,-,-,-,-
,女　Ｆ．,321,256,2,3,1,-,11,47,2,695,518,5,2,1,-,37,130,3,1042,762,14,7,3,-,66,187,6,1475,1076,14,13,4,-,110,245,17,1709,1147,30,37,15,-,212,262,21,1242,773,24,63,17,-,202,164,16,425,273,6,16,7,-,62,65,3,64,32,2,5,2,-,8,17,-,-,-,-,-,-,-,-,-,-
02107　　　胆のう及びその他の胆道の悪性新生物＜腫瘍＞　　　　　　　　　　　　　,総数,882,670,7,1,-,-,17,183,4,1793,1324,17,2,1,-,62,385,3,2683,1973,31,8,3,-,122,534,15,3661,2639,29,31,11,-,261,680,21,3705,2578,38,63,21,-,376,611,39,2495,1640,43,76,26,-,335,369,32,917,554,12,28,11,-,180,123,20,134,64,2,6,1,-,29,28,5,1,1,-,-,-,-,-,-,-
,男　Ｍ．,553,426,1,-,-,-,12,111,3,1126,840,8,2,1,-,33,241,2,1700,1253,22,6,2,-,79,330,10,2105,1550,17,19,5,-,121,390,8,1858,1339,23,23,7,-,157,304,12,1008,681,11,26,10,-,122,158,10,248,160,2,5,4,-,43,37,1,20,13,-,-,-,-,3,4,-,-,-,-,-,-,-,-,-,-
,女　Ｆ．,329,244,6,1,-,-,5,72,1,667,484,9,-,-,-,29,144,1,983,720,9,2,1,-,43,204,5,1556,1089,12,12,6,-,140,290,13,1847,1239,15,40,14,-,219,307,27,1487,959,32,50,16,-,213,211,22,669,394,10,23,7,-,137,86,19,114,51,2,6,1,-,26,24,5,1,1,-,-,-,-,-,-,-
02108　　　膵の悪性新生物＜腫瘍＞　　　　　　　　　　　　　　　　　　　　　　　,総数,3334,2433,28,2,-,-,87,768,16,5859,4226,55,18,10,-,181,1352,27,7796,5546,69,23,13,-,369,1729,60,8231,5810,73,47,11,-,534,1702,65,6479,4500,72,67,21,-,578,1185,77,3590,2352,65,74,24,-,446,600,53,1049,667,16,22,4,-,179,150,15,127,61,2,4,1,-,30,25,5,2,1,-,-,-,-,-,-,1
,男　Ｍ．,1976,1449,14,2,-,-,54,449,8,3294,2401,30,6,4,-,94,743,20,4132,2950,37,16,8,-,183,918,28,3989,2868,42,21,5,-,223,812,23,2635,1867,31,24,6,-,184,510,19,1132,759,14,21,11,-,121,207,10,236,155,4,4,1,-,35,34,4,13,8,-,-,-,-,3,2,-,-,-,-,-,-,-,-,-,-
,女　Ｆ．,1358,984,14,-,-,-,33,319,8,2565,1825,25,12,6,-,87,609,7,3664,2596,32,7,5,-,186,811,32,4242,2942,31,26,6,-,311,890,42,3844,2633,41,43,15,-,394,675,58,2458,1593,51,53,13,-,325,393,43,813,512,12,18,3,-,144,116,11,114,53,2,4,1,-,27,23,5,2,1,-,-,-,-,-,-,1
02109　　　喉頭の悪性新生物＜腫瘍＞　　　　　　　　　　　　　　　　　　　　　　,総数,50,36,-,-,-,-,5,8,1,100,77,-,1,1,-,9,13,-,144,112,-,1,1,-,9,22,-,176,119,1,2,1,-,16,36,2,130,86,3,3,1,-,23,14,1,80,44,2,2,1,-,18,13,1,19,9,1,1,-,-,1,7,-,4,2,-,-,-,-,1,1,-,-,-,-,-,-,-,-,-,-
,男　Ｍ．,47,34,-,-,-,-,5,7,1,95,74,-,1,1,-,9,11,-,134,104,-,1,1,-,8,21,-,153,102,1,2,1,-,14,33,1,116,76,3,3,1,-,20,13,1,66,38,2,2,1,-,12,11,1,12,6,1,1,-,-,1,3,-,4,2,-,-,-,-,1,1,-,-,-,-,-,-,-,-,-,-
,女　Ｆ．,3,2,-,-,-,-,-,1,-,5,3,-,-,-,-,-,2,-,10,8,-,-,-,-,1,1,-,23,17,-,-,-,-,2,3,1,14,10,-,-,-,-,3,1,-,14,6,-,-,-,-,6,2,-,7,3,-,-,-,-,-,4,-,-,-,-,-,-,-,-,-,-,-,-,-,-,-,-,-,-,-
02110　　　気管，気管支及び肺の悪性新生物＜腫瘍＞　　　　　　　　　　　　　　　,総数,5435,4337,34,12,3,-,195,822,35,11440,8860,88,24,10,-,519,1884,65,15896,12014,134,71,27,-,856,2730,91,15875,11643,191,124,47,-,1076,2717,124,12060,8570,176,170,66,-,1087,1945,112,6847,4691,119,161,50,-,824,969,83,2068,1317,39,90,26,-,298,302,22,259,157,6,17,6,-,42,34,3,4,2,1,-,-,-,-,-,1
,男　Ｍ．,4184,3377,26,11,3,-,143,599,28,8725,6831,71,19,7,-,366,1391,47,11785,8999,94,49,19,-,578,1998,67,11191,8328,131,79,29,-,634,1948,71,7649,5579,96,96,41,-,591,1231,56,3712,2622,68,77,24,-,367,542,36,871,594,11,26,6,-,105,128,7,84,52,2,5,1,-,12,13,-,4,2,1,-,-,-,-,-,1
,女　Ｆ．,1251,960,8,1,-,-,52,223,7,2715,2029,17,5,3,-,153,493,18,4111,3015,40,22,8,-,278,732,24,4684,3315,60,45,18,-,442,769,53,4411,2991,80,74,25,-,496,714,56,3135,2069,51,84,26,-,457,427,47,1197,723,28,64,20,-,193,174,15,175,105,4,12,5,-,30,21,3,-,-,-,-,-,-,-,-,-
02111　　　皮膚の悪性新生物＜腫瘍＞　　　　　　　　　　　　　　　　　　　　　　,総数,104,75,1,1,1,-,7,20,-,179,127,-,1,1,-,11,39,1,227,163,4,1,-,-,17,41,1,300,206,10,2,1,-,24,56,2,322,202,4,7,3,-,45,60,4,287,168,5,12,5,-,53,47,2,169,79,2,8,2,-,46,31,3,71,28,-,9,4,-,22,11,1,-,-,-,-,-,-,-,-,-
,男　Ｍ．,60,46,1,-,-,-,3,10,-,109,78,-,1,1,-,7,23,-,147,103,2,-,-,-,14,27,1,176,122,3,2,1,-,13,36,-,156,103,2,4,1,-,17,30,-,125,77,2,5,1,-,14,25,2,52,24,1,-,-,-,11,16,-,9,2,-,2,1,-,3,1,1,-,-,-,-,-,-,-,-,-
,女　Ｆ．,44,29,-,1,1,-,4,10,-,70,49,-,-,-,-,4,16,1,80,60,2,1,-,-,3,14,-,124,84,7,-,-,-,11,20,2,166,99,2,3,2,-,28,30,4,162,91,3,7,4,-,39,22,-,117,55,1,8,2,-,35,15,3,62,26,-,7,3,-,19,10,-,-,-,-,-,-,-,-,-,-
02112　　　乳房の悪性新生物＜腫瘍＞　　　　　　　　　　　　　　　　　　　　　　,総数,1433,1020,15,3,2,-,75,313,7,1930,1313,8,10,5,-,157,422,20,2075,1372,19,19,10,-,174,469,22,1991,1246,18,22,8,-,247,431,27,1687,970,30,41,12,-,311,302,33,1247,630,10,45,11,-,319,221,22,594,263,7,35,14,-,172,105,12,129,45,1,11,4,-,48,22,2,-,-,-,-,-,-,-,-,-
,男　Ｍ．,12,9,-,-,-,-,-,3,-,21,14,-,-,-,-,3,4,-,18,12,-,-,-,-,1,5,-,24,16,-,-,-,-,-,8,-,18,10,-,-,-,-,2,6,-,18,10,-,2,1,-,2,4,-,4,1,-,-,-,-,2,1,-,1,1,-,-,-,-,-,-,-,-,-,-,-,-,-,-,-,-
,女　Ｆ．,1421,1011,15,3,2,-,75,310,7,1909,1299,8,10,5,-,154,418,20,2057,1360,19,19,10,-,173,464,22,1967,1230,18,22,8,-,247,423,27,1669,960,30,41,12,-,309,296,33,1229,620,10,43,10,-,317,217,22,590,262,7,35,14,-,170,104,12,128,44,1,11,4,-,48,22,2,-,-,-,-,-,-,-,-,-
02113　　　子宮の悪性新生物＜腫瘍＞　　　　　　　　　　　　　　　　　　　　　　,総数,691,504,10,1,1,-,31,140,5,798,585,7,5,3,-,49,144,8,881,626,7,7,3,-,57,177,7,907,591,7,15,5,-,98,185,11,750,448,11,21,4,-,106,143,21,500,293,4,20,7,-,85,87,11,152,65,3,8,-,-,42,30,4,19,9,-,1,-,-,4,5,-,-,-,-,-,-,-,-,-,-
,男　Ｍ．,・,・,・,・,・,・,・,・,・,・,・,・,・,・,・,・,・,・,・,・,・,・,・,・,・,・,・,・,・,・,・,・,・,・,・,・,・,・,・,・,・,・,・,・,・,・,・,・,・,・,・,・,・,・,・,・,・,・,・,・,・,・,・,・,・,・,・,・,・,・,・,・,・,・,・,・,・,・,・,・,・
,女　Ｆ．,691,504,10,1,1,-,31,140,5,798,585,7,5,3,-,49,144,8,881,626,7,7,3,-,57,177,7,907,591,7,15,5,-,98,185,11,750,448,11,21,4,-,106,143,21,500,293,4,20,7,-,85,87,11,152,65,3,8,-,-,42,30,4,19,9,-,1,-,-,4,5,-,-,-,-,-,-,-,-,-,-
02114　　　卵巣の悪性新生物＜腫瘍＞　　　　　　　　　　　　　　　　　　　　　　,総数,521,365,7,1,1,-,20,126,2,617,439,3,-,-,-,31,140,4,632,436,2,3,1,-,42,145,4,644,454,8,2,-,-,43,128,9,479,314,9,6,1,-,53,85,12,306,189,4,8,1,-,37,63,5,99,54,-,2,1,-,19,21,3,21,9,-,1,-,-,3,7,1,-,-,-,-,-,-,-,-,-
,男　Ｍ．,・,・,・,・,・,・,・,・,・,・,・,・,・,・,・,・,・,・,・,・,・,・,・,・,・,・,・,・,・,・,・,・,・,・,・,・,・,・,・,・,・,・,・,・,・,・,・,・,・,・,・,・,・,・,・,・,・,・,・,・,・,・,・,・,・,・,・,・,・,・,・,・,・,・,・,・,・,・,・,・,・
,女　Ｆ．,521,365,7,1,1,-,20,126,2,617,439,3,-,-,-,31,140,4,632,436,2,3,1,-,42,145,4,644,454,8,2,-,-,43,128,9,479,314,9,6,1,-,53,85,12,306,189,4,8,1,-,37,63,5,99,54,-,2,1,-,19,21,3,21,9,-,1,-,-,3,7,1,-,-,-,-,-,-,-,-,-
02115　　　前立腺の悪性新生物＜腫瘍＞　　　　　　　　　　　　　　　　　　　　　,総数,517,385,4,2,1,-,24,100,2,1332,884,15,5,1,-,104,312,12,2209,1459,28,22,8,-,183,499,18,2958,1861,38,34,17,-,342,655,28,3314,2022,53,91,30,-,478,629,41,2292,1306,29,82,26,-,432,407,36,632,317,16,28,8,-,139,124,8,59,25,1,4,-,-,15,12,2,-,-,-,-,-,-,-,-,-
,男　Ｍ．,517,385,4,2,1,-,24,100,2,1332,884,15,5,1,-,104,312,12,2209,1459,28,22,8,-,183,499,18,2958,1861,38,34,17,-,342,655,28,3314,2022,53,91,30,-,478,629,41,2292,1306,29,82,26,-,432,407,36,632,317,16,28,8,-,139,124,8,59,25,1,4,-,-,15,12,2,-,-,-,-,-,-,-,-,-
,女　Ｆ．,・,・,・,・,・,・,・,・,・,・,・,・,・,・,・,・,・,・,・,・,・,・,・,・,・,・,・,・,・,・,・,・,・,・,・,・,・,・,・,・,・,・,・,・,・,・,・,・,・,・,・,・,・,・,・,・,・,・,・,・,・,・,・,・,・,・,・,・,・,・,・,・,・,・,・,・,・,・,・,・,・
02116　　　膀胱の悪性新生物＜腫瘍＞　　　　　　　　　　　　　　　　　　　　　　,総数,413,303,4,2,1,-,19,82,3,887,654,11,2,1,-,54,156,10,1333,981,13,17,6,-,78,240,4,1976,1376,27,28,12,-,178,351,16,2198,1497,32,44,12,-,249,354,22,1744,1147,26,56,20,-,251,245,19,645,355,11,37,12,-,131,102,9,71,35,-,-,-,-,20,12,4,-,-,-,-,-,-,-,-,-
,男　Ｍ．,313,229,2,2,1,-,13,66,1,670,489,7,-,-,-,42,122,10,994,737,12,14,6,-,53,175,3,1397,957,24,19,9,-,118,265,14,1458,1006,18,31,8,-,151,239,13,1040,673,15,28,14,-,148,163,13,330,188,4,13,6,-,64,58,3,35,18,-,-,-,-,9,8,-,-,-,-,-,-,-,-,-,-
,女　Ｆ．,100,74,2,-,-,-,6,16,2,217,165,4,2,1,-,12,34,-,339,244,1,3,-,-,25,65,1,579,419,3,9,3,-,60,86,2,740,491,14,13,4,-,98,115,9,704,474,11,28,6,-,103,82,6,315,167,7,24,6,-,67,44,6,36,17,-,-,-,-,11,4,4,-,-,-,-,-,-,-,-,-
02117　　　中枢神経系の悪性新生物＜腫瘍＞　　　　　　　　　　　　　　　　　　　,総数,307,193,1,5,4,-,39,65,4,452,256,2,18,16,-,81,87,8,511,314,7,9,6,-,85,89,7,478,278,6,12,6,-,92,80,10,303,195,5,11,6,-,45,44,3,102,63,2,5,2,-,17,13,2,19,14,-,3,1,-,-,2,-,2,-,-,1,-,-,-,1,-,-,-,-,-,-,-,-,-,-
,男　Ｍ．,176,116,1,4,4,-,22,32,1,245,146,1,11,9,-,44,38,5,288,174,5,4,2,-,46,56,3,247,152,4,4,2,-,43,38,6,156,108,2,6,3,-,20,18,2,42,28,1,3,1,-,6,4,-,5,4,-,1,-,-,-,-,-,-,-,-,-,-,-,-,-,-,-,-,-,-,-,-,-,-,-
,女　Ｆ．,131,77,-,1,-,-,17,33,3,207,110,1,7,7,-,37,49,3,223,140,2,5,4,-,39,33,4,231,126,2,8,4,-,49,42,4,147,87,3,5,3,-,25,26,1,60,35,1,2,1,-,11,9,2,14,10,-,2,1,-,-,2,-,2,-,-,1,-,-,-,1,-,-,-,-,-,-,-,-,-,-
02118　　　悪性リンパ腫　　　　　　　　　　　　　　　　　　　　　　　　　　　　,総数,790,657,4,2,-,-,30,94,3,1570,1257,11,11,4,-,77,205,9,2389,1874,19,17,6,-,145,320,14,3028,2317,26,18,3,-,245,402,20,3022,2219,40,46,22,-,283,416,18,1823,1299,18,39,12,-,179,272,16,477,309,7,16,4,-,65,69,11,43,24,-,4,2,-,5,10,-,1,-,-,-,-,-,-,-,1
,男　Ｍ．,513,426,3,2,-,-,19,61,2,975,793,7,6,2,-,45,120,4,1446,1167,9,11,4,-,80,168,11,1758,1374,17,6,2,-,120,234,7,1544,1154,22,19,6,-,118,225,6,803,600,6,12,5,-,55,121,9,147,103,-,1,-,-,20,19,4,8,6,-,1,-,-,-,1,-,1,-,-,-,-,-,-,-,1
,女　Ｆ．,277,231,1,-,-,-,11,33,1,595,464,4,5,2,-,32,85,5,943,707,10,6,2,-,65,152,3,1270,943,9,12,1,-,125,168,13,1478,1065,18,27,16,-,165,191,12,1020,699,12,27,7,-,124,151,7,330,206,7,15,4,-,45,50,7,35,18,-,3,2,-,5,9,-,-,-,-,-,-,-,-,-,-
02119　　　白血病　　　　　　　　　　　　　　　　　　　　　　　　　　　　　　　,総数,740,662,-,-,-,-,9,65,4,1442,1212,5,2,1,-,24,198,1,1871,1540,9,5,-,-,46,262,9,1910,1534,12,10,5,-,76,267,11,1558,1176,14,15,1,-,104,239,10,789,549,15,14,7,-,89,115,7,199,135,4,4,1,-,24,32,-,16,10,-,1,1,-,3,2,-,-,-,-,-,-,-,-,-,-
,男　Ｍ．,502,453,-,-,-,-,5,43,1,973,814,4,1,1,-,15,138,1,1261,1040,6,3,-,-,25,181,6,1181,960,7,6,4,-,46,158,4,810,618,9,8,1,-,55,118,2,368,264,7,3,1,-,34,57,3,71,53,1,1,-,-,6,10,-,4,2,-,1,1,-,-,1,-,-,-,-,-,-,-,-,-,-
,女　Ｆ．,238,209,-,-,-,-,4,22,3,469,398,1,1,-,-,9,60,-,610,500,3,2,-,-,21,81,3,729,574,5,4,1,-,30,109,7,748,558,5,7,-,-,49,121,8,421,285,8,11,6,-,55,58,4,128,82,3,3,1,-,18,22,-,12,8,-,-,-,-,3,1,-,-,-,-,-,-,-,-,-,-
02120　　　その他のリンパ組織，造血組織及び関連組織の悪性新生物＜腫瘍＞　　　　,総数,225,191,-,2,1,-,6,26,-,483,388,2,3,2,-,25,61,4,747,574,7,6,4,-,55,100,5,983,737,8,13,5,-,70,150,5,931,637,13,16,3,-,116,137,12,524,347,10,16,4,-,79,62,10,119,76,1,4,1,-,24,13,1,9,4,-,1,-,-,2,1,1,-,-,-,-,-,-,-,-,-
,男　Ｍ．,130,110,-,-,-,-,3,17,-,281,228,1,2,1,-,14,33,3,421,335,3,2,1,-,22,57,2,531,414,3,6,3,-,28,76,4,466,321,6,6,1,-,57,70,6,204,141,3,6,2,-,22,28,4,37,25,-,1,-,-,8,3,-,5,2,-,1,-,-,1,1,-,-,-,-,-,-,-,-,-,-
,女　Ｆ．,95,81,-,2,1,-,3,9,-,202,160,1,1,1,-,11,28,1,326,239,4,4,3,-,33,43,3,452,323,5,7,2,-,42,74,1,465,316,7,10,2,-,59,67,6,320,206,7,10,2,-,57,34,6,82,51,1,3,1,-,16,10,1,4,2,-,-,-,-,1,-,1,-,-,-,-,-,-,-,-,-
02121　　　その他の悪性新生物＜腫瘍＞　　　　　　　　　　　　　　　　　　　　　,総数,2080,1596,9,2,-,-,78,382,13,3661,2766,31,10,7,-,165,670,19,4966,3715,54,23,7,-,282,863,29,5571,3969,52,51,22,-,457,999,43,5263,3620,71,117,45,-,564,841,50,3645,2395,67,92,25,-,530,514,47,1228,758,22,58,19,-,185,184,21,142,78,2,7,4,-,27,26,2,-,-,-,-,-,-,-,-,-
,男　Ｍ．,1311,996,5,2,-,-,54,242,12,2350,1783,20,6,4,-,102,425,14,3077,2325,33,13,4,-,164,525,17,3159,2311,32,33,15,-,208,558,17,2673,1916,35,46,19,-,237,422,17,1426,992,28,27,5,-,168,190,21,398,245,6,14,5,-,58,65,10,33,19,-,4,1,-,2,8,-,-,-,-,-,-,-,-,-,-
,女　Ｆ．,769,600,4,-,-,-,24,140,1,1311,983,11,4,3,-,63,245,5,1889,1390,21,10,3,-,118,338,12,2412,1658,20,18,7,-,249,441,26,2590,1704,36,71,26,-,327,419,33,2219,1403,39,65,20,-,362,324,26,830,513,16,44,14,-,127,119,11,109,59,2,3,3,-,25,18,2,-,-,-,-,-,-,-,-,-
02200　　その他の新生物＜腫瘍＞　　　　　　　　　　　　　　　　　　　　　　　　,総数,548,427,11,4,2,-,29,75,2,1134,901,11,17,11,-,67,136,2,1833,1421,19,32,12,-,136,216,9,2640,2007,25,56,22,-,228,310,14,3113,2274,39,91,29,-,351,327,31,2480,1672,43,142,52,-,360,235,28,951,576,23,64,29,-,173,104,11,130,70,3,10,2,-,26,17,4,1,1,-,-,-,-,-,-,-
,男　Ｍ．,390,301,8,4,2,-,19,57,1,779,633,5,5,2,-,38,97,1,1213,935,13,19,4,-,79,160,7,1633,1275,18,27,14,-,110,196,7,1658,1253,21,30,10,-,146,193,15,1004,704,14,41,10,-,120,112,13,278,189,5,9,6,-,43,27,5,21,10,-,2,-,-,4,4,1,1,1,-,-,-,-,-,-,-
,女　Ｆ．,158,126,3,-,-,-,10,18,1,355,268,6,12,9,-,29,39,1,620,486,6,13,8,-,57,56,2,1007,732,7,29,8,-,118,114,7,1455,1021,18,61,19,-,205,134,16,1476,968,29,101,42,-,240,123,15,673,387,18,55,23,-,130,77,6,109,60,3,8,2,-,22,13,3,-,-,-,-,-,-,-,-,-
02201　　　中枢神経系のその他の新生物＜腫瘍＞　　　　　　　　　　　　　　　　　,総数,132,80,5,3,2,-,19,25,-,229,158,3,11,8,-,27,28,2,335,234,1,16,6,-,47,35,2,423,296,4,19,8,-,61,39,4,541,369,7,22,8,-,89,50,4,377,239,6,28,13,-,66,36,2,134,74,3,19,11,-,22,13,3,18,8,2,3,1,-,2,3,-,-,-,-,-,-,-,-,-,-
,男　Ｍ．,80,46,4,3,2,-,11,16,-,125,88,2,3,2,-,11,20,1,196,131,1,10,2,-,28,24,2,225,166,4,9,5,-,25,19,2,232,176,-,6,2,-,29,20,1,111,76,-,6,2,-,14,14,1,27,17,-,3,2,-,6,-,1,3,-,-,1,-,-,-,2,-,-,-,-,-,-,-,-,-,-
,女　Ｆ．,52,34,1,-,-,-,8,9,-,104,70,1,8,6,-,16,8,1,139,103,-,6,4,-,19,11,-,198,130,-,10,3,-,36,20,2,309,193,7,16,6,-,60,30,3,266,163,6,22,11,-,52,22,1,107,57,3,16,9,-,16,13,2,15,8,2,2,1,-,2,1,-,-,-,-,-,-,-,-,-,-
02202　　　中枢神経系を除くその他の新生物＜腫瘍＞　　　　　　　　　　　　　　　,総数,416,347,6,1,-,-,10,50,2,905,743,8,6,3,-,40,108,-,1498,1187,18,16,6,-,89,181,7,2217,1711,21,37,14,-,167,271,10,2572,1905,32,69,21,-,262,277,27,2103,1433,37,114,39,-,294,199,26,817,502,20,45,18,-,151,91,8,112,62,1,7,1,-,24,14,4,1,1,-,-,-,-,-,-,-
,男　Ｍ．,310,255,4,1,-,-,8,41,1,654,545,3,2,-,-,27,77,-,1017,804,12,9,2,-,51,136,5,1408,1109,14,18,9,-,85,177,5,1426,1077,21,24,8,-,117,173,14,893,628,14,35,8,-,106,98,12,251,172,5,6,4,-,37,27,4,18,10,-,1,-,-,4,2,1,1,1,-,-,-,-,-,-,-
,女　Ｆ．,106,92,2,-,-,-,2,9,1,251,198,5,4,3,-,13,31,-,481,383,6,7,4,-,38,45,2,809,602,7,19,5,-,82,94,5,1146,828,11,45,13,-,145,104,13,1210,805,23,79,31,-,188,101,14,566,330,15,39,14,-,114,64,4,94,52,1,6,1,-,20,12,3,-,-,-,-,-,-,-,-,-
03000　血液及び造血器の疾患並びに免疫機構の障害　　　　　　　　　　　　　　　　,総数,181,163,1,-,-,-,4,13,-,384,348,2,4,3,-,6,23,1,589,517,5,5,2,-,21,38,3,824,682,12,17,4,-,47,61,5,1080,848,23,39,13,-,94,68,8,943,671,20,46,12,-,121,79,6,456,271,16,35,6,-,78,52,4,61,38,2,7,1,-,7,6,1,-,-,-,-,-,-,-,-,-
,男　Ｍ．,99,90,-,-,-,-,3,6,-,219,198,-,4,3,-,3,14,-,321,283,3,2,-,-,12,18,3,413,356,5,7,3,-,18,26,1,450,371,8,9,1,-,27,33,2,349,263,3,12,2,-,36,35,-,122,89,2,3,-,-,12,15,1,10,8,-,1,1,-,-,1,-,-,-,-,-,-,-,-,-,-
,女　Ｆ．,82,73,1,-,-,-,1,7,-,165,150,2,-,-,-,3,9,1,268,234,2,3,2,-,9,20,-,411,326,7,10,1,-,29,35,4,630,477,15,30,12,-,67,35,6,594,408,17,34,10,-,85,44,6,334,182,14,32,6,-,66,37,3,51,30,2,6,-,-,7,5,1,-,-,-,-,-,-,-,-,-
03100　　貧血　　　　　　　　　　　　　　　　　　　　　　　　　　　　　　　　　,総数,69,60,-,-,-,-,4,5,-,165,142,-,1,-,-,5,16,1,259,213,2,2,-,-,15,25,2,405,320,5,9,3,-,33,34,4,617,453,14,27,8,-,72,44,7,593,388,14,33,9,-,93,60,5,305,171,13,25,2,-,58,34,4,36,18,1,6,1,-,6,4,1,-,-,-,-,-,-,-,-,-
,男　Ｍ．,38,32,-,-,-,-,3,3,-,93,77,-,1,-,-,3,12,-,143,120,2,1,-,-,7,11,2,201,169,1,4,2,-,14,12,1,250,194,4,8,1,-,21,21,2,211,145,3,9,1,-,29,25,-,73,52,1,3,-,-,7,9,1,6,4,-,1,1,-,-,1,-,-,-,-,-,-,-,-,-,-
,女　Ｆ．,31,28,-,-,-,-,1,2,-,72,65,-,-,-,-,2,4,1,116,93,-,1,-,-,8,14,-,204,151,4,5,1,-,19,22,3,367,259,10,19,7,-,51,23,5,382,243,11,24,8,-,64,35,5,232,119,12,22,2,-,51,25,3,30,14,1,5,-,-,6,3,1,-,-,-,-,-,-,-,-,-
03200　　その他の血液及び造血器の疾患並びに免疫機構の障害　　　　　　　　　　　,総数,112,103,1,-,-,-,-,8,-,219,206,2,3,3,-,1,7,-,330,304,3,3,2,-,6,13,1,419,362,7,8,1,-,14,27,1,463,395,9,12,5,-,22,24,1,350,283,6,13,3,-,28,19,1,151,100,3,10,4,-,20,18,-,25,20,1,1,-,-,1,2,-,-,-,-,-,-,-,-,-,-
,男　Ｍ．,61,58,-,-,-,-,-,3,-,126,121,-,3,3,-,-,2,-,178,163,1,1,-,-,5,7,1,212,187,4,3,1,-,4,14,-,200,177,4,1,-,-,6,12,-,138,118,-,3,1,-,7,10,-,49,37,1,-,-,-,5,6,-,4,4,-,-,-,-,-,-,-,-,-,-,-,-,-,-,-,-
,女　Ｆ．,51,45,1,-,-,-,-,5,-,93,85,2,-,-,-,1,5,-,152,141,2,2,2,-,1,6,-,207,175,3,5,-,-,10,13,1,263,218,5,11,5,-,16,12,1,212,165,6,10,2,-,21,9,1,102,63,2,10,4,-,15,12,-,21,16,1,1,-,-,1,2,-,-,-,-,-,-,-,-,-,-
04000　内分泌，栄養及び代謝疾患　　　　　　　　　　　　　　　　　　　　　　　　,総数,1322,785,30,16,5,-,48,428,15,2398,1521,36,46,17,-,100,663,32,3438,2353,68,88,27,-,171,722,36,4394,3004,81,187,59,-,342,743,37,5069,3462,114,278,57,-,488,678,49,4144,2584,77,354,92,-,645,442,42,1820,1049,48,152,30,-,355,194,22,343,154,8,39,7,-,95,43,4,11,3,-,-,-,-,-,-,8
,男　Ｍ．,1000,575,22,10,4,-,37,342,14,1687,1025,26,32,10,-,71,508,25,2206,1485,47,51,15,-,100,499,24,2502,1716,47,95,26,-,156,466,22,2517,1751,60,109,24,-,184,388,25,1485,977,27,118,28,-,161,190,12,398,249,11,22,4,-,59,54,3,45,22,1,2,-,-,12,7,1,9,2,-,-,-,-,-,-,7
,女　Ｆ．,322,210,8,6,1,-,11,86,1,711,496,10,14,7,-,29,155,7,1232,868,21,37,12,-,71,223,12,1892,1288,34,92,33,-,186,277,15,2552,1711,54,169,33,-,304,290,24,2659,1607,50,236,64,-,484,252,30,1422,800,37,130,26,-,296,140,19,298,132,7,37,7,-,83,36,3,2,1,-,-,-,-,-,-,1
04100　　糖尿病　　　　　　　　　　　　　　　　　　　　　　　　　　　　　　　　,総数,865,480,27,13,3,-,36,298,11,1551,931,33,35,15,-,76,459,17,2204,1462,56,68,20,-,122,470,26,2669,1691,63,140,45,-,236,518,21,2907,1813,86,186,38,-,333,449,40,2144,1141,47,240,62,-,423,266,27,841,393,29,92,18,-,203,111,13,143,46,3,16,2,-,57,20,1,4,1,-,-,-,-,-,-,3
,男　Ｍ．,682,370,20,8,2,-,29,245,10,1134,640,24,24,10,-,57,375,14,1461,939,39,38,11,-,73,352,20,1560,990,36,72,21,-,111,339,12,1468,933,50,68,12,-,127,272,18,792,449,19,85,20,-,110,120,9,206,107,7,12,3,-,39,39,2,20,4,1,1,-,-,6,7,1,4,1,-,-,-,-,-,-,3
,女　Ｆ．,183,110,7,5,1,-,7,53,1,417,291,9,11,5,-,19,84,3,743,523,17,30,9,-,49,118,6,1109,701,27,68,24,-,125,179,9,1439,880,36,118,26,-,206,177,22,1352,692,28,155,42,-,313,146,18,635,286,22,80,15,-,164,72,11,123,42,2,15,2,-,51,13,-,-,-,-,-,-,-,-,-,-
04200　　その他の内分泌，栄養及び代謝疾患　　　　　　　　　　　　　　　　　　　,総数,457,305,3,3,2,-,12,130,4,847,590,3,11,2,-,24,204,15,1234,891,12,20,7,-,49,252,10,1725,1313,18,47,14,-,106,225,16,2162,1649,28,92,19,-,155,229,9,2000,1443,30,114,30,-,222,176,15,979,656,19,60,12,-,152,83,9,200,108,5,23,5,-,38,23,3,7,2,-,-,-,-,-,-,5
,男　Ｍ．,318,205,2,2,2,-,8,97,4,553,385,2,8,-,-,14,133,11,745,546,8,13,4,-,27,147,4,942,726,11,23,5,-,45,127,10,1049,818,10,41,12,-,57,116,7,693,528,8,33,8,-,51,70,3,192,142,4,10,1,-,20,15,1,25,18,-,1,-,-,6,-,-,5,1,-,-,-,-,-,-,4
,女　Ｆ．,139,100,1,1,-,-,4,33,-,294,205,1,3,2,-,10,71,4,489,345,4,7,3,-,22,105,6,783,587,7,24,9,-,61,98,6,1113,831,18,51,7,-,98,113,2,1307,915,22,81,22,-,171,106,12,787,514,15,50,11,-,132,68,8,175,90,5,22,5,-,32,23,3,2,1,-,-,-,-,-,-,1
05000　精神及び行動の障害　　　　　　　　　　　　　　　　　　　　　　　　　　　,総数,459,304,2,17,6,-,52,84,-,1165,814,10,54,17,-,162,117,8,2189,1410,23,151,46,-,365,214,26,4201,2581,56,400,128,-,760,340,64,6504,3506,88,727,202,-,1566,525,92,7087,3069,95,966,241,-,2152,649,156,4427,1451,69,701,158,-,1617,470,119,1098,243,9,205,27,-,484,123,34,-,-,-,-,-,-,-,-,-
,男　Ｍ．,312,210,1,8,3,-,35,58,-,772,574,8,25,5,-,81,78,6,1325,948,12,73,18,-,172,109,11,2142,1462,21,179,68,-,285,167,28,2806,1772,40,303,107,-,462,200,29,2147,1211,34,261,73,-,440,171,30,815,370,11,124,35,-,218,72,20,108,36,2,20,3,-,35,12,3,-,-,-,-,-,-,-,-,-
,女　Ｆ．,147,94,1,9,3,-,17,26,-,393,240,2,29,12,-,81,39,2,864,462,11,78,28,-,193,105,15,2059,1119,35,221,60,-,475,173,36,3698,1734,48,424,95,-,1104,325,63,4940,1858,61,705,168,-,1712,478,126,3612,1081,58,577,123,-,1399,398,99,990,207,7,185,24,-,449,111,31,-,-,-,-,-,-,-,-,-
05100　　血管性及び詳細不明の認知症　　　　　　　　　　　　　　　　　　　　　　,総数,164,119,1,8,2,-,28,8,-,630,445,8,40,11,-,92,43,2,1686,1066,20,125,35,-,308,147,20,3701,2236,46,370,120,-,691,300,58,6123,3267,84,699,192,-,1485,497,91,6850,2932,93,951,239,-,2082,637,155,4350,1414,69,693,158,-,1592,463,119,1079,231,8,203,27,-,480,123,34,-,-,-,-,-,-,-,-,-
,男　Ｍ．,120,89,-,6,1,-,19,6,-,452,344,7,20,3,-,51,29,1,1042,738,11,63,15,-,151,72,7,1922,1302,19,166,64,-,264,144,27,2674,1674,40,293,101,-,445,193,29,2089,1168,32,254,73,-,435,170,30,798,359,11,120,35,-,217,71,20,107,35,2,20,3,-,35,12,3,-,-,-,-,-,-,-,-,-
,女　Ｆ．,44,30,1,2,1,-,9,2,-,178,101,1,20,8,-,41,14,1,644,328,9,62,20,-,157,75,13,1779,934,27,204,56,-,427,156,31,3449,1593,44,406,91,-,1040,304,62,4761,1764,61,697,166,-,1647,467,125,3552,1055,58,573,123,-,1375,392,99,972,196,6,183,24,-,445,111,31,-,-,-,-,-,-,-,-,-
05200　　その他の精神及び行動の障害　　　　　　　　　　　　　　　　　　　　　　,総数,295,185,1,9,4,-,24,76,-,535,369,2,14,6,-,70,74,6,503,344,3,26,11,-,57,67,6,500,345,10,30,8,-,69,40,6,381,239,4,28,10,-,81,28,1,237,137,2,15,2,-,70,12,1,77,37,-,8,-,-,25,7,-,19,12,1,2,-,-,4,-,-,-,-,-,-,-,-,-,-,-
,男　Ｍ．,192,121,1,2,2,-,16,52,-,320,230,1,5,2,-,30,49,5,283,210,1,10,3,-,21,37,4,220,160,2,13,4,-,21,23,1,132,98,-,10,6,-,17,7,-,58,43,2,7,-,-,5,1,-,17,11,-,4,-,-,1,1,-,1,1,-,-,-,-,-,-,-,-,-,-,-,-,-,-,-,-
,女　Ｆ．,103,64,-,7,2,-,8,24,-,215,139,1,9,4,-,40,25,1,220,134,2,16,8,-,36,30,2,280,185,8,17,4,-,48,17,5,249,141,4,18,4,-,64,21,1,179,94,-,8,2,-,65,11,1,60,26,-,4,-,-,24,6,-,18,11,1,2,-,-,4,-,-,-,-,-,-,-,-,-,-,-
06000　神経系の疾患　　　　　　　　　　　　　　　　　　　　　　　　　　　　　　,総数,2063,1491,14,46,14,-,234,255,23,4808,3374,45,156,60,-,659,524,50,8575,5826,75,400,151,-,1288,898,88,12668,8133,142,701,253,-,2330,1217,145,14162,8188,161,1038,328,-,3215,1337,223,11282,5384,131,1079,318,-,3305,1137,246,4963,1855,60,581,176,-,1775,552,140,972,264,12,110,18,-,444,105,37,6,5,-,-,-,-,-,-,1
,男　Ｍ．,1302,953,10,26,7,-,146,153,14,2957,2175,32,79,25,-,357,285,29,5067,3675,45,207,87,-,611,487,42,6738,4776,69,319,117,-,886,633,55,6325,4241,60,406,124,-,1016,532,70,3515,2153,42,284,101,-,692,301,43,917,490,9,74,24,-,224,95,25,70,35,-,5,2,-,20,9,1,6,5,-,-,-,-,-,-,1
,女　Ｆ．,761,538,4,20,7,-,88,102,9,1851,1199,13,77,35,-,302,239,21,3508,2151,30,193,64,-,677,411,46,5930,3357,73,382,136,-,1444,584,90,7837,3947,101,632,204,-,2199,805,153,7767,3231,89,795,217,-,2613,836,203,4046,1365,51,507,152,-,1551,457,115,902,229,12,105,16,-,424,96,36,-,-,-,-,-,-,-,-,-
06100　　髄膜炎　　　　　　　　　　　　　　　　　　　　　　　　　　　　　　　　,総数,25,23,-,-,-,-,-,2,-,36,36,-,-,-,-,-,-,-,57,56,-,-,-,-,-,1,-,66,63,1,1,-,-,-,-,1,63,56,-,1,1,-,2,4,-,30,27,-,2,-,-,1,-,-,11,10,-,-,-,-,1,-,-,-,-,-,-,-,-,-,-,-,-,-,-,-,-,-,-,-,-
,男　Ｍ．,17,15,-,-,-,-,-,2,-,27,27,-,-,-,-,-,-,-,40,40,-,-,-,-,-,-,-,32,30,1,1,-,-,-,-,-,34,31,-,1,1,-,1,1,-,13,12,-,1,-,-,-,-,-,3,3,-,-,-,-,-,-,-,-,-,-,-,-,-,-,-,-,-,-,-,-,-,-,-,-,-
,女　Ｆ．,8,8,-,-,-,-,-,-,-,9,9,-,-,-,-,-,-,-,17,16,-,-,-,-,-,1,-,34,33,-,-,-,-,-,-,1,29,25,-,-,-,-,1,3,-,17,15,-,1,-,-,1,-,-,8,7,-,-,-,-,1,-,-,-,-,-,-,-,-,-,-,-,-,-,-,-,-,-,-,-,-
06200　　脊髄性筋萎縮症及び関連症候群　　　　　　　　　　　　　　　　　　　　　,総数,291,190,-,1,-,-,32,63,5,586,352,2,4,2,-,77,143,8,682,433,5,8,2,-,77,150,9,518,303,6,2,1,-,102,95,10,248,150,2,1,-,-,45,48,2,51,30,1,2,-,-,6,10,2,9,5,-,2,-,-,2,-,-,-,-,-,-,-,-,-,-,-,-,-,-,-,-,-,-,-,-
,男　Ｍ．,192,129,-,1,-,-,22,36,4,356,227,2,2,1,-,43,77,5,409,272,5,4,1,-,35,88,5,267,176,3,1,1,-,41,40,6,134,85,2,1,-,-,17,27,2,20,13,1,1,-,-,1,4,-,4,2,-,1,-,-,1,-,-,-,-,-,-,-,-,-,-,-,-,-,-,-,-,-,-,-,-
,女　Ｆ．,99,61,-,-,-,-,10,27,1,230,125,-,2,1,-,34,66,3,273,161,-,4,1,-,42,62,4,251,127,3,1,-,-,61,55,4,114,65,-,-,-,-,28,21,-,31,17,-,1,-,-,5,6,2,5,3,-,1,-,-,1,-,-,-,-,-,-,-,-,-,-,-,-,-,-,-,-,-,-,-,-
06300　　パーキンソン病　　　　　　　　　　　　　　　　　　　　　　　　　　　　,総数,330,235,3,6,1,-,47,36,3,1129,811,13,29,8,-,160,105,11,2601,1776,28,96,31,-,430,253,18,4109,2757,41,160,54,-,724,391,36,3774,2270,45,166,39,-,861,400,32,1905,1013,30,100,29,-,495,237,30,377,156,6,36,8,-,123,49,7,39,13,-,2,-,-,15,9,-,1,-,-,-,-,-,-,-,1
,男　Ｍ．,221,158,1,3,-,-,33,24,2,721,530,8,19,4,-,94,64,6,1588,1152,18,54,18,-,219,137,8,2278,1653,20,73,28,-,285,233,14,1859,1227,20,77,15,-,321,200,14,705,436,12,33,7,-,127,88,9,97,52,1,6,4,-,23,12,3,4,3,-,-,-,-,-,1,-,1,-,-,-,-,-,-,-,1
,女　Ｆ．,109,77,2,3,1,-,14,12,1,408,281,5,10,4,-,66,41,5,1013,624,10,42,13,-,211,116,10,1831,1104,21,87,26,-,439,158,22,1915,1043,25,89,24,-,540,200,18,1200,577,18,67,22,-,368,149,21,280,104,5,30,4,-,100,37,4,35,10,-,2,-,-,15,8,-,-,-,-,-,-,-,-,-,-
06400　　アルツハイマー病　　　　　　　　　　　　　　　　　　　　　　　　　　　,総数,233,156,2,12,4,-,44,18,1,737,464,8,42,18,-,152,60,11,1897,1222,14,155,65,-,330,148,28,4001,2324,52,356,135,-,883,325,61,6617,3439,82,669,215,-,1697,579,151,7236,3058,81,819,235,-,2405,688,185,3931,1335,47,473,137,-,1506,451,119,846,217,10,96,15,-,408,84,31,1,1,-,-,-,-,-,-,-
,男　Ｍ．,140,96,1,7,3,-,25,11,-,444,310,5,16,5,-,77,29,7,1048,737,7,82,41,-,132,79,11,1942,1313,21,162,57,-,284,140,22,2564,1658,27,237,73,-,444,165,33,1987,1164,22,194,74,-,450,132,25,645,319,6,59,15,-,173,66,22,56,25,-,4,2,-,18,8,1,1,1,-,-,-,-,-,-,-
,女　Ｆ．,93,60,1,5,1,-,19,7,1,293,154,3,26,13,-,75,31,4,849,485,7,73,24,-,198,69,17,2059,1011,31,194,78,-,599,185,39,4053,1781,55,432,142,-,1253,414,118,5249,1894,59,625,161,-,1955,556,160,3286,1016,41,414,122,-,1333,385,97,790,192,10,92,13,-,390,76,30,-,-,-,-,-,-,-,-,-
06500　　その他の神経系の疾患　　　　　　　　　　　　　　　　　　　　　　　　　,総数,1184,887,9,27,9,-,111,136,14,2320,1711,22,81,32,-,270,216,20,3338,2339,28,141,53,-,451,346,33,3974,2686,42,182,63,-,621,406,37,3460,2273,32,201,73,-,610,306,38,2060,1256,19,156,54,-,398,202,29,635,349,7,70,31,-,143,52,14,87,34,2,12,3,-,21,12,6,4,4,-,-,-,-,-,-,-
,男　Ｍ．,732,555,8,15,4,-,66,80,8,1409,1081,17,42,15,-,143,115,11,1982,1474,15,67,27,-,225,183,18,2219,1604,24,82,31,-,276,220,13,1734,1240,11,90,35,-,233,139,21,790,528,7,55,20,-,114,77,9,168,114,2,8,5,-,27,17,-,10,7,-,1,-,-,2,-,-,4,4,-,-,-,-,-,-,-
,女　Ｆ．,452,332,1,12,5,-,45,56,6,911,630,5,39,17,-,127,101,9,1356,865,13,74,26,-,226,163,15,1755,1082,18,100,32,-,345,186,24,1726,1033,21,111,38,-,377,167,17,1270,728,12,101,34,-,284,125,20,467,235,5,62,26,-,116,35,14,77,27,2,11,3,-,19,12,6,-,-,-,-,-,-,-,-,-
07000　眼及び付属器の疾患　　　　　　　　　　　　　　　　　　　　　　　　　　　,総数,-,-,-,-,-,-,-,-,-,1,1,-,-,-,-,-,-,-,-,-,-,-,-,-,-,-,-,1,1,-,-,-,-,-,-,-,-,-,-,-,-,-,-,-,-,1,1,-,-,-,-,-,-,-,1,1,-,-,-,-,-,-,-,1,-,-,-,-,-,1,-,-,-,-,-,-,-,-,-,-,-
,男　Ｍ．,-,-,-,-,-,-,-,-,-,1,1,-,-,-,-,-,-,-,-,-,-,-,-,-,-,-,-,-,-,-,-,-,-,-,-,-,-,-,-,-,-,-,-,-,-,-,-,-,-,-,-,-,-,-,1,1,-,-,-,-,-,-,-,-,-,-,-,-,-,-,-,-,-,-,-,-,-,-,-,-,-
,女　Ｆ．,-,-,-,-,-,-,-,-,-,-,-,-,-,-,-,-,-,-,-,-,-,-,-,-,-,-,-,1,1,-,-,-,-,-,-,-,-,-,-,-,-,-,-,-,-,1,1,-,-,-,-,-,-,-,-,-,-,-,-,-,-,-,-,1,-,-,-,-,-,1,-,-,-,-,-,-,-,-,-,-,-
08000　耳及び乳様突起の疾患　　　　　　　　　　　　　　　　　　　　　　　　　　,総数,5,4,-,-,-,-,-,1,-,2,1,-,-,-,-,-,1,-,-,-,-,-,-,-,-,-,-,4,1,-,1,-,-,1,1,-,2,2,-,-,-,-,-,-,-,1,1,-,-,-,-,-,-,-,2,2,-,-,-,-,-,-,-,1,-,-,1,-,-,-,-,-,-,-,-,-,-,-,-,-,-
,男　Ｍ．,4,4,-,-,-,-,-,-,-,1,1,-,-,-,-,-,-,-,-,-,-,-,-,-,-,-,-,3,-,-,1,-,-,1,1,-,1,1,-,-,-,-,-,-,-,1,1,-,-,-,-,-,-,-,-,-,-,-,-,-,-,-,-,1,-,-,1,-,-,-,-,-,-,-,-,-,-,-,-,-,-
,女　Ｆ．,1,-,-,-,-,-,-,1,-,1,-,-,-,-,-,-,1,-,-,-,-,-,-,-,-,-,-,1,1,-,-,-,-,-,-,-,1,1,-,-,-,-,-,-,-,-,-,-,-,-,-,-,-,-,2,2,-,-,-,-,-,-,-,-,-,-,-,-,-,-,-,-,-,-,-,-,-,-,-,-,-
09000　循環器系の疾患　　　　　　　　　　　　　　　　　　　　　　　　　　　　　,総数,14131,8367,89,145,69,-,315,4935,280,26675,16557,205,480,228,-,934,8026,473,40660,26599,341,1054,438,-,1766,10401,499,59535,40466,625,2162,835,-,3435,12345,502,76866,52438,995,3673,1389,-,6338,12774,648,76169,50595,1124,4781,1633,-,9039,9862,768,40325,24736,668,3186,993,-,6624,4607,504,8517,4461,162,854,227,-,1862,1043,135,53,14,-,-,-,-,2,1,36
,男　Ｍ．,10631,6043,64,106,51,-,250,3930,238,18833,11304,154,344,161,-,658,5993,380,25936,16799,224,680,287,-,1070,6788,375,33254,22866,353,1125,467,-,1655,6947,308,35595,24822,455,1456,564,-,2312,6237,313,26256,18073,355,1374,474,-,2234,3993,227,9264,5938,165,609,171,-,1192,1267,93,1149,652,18,82,17,-,199,180,18,40,10,-,-,-,-,2,1,27
,女　Ｆ．,3500,2324,25,39,18,-,65,1005,42,7842,5253,51,136,67,-,276,2033,93,14724,9800,117,374,151,-,696,3613,124,26281,17600,272,1037,368,-,1780,5398,194,41271,27616,540,2217,825,-,4026,6537,335,49913,32522,769,3407,1159,-,6805,5869,541,31061,18798,503,2577,822,-,5432,3340,411,7368,3809,144,772,210,-,1663,863,117,13,4,-,-,-,-,-,-,9
09100　　高血圧性疾患　　　　　　　　　　　　　　　　　　　　　　　　　　　　　,総数,462,60,1,2,-,-,2,383,14,776,159,1,2,1,-,17,572,25,1155,295,11,11,5,-,32,778,28,1656,468,14,55,12,-,101,988,30,2301,789,41,97,12,-,279,1058,37,2603,900,60,189,38,-,550,854,50,1660,498,41,152,23,-,495,429,45,484,110,10,48,6,-,189,114,13,8,-,-,-,-,-,-,-,8
,男　Ｍ．,360,44,-,1,-,-,2,299,14,577,108,1,2,1,-,13,434,19,699,177,9,5,2,-,15,468,25,850,244,8,24,5,-,45,512,17,971,367,16,32,5,-,60,481,15,770,285,18,36,9,-,104,310,17,336,116,10,23,4,-,80,102,5,58,16,-,3,-,-,19,19,1,7,-,-,-,-,-,-,-,7
,女　Ｆ．,102,16,1,1,-,-,-,84,-,199,51,-,-,-,-,4,138,6,456,118,2,6,3,-,17,310,3,806,224,6,31,7,-,56,476,13,1330,422,25,65,7,-,219,577,22,1833,615,42,153,29,-,446,544,33,1324,382,31,129,19,-,415,327,40,426,94,10,45,6,-,170,95,12,1,-,-,-,-,-,-,-,1
09101　　　高血圧性心疾患及び心腎疾患　　　　　　　　　　　　　　　　　　　　　,総数,177,32,1,2,-,-,1,135,6,342,99,-,2,1,-,12,218,11,523,166,8,7,4,-,20,308,14,817,288,7,35,9,-,49,430,8,1250,496,20,59,11,-,147,508,20,1439,612,37,101,26,-,261,400,28,910,356,30,78,14,-,221,203,22,244,82,6,30,6,-,77,48,1,2,-,-,-,-,-,-,-,2
,男　Ｍ．,137,21,-,1,-,-,1,108,6,249,66,-,2,1,-,9,165,7,313,101,6,3,1,-,10,181,12,412,147,5,16,3,-,27,212,5,530,225,9,22,5,-,30,236,8,417,189,6,18,7,-,53,140,11,185,81,8,9,2,-,33,53,1,33,12,-,2,-,-,10,9,-,2,-,-,-,-,-,-,-,2
,女　Ｆ．,40,11,1,1,-,-,-,27,-,93,33,-,-,-,-,3,53,4,210,65,2,4,3,-,10,127,2,405,141,2,19,6,-,22,218,3,720,271,11,37,6,-,117,272,12,1022,423,31,83,19,-,208,260,17,725,275,22,69,12,-,188,150,21,211,70,6,28,6,-,67,39,1,-,-,-,-,-,-,-,-,-
09102　　　その他の高血圧性疾患　　　　　　　　　　　　　　　　　　　　　　　　,総数,285,28,-,-,-,-,1,248,8,434,60,1,-,-,-,5,354,14,632,129,3,4,1,-,12,470,14,839,180,7,20,3,-,52,558,22,1051,293,21,38,1,-,132,550,17,1164,288,23,88,12,-,289,454,22,750,142,11,74,9,-,274,226,23,240,28,4,18,-,-,112,66,12,6,-,-,-,-,-,-,-,6
,男　Ｍ．,223,23,-,-,-,-,1,191,8,328,42,1,-,-,-,4,269,12,386,76,3,2,1,-,5,287,13,438,97,3,8,2,-,18,300,12,441,142,7,10,-,-,30,245,7,353,96,12,18,2,-,51,170,6,151,35,2,14,2,-,47,49,4,25,4,-,1,-,-,9,10,1,5,-,-,-,-,-,-,-,5
,女　Ｆ．,62,5,-,-,-,-,-,57,-,106,18,-,-,-,-,1,85,2,246,53,-,2,-,-,7,183,1,401,83,4,12,1,-,34,258,10,610,151,14,28,1,-,102,305,10,811,192,11,70,10,-,238,284,16,599,107,9,60,7,-,227,177,19,215,24,4,17,-,-,103,56,11,1,-,-,-,-,-,-,-,1
09200　　心疾患（高血圧性を除く）　　　　　　　　　　　　　　　　　　　　　　　,総数,8034,4301,37,40,22,-,124,3336,196,15138,8653,103,148,61,-,346,5573,315,23033,14068,178,376,120,-,711,7347,353,35058,23087,353,924,284,-,1658,8707,329,47262,31875,630,1845,579,-,3487,8976,449,49366,32883,744,2719,804,-,5418,7077,525,27354,17014,478,2023,551,-,4206,3283,350,5848,3174,120,561,135,-,1162,727,104,33,7,-,-,-,-,2,1,23
,男　Ｍ．,6243,3254,28,28,15,-,89,2678,166,10965,6087,74,102,46,-,240,4212,250,15019,9094,118,222,65,-,415,4895,275,19950,13351,184,436,143,-,764,5012,203,22273,15280,276,701,212,-,1266,4517,233,17447,11974,236,792,219,-,1374,2912,159,6502,4171,116,404,89,-,777,957,77,835,502,12,59,10,-,121,129,12,25,6,-,-,-,-,2,1,16
,女　Ｆ．,1791,1047,9,12,7,-,35,658,30,4173,2566,29,46,15,-,106,1361,65,8014,4974,60,154,55,-,296,2452,78,15108,9736,169,488,141,-,894,3695,126,24989,16595,354,1144,367,-,2221,4459,216,31919,20909,508,1927,585,-,4044,4165,366,20852,12843,362,1619,462,-,3429,2326,273,5013,2672,108,502,125,-,1041,598,92,8,1,-,-,-,-,-,-,7
09201　　　慢性リウマチ性心疾患　　　　　　　　　　　　　　　　　　　　　　　　,総数,34,30,1,-,-,-,1,2,-,65,56,3,-,-,-,-,6,-,156,127,3,4,-,-,3,17,2,330,276,5,2,1,-,19,25,3,455,358,6,12,6,-,28,47,4,518,376,10,26,12,-,48,51,7,261,186,4,11,6,-,29,28,3,36,19,1,3,-,-,9,2,2,-,-,-,-,-,-,-,-,-
,男　Ｍ．,21,18,1,-,-,-,1,1,-,33,27,2,-,-,-,-,4,-,85,66,2,3,-,-,2,11,1,128,112,2,1,1,-,6,7,-,160,133,3,3,-,-,3,17,1,155,115,3,7,4,-,10,17,3,59,40,1,3,-,-,4,9,2,3,2,-,-,-,-,-,-,1,-,-,-,-,-,-,-,-,-
,女　Ｆ．,13,12,-,-,-,-,-,1,-,32,29,1,-,-,-,-,2,-,71,61,1,1,-,-,1,6,1,202,164,3,1,-,-,13,18,3,295,225,3,9,6,-,25,30,3,363,261,7,19,8,-,38,34,4,202,146,3,8,6,-,25,19,1,33,17,1,3,-,-,9,2,1,-,-,-,-,-,-,-,-,-
09202　　　急性心筋梗塞　　　　　　　　　　　　　　　　　　　　　　　　　　　　,総数,1575,1081,8,3,2,-,8,446,29,2861,2005,20,5,3,-,31,741,59,3964,2858,34,27,3,-,40,935,70,5059,3836,39,64,19,-,83,997,40,5343,3932,65,90,18,-,185,1019,52,4129,3126,59,88,21,-,193,632,31,1714,1288,39,61,19,-,129,186,11,265,196,7,10,1,-,24,25,3,1,-,-,-,-,-,-,-,1
,男　Ｍ．,1288,879,6,3,2,-,4,367,29,2187,1491,16,4,2,-,27,597,52,2708,1960,21,15,2,-,23,636,53,3028,2324,18,34,9,-,41,583,28,2762,2028,31,48,7,-,86,538,31,1657,1248,20,39,9,-,60,281,9,489,336,12,16,4,-,37,86,2,44,36,-,3,-,-,1,4,-,1,-,-,-,-,-,-,-,1
,女　Ｆ．,287,202,2,-,-,-,4,79,-,674,514,4,1,1,-,4,144,7,1256,898,13,12,1,-,17,299,17,2031,1512,21,30,10,-,42,414,12,2581,1904,34,42,11,-,99,481,21,2472,1878,39,49,12,-,133,351,22,1225,952,27,45,15,-,92,100,9,221,160,7,7,1,-,23,21,3,-,-,-,-,-,-,-,-,-
09203　　　その他の虚血性心疾患　　　　　　　　　　　　　　　　　　　　　　　　,総数,2400,830,5,5,3,-,17,1469,74,4094,1451,17,13,5,-,49,2458,106,5888,2291,22,35,13,-,96,3308,136,7346,3227,43,62,15,-,196,3716,102,7365,3438,67,141,40,-,347,3282,90,5428,2635,63,188,42,-,448,2027,67,2139,1016,33,116,29,-,310,632,32,375,155,10,31,6,-,96,74,9,15,2,-,-,-,-,-,-,13
,男　Ｍ．,1972,678,5,5,3,-,12,1208,64,3130,1112,14,12,5,-,38,1868,86,4141,1663,19,25,8,-,58,2258,118,4568,2161,27,31,9,-,85,2191,73,3889,1944,33,58,12,-,157,1636,61,2387,1193,35,61,16,-,151,921,26,671,323,5,27,5,-,81,228,7,75,44,3,-,-,-,8,19,1,11,1,-,-,-,-,-,-,10
,女　Ｆ．,428,152,-,-,-,-,5,261,10,964,339,3,1,-,-,11,590,20,1747,628,3,10,5,-,38,1050,18,2778,1066,16,31,6,-,111,1525,29,3476,1494,34,83,28,-,190,1646,29,3041,1442,28,127,26,-,297,1106,41,1468,693,28,89,24,-,229,404,25,300,111,7,31,6,-,88,55,8,4,1,-,-,-,-,-,-,3
09204　　　慢性非リウマチ性心内膜疾患　　　　　　　　　　　　　　　　　　　　　,総数,138,107,1,-,-,-,1,26,3,321,261,4,3,-,-,6,43,4,638,525,8,3,-,-,20,79,3,1376,1094,13,42,13,-,65,154,8,2754,2110,38,80,24,-,203,307,16,3604,2609,54,165,44,-,347,395,34,2128,1383,26,134,38,-,283,277,25,409,248,7,27,8,-,56,64,7,-,-,-,-,-,-,-,-,-
,男　Ｍ．,95,68,1,-,-,-,1,22,3,197,156,3,-,-,-,5,30,3,329,273,7,1,-,-,11,36,1,661,548,6,11,7,-,30,62,4,1030,807,9,26,9,-,50,134,4,962,727,11,32,6,-,63,121,8,380,269,3,16,4,-,41,48,3,43,27,3,2,-,-,5,6,-,-,-,-,-,-,-,-,-,-
,女　Ｆ．,43,39,-,-,-,-,-,4,-,124,105,1,3,-,-,1,13,1,309,252,1,2,-,-,9,43,2,715,546,7,31,6,-,35,92,4,1724,1303,29,54,15,-,153,173,12,2642,1882,43,133,38,-,284,274,26,1748,1114,23,118,34,-,242,229,22,366,221,4,25,8,-,51,58,7,-,-,-,-,-,-,-,-,-
09205　　　心筋症　　　　　　　　　　　　　　　　　　　　　　　　　　　　　　　,総数,197,150,1,1,-,-,4,40,1,289,226,3,4,2,-,10,40,6,401,311,5,5,2,-,9,69,2,561,436,2,15,4,-,29,77,2,646,500,9,24,7,-,39,71,3,509,361,9,21,8,-,58,55,5,173,116,2,7,1,-,26,20,2,28,15,-,3,1,-,5,4,1,-,-,-,-,-,-,-,-,-
,男　Ｍ．,149,109,1,1,-,-,3,34,1,199,151,3,2,-,-,4,34,5,278,214,3,4,2,-,7,48,2,317,245,1,7,3,-,12,51,1,269,201,4,8,3,-,15,41,-,168,124,4,5,2,-,12,21,2,37,25,-,1,-,-,5,6,-,1,-,-,-,-,-,-,1,-,-,-,-,-,-,-,-,-,-
,女　Ｆ．,48,41,-,-,-,-,1,6,-,90,75,-,2,2,-,6,6,1,123,97,2,1,-,-,2,21,-,244,191,1,8,1,-,17,26,1,377,299,5,16,4,-,24,30,3,341,237,5,16,6,-,46,34,3,136,91,2,6,1,-,21,14,2,27,15,-,3,1,-,5,3,1,-,-,-,-,-,-,-,-,-
09206　　　不整脈及び伝導障害　　　　　　　　　　　　　　　　　　　　　　　　　,総数,1449,806,2,-,-,-,17,585,39,2632,1612,11,13,7,-,45,882,69,3748,2404,17,51,14,-,95,1131,50,5771,3883,52,113,40,-,235,1430,58,7438,5038,90,260,92,-,459,1509,82,7531,5055,104,350,110,-,733,1219,70,3624,2277,50,247,72,-,513,480,57,729,398,14,67,14,-,129,105,16,4,1,-,-,-,-,-,-,3
,男　Ｍ．,1093,594,2,-,-,-,15,451,31,1861,1125,6,9,5,-,29,640,52,2442,1561,8,34,7,-,60,746,33,3277,2264,28,52,20,-,107,791,35,3590,2461,45,104,47,-,182,751,47,2694,1842,24,106,35,-,178,515,29,865,549,13,53,11,-,84,150,16,107,56,1,8,3,-,18,21,3,4,1,-,-,-,-,-,-,3
,女　Ｆ．,356,212,-,-,-,-,2,134,8,771,487,5,4,2,-,16,242,17,1306,843,9,17,7,-,35,385,17,2494,1619,24,61,20,-,128,639,23,3848,2577,45,156,45,-,277,758,35,4837,3213,80,244,75,-,555,704,41,2759,1728,37,194,61,-,429,330,41,622,342,13,59,11,-,111,84,13,-,-,-,-,-,-,-,-,-
09207　　　心不全　　　　　　　　　　　　　　　　　　　　　　　　　　　　　　　,総数,1815,1065,18,31,17,-,71,591,39,4128,2615,44,104,40,-,199,1111,55,7137,4858,84,247,88,-,437,1442,69,13338,9502,197,609,190,-,1008,1924,98,21899,15584,349,1219,386,-,2187,2379,181,26677,18037,438,1856,560,-,3547,2494,305,16947,10498,321,1428,383,-,2885,1595,220,3947,2106,81,417,105,-,834,443,66,10,3,-,-,-,-,2,1,4
,男　Ｍ．,1313,738,12,19,10,-,48,465,31,2841,1743,29,69,30,-,135,823,42,4341,2927,55,136,46,-,247,928,48,7276,5267,101,290,92,-,473,1096,49,9893,7245,148,448,133,-,757,1221,74,9066,6476,138,534,145,-,887,950,81,3887,2551,80,284,65,-,520,405,47,549,332,5,46,7,-,86,73,7,7,3,-,-,-,-,2,1,1
,女　Ｆ．,502,327,6,12,7,-,23,126,8,1287,872,15,35,10,-,64,288,13,2796,1931,29,111,42,-,190,514,21,6062,4235,96,319,98,-,535,828,49,12006,8339,201,771,253,-,1430,1158,107,17611,11561,300,1322,415,-,2660,1544,224,13060,7947,241,1144,318,-,2365,1190,173,3398,1774,76,371,98,-,748,370,59,3,-,-,-,-,-,-,-,3
09208　　　その他の心疾患　　　　　　　　　　　　　　　　　　　　　　　　　　　,総数,426,232,1,-,-,-,5,177,11,748,427,1,6,4,-,6,292,16,1101,694,5,4,-,-,11,366,21,1277,833,2,17,2,-,23,384,18,1362,915,6,19,6,-,39,362,21,970,684,7,25,7,-,44,204,6,368,250,3,19,3,-,31,65,-,59,37,-,3,-,-,9,10,-,3,1,-,-,-,-,-,-,2
,男　Ｍ．,312,170,-,-,-,-,5,130,7,517,282,1,6,4,-,2,216,10,695,430,3,4,-,-,7,232,19,695,430,1,10,2,-,10,231,13,680,461,3,6,1,-,16,179,15,358,249,1,8,2,-,13,86,1,114,78,2,4,-,-,5,25,-,13,5,-,-,-,-,3,5,-,2,1,-,-,-,-,-,-,1
,女　Ｆ．,114,62,1,-,-,-,-,47,4,231,145,-,-,-,-,4,76,6,406,264,2,-,-,-,4,134,2,582,403,1,7,-,-,13,153,5,682,454,3,13,5,-,23,183,6,612,435,6,17,5,-,31,118,5,254,172,1,15,3,-,26,40,-,46,32,-,3,-,-,6,5,-,1,-,-,-,-,-,-,-,1
09300　　脳血管疾患　　　　　　　　　　　　　　　　　　　　　　　　　　　　　　,総数,4093,2772,47,103,47,-,181,944,46,8067,5597,84,316,162,-,541,1447,82,12402,8796,141,644,307,-,972,1765,84,17584,12541,216,1143,525,-,1537,2045,102,21343,14795,287,1652,776,-,2370,2106,133,19376,12877,279,1756,743,-,2779,1526,159,9200,5595,131,927,394,-,1718,731,98,1818,930,27,223,78,-,452,171,15,7,3,-,-,-,-,-,-,4
,男　Ｍ．,2958,1913,34,77,36,-,153,740,41,5582,3792,66,229,112,-,386,1039,70,7909,5590,90,439,217,-,611,1120,59,9831,7106,134,645,313,-,778,1108,60,9849,7079,141,697,340,-,915,965,52,6513,4580,89,514,233,-,693,593,44,2006,1323,33,172,77,-,298,169,11,207,102,4,19,7,-,51,28,3,5,2,-,-,-,-,-,-,3
,女　Ｆ．,1135,859,13,26,11,-,28,204,5,2485,1805,18,87,50,-,155,408,12,4493,3206,51,205,90,-,361,645,25,7753,5435,82,498,212,-,759,937,42,11494,7716,146,955,436,-,1455,1141,81,12863,8297,190,1242,510,-,2086,933,115,7194,4272,98,755,317,-,1420,562,87,1611,828,23,204,71,-,401,143,12,2,1,-,-,-,-,-,-,1
09301　　　くも膜下出血　　　　　　　　　　　　　　　　　　　　　　　　　　　　,総数,775,553,4,10,5,-,18,178,12,1150,833,7,18,11,-,42,242,8,1447,1094,9,34,14,-,38,261,11,1675,1272,7,45,22,-,70,271,10,1644,1259,13,48,19,-,88,229,7,1178,852,12,65,37,-,70,174,5,396,279,3,23,15,-,43,41,7,35,29,-,3,1,-,2,1,-,1,-,-,-,-,-,-,-,1
,男　Ｍ．,370,217,2,6,3,-,10,125,10,526,327,2,4,2,-,23,165,5,497,337,3,11,6,-,7,135,4,506,358,2,10,4,-,19,112,5,388,266,2,9,3,-,22,85,4,195,124,2,8,7,-,8,52,1,49,33,1,1,1,-,5,8,1,3,3,-,-,-,-,-,-,-,1,-,-,-,-,-,-,-,1
,女　Ｆ．,405,336,2,4,2,-,8,53,2,624,506,5,14,9,-,19,77,3,950,757,6,23,8,-,31,126,7,1169,914,5,35,18,-,51,159,5,1256,993,11,39,16,-,66,144,3,983,728,10,57,30,-,62,122,4,347,246,2,22,14,-,38,33,6,32,26,-,3,1,-,2,1,-,-,-,-,-,-,-,-,-,-
09302　　　脳内出血　　　　　　　　　　　　　　　　　　　　　　　　　　　　　　,総数,1958,1250,22,33,13,-,69,559,25,3316,2226,22,121,66,-,153,748,46,4563,3147,38,181,93,-,263,895,39,5699,3965,47,302,152,-,388,959,38,6126,4310,55,368,184,-,485,879,29,4377,3004,48,324,148,-,470,502,29,1560,1056,13,117,51,-,199,165,10,240,142,4,31,13,-,41,20,2,3,1,-,-,-,-,-,-,2
,男　Ｍ．,1504,933,17,24,9,-,61,445,24,2327,1551,19,88,46,-,104,524,41,2879,2002,26,117,63,-,164,542,28,3065,2202,27,157,84,-,170,494,15,2725,2023,21,139,72,-,160,371,11,1478,1066,15,80,48,-,103,204,10,359,269,1,18,9,-,26,44,1,37,26,1,1,1,-,4,4,1,2,1,-,-,-,-,-,-,1
,女　Ｆ．,454,317,5,9,4,-,8,114,1,989,675,3,33,20,-,49,224,5,1684,1145,12,64,30,-,99,353,11,2634,1763,20,145,68,-,218,465,23,3401,2287,34,229,112,-,325,508,18,2899,1938,33,244,100,-,367,298,19,1201,787,12,99,42,-,173,121,9,203,116,3,30,12,-,37,16,1,1,-,-,-,-,-,-,-,1
09303　　　脳梗塞　　　　　　　　　　　　　　　　　　　　　　　　　　　　　　　,総数,1197,907,17,57,28,-,92,117,7,3278,2418,49,172,84,-,321,295,23,5989,4404,90,411,193,-,638,418,28,9690,7078,154,768,343,-,1025,615,50,12976,9006,208,1188,560,-,1699,784,91,13324,8832,209,1311,544,-,2123,730,119,7008,4186,108,757,326,-,1407,479,71,1496,749,23,186,64,-,392,136,10,3,2,-,-,-,-,-,-,1
,男　Ｍ．,968,724,11,44,23,-,80,103,6,2508,1839,41,132,63,-,244,232,20,4294,3163,59,305,144,-,425,321,21,5988,4423,100,465,221,-,560,404,36,6478,4687,111,534,258,-,700,411,35,4669,3316,72,407,172,-,553,289,32,1542,994,29,148,66,-,253,110,8,158,71,3,18,6,-,47,19,-,2,1,-,-,-,-,-,-,1
,女　Ｆ．,229,183,6,13,5,-,12,14,1,770,579,8,40,21,-,77,63,3,1695,1241,31,106,49,-,213,97,7,3702,2655,54,303,122,-,465,211,14,6498,4319,97,654,302,-,999,373,56,8655,5516,137,904,372,-,1570,441,87,5466,3192,79,609,260,-,1154,369,63,1338,678,20,168,58,-,345,117,10,1,1,-,-,-,-,-,-,-
09304　　　その他の脳血管疾患　　　　　　　　　　　　　　　　　　　　　　　　　,総数,163,62,4,3,1,-,2,90,2,323,120,6,5,1,-,25,162,5,403,151,4,18,7,-,33,191,6,520,226,8,28,8,-,54,200,4,597,220,11,48,13,-,98,214,6,497,189,10,56,14,-,116,120,6,236,74,7,30,2,-,69,46,10,47,10,-,3,-,-,17,14,3,-,-,-,-,-,-,-,-,-
,男　Ｍ．,116,39,4,3,1,-,2,67,1,221,75,4,5,1,-,15,118,4,239,88,2,6,4,-,15,122,6,272,123,5,13,4,-,29,98,4,258,103,7,15,7,-,33,98,2,171,74,-,19,6,-,29,48,1,56,27,2,5,1,-,14,7,1,9,2,-,-,-,-,-,5,2,-,-,-,-,-,-,-,-,-
,女　Ｆ．,47,23,-,-,-,-,-,23,1,102,45,2,-,-,-,10,44,1,164,63,2,12,3,-,18,69,-,248,103,3,15,4,-,25,102,-,339,117,4,33,6,-,65,116,4,326,115,10,37,8,-,87,72,5,180,47,5,25,1,-,55,39,9,38,8,-,3,-,-,17,9,1,-,-,-,-,-,-,-,-,-
09400　　大動脈瘤及び解離　　　　　　　　　　　　　　　　　　　　　　　　　　　,総数,1085,934,1,-,-,-,4,130,16,1896,1601,7,9,2,-,12,228,39,2944,2594,7,10,3,-,24,286,23,3712,3220,25,23,7,-,77,336,31,4170,3601,20,38,7,-,84,409,18,3207,2767,20,56,26,-,94,255,15,1188,978,6,29,12,-,80,92,3,153,113,3,6,2,-,17,12,2,3,2,-,-,-,-,-,-,1
,男　Ｍ．,748,630,-,-,-,-,3,103,12,1147,953,4,7,1,-,6,145,32,1596,1405,6,7,2,-,13,158,7,1843,1590,17,12,3,-,35,167,22,1782,1534,14,20,5,-,32,172,10,1047,880,7,17,7,-,28,112,3,287,229,3,8,1,-,20,27,-,28,15,2,1,-,-,5,4,1,2,1,-,-,-,-,-,-,1
,女　Ｆ．,337,304,1,-,-,-,1,27,4,749,648,3,2,1,-,6,83,7,1348,1189,1,3,1,-,11,128,16,1869,1630,8,11,4,-,42,169,9,2388,2067,6,18,2,-,52,237,8,2160,1887,13,39,19,-,66,143,12,901,749,3,21,11,-,60,65,3,125,98,1,5,2,-,12,8,1,1,1,-,-,-,-,-,-,-
09500　　その他の循環器系の疾患　　　　　　　　　　　　　　　　　　　　　　　　,総数,457,300,3,-,-,-,4,142,8,798,547,10,5,2,-,18,206,12,1126,846,4,13,3,-,27,225,11,1525,1150,17,17,7,-,62,269,10,1790,1378,17,41,15,-,118,225,11,1617,1168,21,61,22,-,198,150,19,923,651,12,55,13,-,125,72,8,214,134,2,16,6,-,42,19,1,2,2,-,-,-,-,-,-,-
,男　Ｍ．,322,202,2,-,-,-,3,110,5,562,364,9,4,1,-,13,163,9,713,533,1,7,1,-,16,147,9,780,575,10,8,3,-,33,148,6,720,562,8,6,2,-,39,102,3,479,354,5,15,6,-,35,66,4,133,99,3,2,-,-,17,12,-,21,17,-,-,-,-,3,-,1,1,1,-,-,-,-,-,-,-
,女　Ｆ．,135,98,1,-,-,-,1,32,3,236,183,1,1,1,-,5,43,3,413,313,3,6,2,-,11,78,2,745,575,7,9,4,-,29,121,4,1070,816,9,35,13,-,79,123,8,1138,814,16,46,16,-,163,84,15,790,552,9,53,13,-,108,60,8,193,117,2,16,6,-,39,19,-,1,1,-,-,-,-,-,-,-
10000　呼吸器系の疾患　　　　　　　　　　　　　　　　　　　　　　　　　　　　　,総数,4778,4020,50,47,18,-,178,450,33,12106,10202,156,190,92,-,539,961,58,22490,18993,265,468,216,-,1068,1606,90,38782,32772,510,978,446,-,2008,2351,163,50343,41910,778,1684,776,-,3272,2447,252,45771,37117,784,1836,758,-,3596,2159,279,21595,16680,383,1027,431,-,2137,1200,168,4111,2903,73,271,87,-,534,293,37,16,10,-,1,-,-,1,-,4
,男　Ｍ．,3720,3115,42,35,13,-,136,365,27,9415,7927,131,137,67,-,414,759,47,17018,14473,207,321,156,-,731,1224,62,27096,23125,351,622,281,-,1196,1695,107,31700,26893,439,972,442,-,1667,1584,145,23821,19870,402,848,330,-,1440,1149,112,8373,6749,147,322,127,-,640,458,57,982,739,17,49,10,-,106,64,7,10,5,-,-,-,-,1,-,4
,女　Ｆ．,1058,905,8,12,5,-,42,85,6,2691,2275,25,53,25,-,125,202,11,5472,4520,58,147,60,-,337,382,28,11686,9647,159,356,165,-,812,656,56,18643,15017,339,712,334,-,1605,863,107,21950,17247,382,988,428,-,2156,1010,167,13222,9931,236,705,304,-,1497,742,111,3129,2164,56,222,77,-,428,229,30,6,5,-,1,-,-,-,-,-
10100　　インフルエンザ　　　　　　　　　　　　　　　　　　　　　　　　　　　　,総数,89,70,-,2,2,-,3,14,-,189,150,2,4,-,-,8,24,1,291,243,3,10,5,-,11,24,-,447,364,6,16,3,-,28,31,2,602,470,6,24,11,-,72,27,3,584,444,11,20,7,-,80,25,4,271,187,2,18,6,-,50,11,3,64,38,-,5,2,-,15,6,-,-,-,-,-,-,-,-,-,-
,男　Ｍ．,61,46,-,-,-,-,2,13,-,142,112,2,4,-,-,7,16,1,193,159,3,6,3,-,6,19,-,277,228,5,6,1,-,15,22,1,293,240,2,7,1,-,30,11,3,241,197,5,4,1,-,21,14,-,64,47,1,3,-,-,10,2,1,12,8,-,-,-,-,3,1,-,-,-,-,-,-,-,-,-,-
,女　Ｆ．,28,24,-,2,2,-,1,1,-,47,38,-,-,-,-,1,8,-,98,84,-,4,2,-,5,5,-,170,136,1,10,2,-,13,9,1,309,230,4,17,10,-,42,16,-,343,247,6,16,6,-,59,11,4,207,140,1,15,6,-,40,9,2,52,30,-,5,2,-,12,5,-,-,-,-,-,-,-,-,-,-
10200　　肺炎　　　　　　　　　　　　　　　　　　　　　　　　　　　　　　　　　,総数,1623,1392,25,25,8,-,64,103,14,4020,3443,67,78,41,-,201,211,20,7638,6580,121,190,101,-,385,333,29,13996,12197,229,383,196,-,635,502,50,19812,16966,366,673,328,-,1108,618,81,19479,16255,435,737,324,-,1291,644,117,9708,7765,215,418,180,-,816,422,72,1910,1425,42,125,43,-,186,116,16,8,5,-,-,-,-,1,-,2
,男　Ｍ．,1223,1046,19,19,7,-,46,82,11,3124,2669,58,58,31,-,162,161,16,5657,4896,97,129,74,-,263,251,21,9567,8409,152,242,121,-,381,351,32,12035,10487,202,384,179,-,540,377,45,9495,8120,208,320,138,-,481,322,44,3544,2949,77,120,54,-,233,142,23,423,332,9,22,4,-,35,21,4,6,3,-,-,-,-,1,-,2
,女　Ｆ．,400,346,6,6,1,-,18,21,3,896,774,9,20,10,-,39,50,4,1981,1684,24,61,27,-,122,82,8,4429,3788,77,141,75,-,254,151,18,7777,6479,164,289,149,-,568,241,36,9984,8135,227,417,186,-,810,322,73,6164,4816,138,298,126,-,583,280,49,1487,1093,33,103,39,-,151,95,12,2,2,-,-,-,-,-,-,-
10300　　急性気管支炎　　　　　　　　　　　　　　　　　　　　　　　　　　　　　,総数,1,-,-,-,-,-,1,-,-,7,3,1,-,-,-,2,1,-,14,6,-,-,-,-,5,2,1,30,17,-,2,1,-,8,2,1,41,21,1,5,1,-,11,2,1,58,23,2,6,1,-,17,7,3,40,17,-,3,-,-,10,9,1,16,6,-,3,-,-,5,2,-,-,-,-,-,-,-,-,-,-
,男　Ｍ．,1,-,-,-,-,-,1,-,-,4,1,1,-,-,-,1,1,-,10,5,-,-,-,-,3,1,1,15,10,-,-,-,-,4,-,1,20,10,-,2,1,-,8,-,-,19,8,1,2,-,-,6,2,-,7,6,-,-,-,-,1,-,-,2,-,-,1,-,-,1,-,-,-,-,-,-,-,-,-,-,-
,女　Ｆ．,-,-,-,-,-,-,-,-,-,3,2,-,-,-,-,1,-,-,4,1,-,-,-,-,2,1,-,15,7,-,2,1,-,4,2,-,21,11,1,3,-,-,3,2,1,39,15,1,4,1,-,11,5,3,33,11,-,3,-,-,9,9,1,14,6,-,2,-,-,4,2,-,-,-,-,-,-,-,-,-,-
10400　　慢性閉塞性肺疾患　　　　　　　　　　　　　　　　　　　　　　　　　　　,総数,554,399,6,1,-,-,17,124,7,1538,1181,13,16,8,-,50,267,11,2784,2151,26,49,16,-,101,439,18,3958,3064,45,82,36,-,205,540,22,3817,2814,65,142,61,-,282,479,35,2628,1830,57,120,36,-,285,314,22,914,551,21,61,18,-,145,125,11,96,42,2,8,-,-,19,22,3,1,-,-,-,-,-,-,-,1
,男　Ｍ．,474,339,6,1,-,-,14,107,7,1341,1023,11,13,6,-,45,238,11,2465,1914,21,44,15,-,82,388,16,3411,2671,37,69,29,-,149,467,18,3192,2426,49,108,48,-,187,391,31,2103,1499,49,95,25,-,192,251,17,635,411,14,37,11,-,79,88,6,48,26,-,2,-,-,6,14,-,1,-,-,-,-,-,-,-,1
,女　Ｆ．,80,60,-,-,-,-,3,17,-,197,158,2,3,2,-,5,29,-,319,237,5,5,1,-,19,51,2,547,393,8,13,7,-,56,73,4,625,388,16,34,13,-,95,88,4,525,331,8,25,11,-,93,63,5,279,140,7,24,7,-,66,37,5,48,16,2,6,-,-,13,8,3,-,-,-,-,-,-,-,-,-
10500　　喘息　　　　　　　　　　　　　　　　　　　　　　　　　　　　　　　　　,総数,37,21,-,1,-,-,-,13,2,67,47,-,-,-,-,1,18,1,107,76,-,2,-,-,4,25,-,158,115,2,10,2,-,10,21,-,216,133,7,19,4,-,20,34,3,214,108,2,24,8,-,46,29,5,133,60,2,12,2,-,38,17,4,36,11,1,5,1,-,14,4,1,-,-,-,-,-,-,-,-,-
,男　Ｍ．,25,15,-,-,-,-,-,9,1,36,25,-,-,-,-,-,10,1,53,33,-,2,-,-,3,15,-,65,50,1,4,1,-,3,7,-,83,49,5,7,1,-,2,18,2,60,34,-,7,2,-,5,12,2,23,12,-,1,-,-,6,4,-,4,1,-,-,-,-,1,1,1,-,-,-,-,-,-,-,-,-
,女　Ｆ．,12,6,-,1,-,-,-,4,1,31,22,-,-,-,-,1,8,-,54,43,-,-,-,-,1,10,-,93,65,1,6,1,-,7,14,-,133,84,2,12,3,-,18,16,1,154,74,2,17,6,-,41,17,3,110,48,2,11,2,-,32,13,4,32,10,1,5,1,-,13,3,-,-,-,-,-,-,-,-,-,-
10600　　その他の呼吸器系の疾患　　　　　　　　　　　　　　　　　　　　　　　　,総数,2474,2138,19,18,8,-,93,196,10,6285,5378,73,92,43,-,277,440,25,11656,9937,115,217,94,-,562,783,42,20193,17015,228,485,208,-,1122,1255,88,25855,21506,333,821,371,-,1779,1287,129,22808,18457,277,929,382,-,1877,1140,128,10529,8100,143,515,225,-,1078,616,77,1989,1381,28,125,41,-,295,143,17,7,5,-,1,-,-,-,-,1
,男　Ｍ．,1936,1669,17,15,6,-,73,154,8,4768,4097,59,62,30,-,199,333,18,8640,7466,86,140,64,-,374,550,24,13761,11757,156,301,129,-,644,848,55,16077,13681,181,464,212,-,900,787,64,11903,10012,139,420,164,-,735,548,49,4100,3324,55,161,62,-,311,222,27,493,372,8,24,6,-,60,27,2,3,2,-,-,-,-,-,-,1
,女　Ｆ．,538,469,2,3,2,-,20,42,2,1517,1281,14,30,13,-,78,107,7,3016,2471,29,77,30,-,188,233,18,6432,5258,72,184,79,-,478,407,33,9778,7825,152,357,159,-,879,500,65,10905,8445,138,509,218,-,1142,592,79,6429,4776,88,354,163,-,767,394,50,1496,1009,20,101,35,-,235,116,15,4,3,-,1,-,-,-,-,-
10601　　　誤嚥性肺炎　　　　　　　　　　　　　　　　　　　　　　　　　　　　　,総数,894,788,7,16,7,-,59,24,-,2547,2169,41,62,29,-,185,80,10,5447,4685,55,137,62,-,383,162,25,10862,9202,133,328,152,-,746,409,44,16468,13750,208,579,288,-,1238,608,85,16651,13702,193,686,285,-,1309,676,85,8363,6606,113,396,183,-,751,439,58,1673,1204,24,97,37,-,221,112,15,5,4,-,1,-,-,-,-,-
,男　Ｍ．,715,627,6,13,5,-,50,19,-,1975,1681,35,46,24,-,143,62,8,4093,3553,42,94,45,-,270,122,12,7617,6541,98,223,99,-,446,279,30,10462,8932,113,348,170,-,663,360,46,8788,7454,102,325,130,-,551,323,33,3259,2691,43,126,50,-,222,158,19,421,321,7,18,5,-,51,22,2,2,2,-,-,-,-,-,-,-
,女　Ｆ．,179,161,1,3,2,-,9,5,-,572,488,6,16,5,-,42,18,2,1354,1132,13,43,17,-,113,40,13,3245,2661,35,105,53,-,300,130,14,6006,4818,95,231,118,-,575,248,39,7863,6248,91,361,155,-,758,353,52,5104,3915,70,270,133,-,529,281,39,1252,883,17,79,32,-,170,90,13,3,2,-,1,-,-,-,-,-
10602　　　間質性肺疾患　　　　　　　　　　　　　　　　　　　　　　　　　　　　,総数,1033,899,6,1,-,-,10,111,6,2513,2177,18,8,1,-,47,258,5,4147,3564,32,19,9,-,79,445,8,6153,5252,53,53,19,-,172,605,18,5662,4855,71,80,27,-,214,420,22,3209,2603,45,75,31,-,206,267,13,874,652,12,31,11,-,90,83,6,87,58,3,7,3,-,11,8,-,-,-,-,-,-,-,-,-,-
,男　Ｍ．,813,714,6,1,-,-,7,81,4,1937,1685,12,5,-,-,31,200,4,3106,2720,24,8,3,-,45,306,3,4139,3572,31,27,11,-,86,412,11,3404,2965,36,33,12,-,96,266,8,1665,1426,21,25,9,-,65,124,4,383,301,6,9,3,-,35,30,2,23,17,1,2,-,-,2,1,-,-,-,-,-,-,-,-,-,-
,女　Ｆ．,220,185,-,-,-,-,3,30,2,576,492,6,3,1,-,16,58,1,1041,844,8,11,6,-,34,139,5,2014,1680,22,26,8,-,86,193,7,2258,1890,35,47,15,-,118,154,14,1544,1177,24,50,22,-,141,143,9,491,351,6,22,8,-,55,53,4,64,41,2,5,3,-,9,7,-,-,-,-,-,-,-,-,-,-
10603　　　その他の呼吸器系の疾患（10601及び10602を除く）　　　　　　　　　　　,総数,547,451,6,1,1,-,24,61,4,1225,1032,14,22,13,-,45,102,10,2062,1688,28,61,23,-,100,176,9,3178,2561,42,104,37,-,204,241,26,3725,2901,54,162,56,-,327,259,22,2948,2152,39,168,66,-,362,197,30,1292,842,18,88,31,-,237,94,13,229,119,1,21,1,-,63,23,2,2,1,-,-,-,-,-,-,1
,男　Ｍ．,408,328,5,1,1,-,16,54,4,856,731,12,11,6,-,25,71,6,1441,1193,20,38,16,-,59,122,9,2005,1644,27,51,19,-,112,157,14,2211,1784,32,83,30,-,141,161,10,1450,1132,16,70,25,-,119,101,12,458,332,6,26,9,-,54,34,6,49,34,-,4,1,-,7,4,-,1,-,-,-,-,-,-,-,1
,女　Ｆ．,139,123,1,-,-,-,8,7,-,369,301,2,11,7,-,20,31,4,621,495,8,23,7,-,41,54,-,1173,917,15,53,18,-,92,84,12,1514,1117,22,79,26,-,186,98,12,1498,1020,23,98,41,-,243,96,18,834,510,12,62,22,-,183,60,7,180,85,1,17,-,-,56,19,2,1,1,-,-,-,-,-,-,-
11000　消化器系の疾患　　　　　　　　　　　　　　　　　　　　　　　　　　　　　,総数,3174,2445,13,22,10,-,50,610,34,5262,4266,52,43,18,-,127,747,27,6933,5888,40,83,43,-,171,719,32,9496,8121,86,191,86,-,364,695,39,11136,9535,130,264,109,-,525,643,39,9765,8193,119,352,118,-,620,427,54,4883,3862,56,233,80,-,433,267,32,915,663,11,59,14,-,110,66,6,7,4,-,-,-,-,-,-,3
,男　Ｍ．,2418,1792,10,17,6,-,40,529,30,3646,2878,41,33,13,-,87,582,25,4458,3745,26,54,29,-,94,512,27,5412,4670,47,90,40,-,169,424,12,5294,4600,53,99,36,-,191,335,16,3483,2982,46,102,39,-,173,168,12,1160,988,11,25,9,-,67,60,9,143,115,-,6,2,-,13,9,-,6,3,-,-,-,-,-,-,3
,女　Ｆ．,756,653,3,5,4,-,10,81,4,1616,1388,11,10,5,-,40,165,2,2475,2143,14,29,14,-,77,207,5,4084,3451,39,101,46,-,195,271,27,5842,4935,77,165,73,-,334,308,23,6282,5211,73,250,79,-,447,259,42,3723,2874,45,208,71,-,366,207,23,772,548,11,53,12,-,97,57,6,1,1,-,-,-,-,-,-,-
11100　　胃潰瘍及び十二指腸潰瘍　　　　　　　　　　　　　　　　　　　　　　　　,総数,130,88,-,3,1,-,-,35,4,255,197,1,1,-,-,4,49,3,342,278,2,4,2,-,4,52,2,435,370,2,5,2,-,10,48,-,488,415,5,10,3,-,21,37,-,438,372,5,13,3,-,21,25,2,180,137,1,5,4,-,22,13,2,33,24,-,-,-,-,4,5,-,-,-,-,-,-,-,-,-,-
,男　Ｍ．,97,65,-,2,-,-,-,27,3,182,141,1,1,-,-,3,33,3,247,194,2,4,2,-,2,43,2,273,231,2,3,1,-,4,33,-,254,221,1,5,1,-,7,20,-,198,176,2,3,1,-,9,8,-,49,43,-,2,1,-,2,2,-,5,4,-,-,-,-,1,-,-,-,-,-,-,-,-,-,-,-
,女　Ｆ．,33,23,-,1,1,-,-,8,1,73,56,-,-,-,-,1,16,-,95,84,-,-,-,-,2,9,-,162,139,-,2,1,-,6,15,-,234,194,4,5,2,-,14,17,-,240,196,3,10,2,-,12,17,2,131,94,1,3,3,-,20,11,2,28,20,-,-,-,-,3,5,-,-,-,-,-,-,-,-,-,-
11200　　ヘルニア及び腸閉塞　　　　　　　　　　　　　　　　　　　　　　　　　　,総数,264,240,1,1,-,-,3,17,2,543,473,6,11,7,-,17,33,3,853,773,2,14,5,-,15,49,-,1488,1360,12,31,20,-,39,42,4,2012,1794,23,51,24,-,70,70,4,1866,1660,18,57,24,-,80,49,2,929,802,10,40,16,-,48,27,2,155,126,3,4,1,-,16,6,-,1,1,-,-,-,-,-,-,-
,男　Ｍ．,193,175,-,1,-,-,3,12,2,353,304,3,9,5,-,15,19,3,551,502,1,8,1,-,8,32,-,868,804,6,18,11,-,19,21,-,966,886,8,14,4,-,27,31,-,690,628,8,19,10,-,17,18,-,221,198,1,4,2,-,8,9,1,22,18,-,-,-,-,2,2,-,-,-,-,-,-,-,-,-,-
,女　Ｆ．,71,65,1,-,-,-,-,5,-,190,169,3,2,2,-,2,14,-,302,271,1,6,4,-,7,17,-,620,556,6,13,9,-,20,21,4,1046,908,15,37,20,-,43,39,4,1176,1032,10,38,14,-,63,31,2,708,604,9,36,14,-,40,18,1,133,108,3,4,1,-,14,4,-,1,1,-,-,-,-,-,-,-
11300　　肝疾患　　　　　　　　　　　　　　　　　　　　　　　　　　　　　　　　,総数,1820,1357,12,8,4,-,39,383,21,2442,1915,29,16,8,-,72,397,13,2450,1985,13,28,16,-,84,325,15,2628,2085,34,56,21,-,159,285,9,2162,1701,30,58,24,-,160,200,13,1204,883,25,63,16,-,131,90,12,365,245,6,22,3,-,58,29,5,51,28,1,3,-,-,13,5,1,4,2,-,-,-,-,-,-,2
,男　Ｍ．,1428,1022,10,7,3,-,31,340,18,1727,1314,24,11,6,-,46,321,11,1586,1262,9,19,11,-,44,241,11,1460,1168,24,26,10,-,63,177,2,1044,831,9,25,10,-,59,111,9,450,335,8,17,5,-,45,42,3,101,69,3,3,1,-,11,11,4,12,9,-,-,-,-,3,-,-,4,2,-,-,-,-,-,-,2
,女　Ｆ．,392,335,2,1,1,-,8,43,3,715,601,5,5,2,-,26,76,2,864,723,4,9,5,-,40,84,4,1168,917,10,30,11,-,96,108,7,1118,870,21,33,14,-,101,89,4,754,548,17,46,11,-,86,48,9,264,176,3,19,2,-,47,18,1,39,19,1,3,-,-,10,5,1,-,-,-,-,-,-,-,-,-
11301　　　肝硬変（アルコール性を除く）　　　　　　　　　　　　　　　　　　　　,総数,733,571,8,2,1,-,20,120,12,1127,901,18,5,2,-,41,154,8,1238,1023,9,12,8,-,53,134,7,1538,1205,21,34,15,-,112,161,5,1293,998,22,36,16,-,102,127,8,660,453,13,36,8,-,90,59,9,148,97,4,8,1,-,21,16,2,12,8,-,-,-,-,3,1,-,1,-,-,-,-,-,-,-,1
,男　Ｍ．,499,368,6,1,-,-,16,98,10,670,517,14,4,2,-,22,106,7,643,524,5,5,3,-,23,83,3,707,561,15,11,5,-,35,84,1,528,411,4,13,6,-,29,65,6,216,149,4,11,2,-,28,22,2,40,25,1,2,-,-,5,5,2,5,4,-,-,-,-,1,-,-,1,-,-,-,-,-,-,-,1
,女　Ｆ．,234,203,2,1,1,-,4,22,2,457,384,4,1,-,-,19,48,1,595,499,4,7,5,-,30,51,4,831,644,6,23,10,-,77,77,4,765,587,18,23,10,-,73,62,2,444,304,9,25,6,-,62,37,7,108,72,3,6,1,-,16,11,-,7,4,-,-,-,-,2,1,-,-,-,-,-,-,-,-,-,-
11302　　　その他の肝疾患　　　　　　　　　　　　　　　　　　　　　　　　　　　,総数,1087,786,4,6,3,-,19,263,9,1315,1014,11,11,6,-,31,243,5,1212,962,4,16,8,-,31,191,8,1090,880,13,22,6,-,47,124,4,869,703,8,22,8,-,58,73,5,544,430,12,27,8,-,41,31,3,217,148,2,14,2,-,37,13,3,39,20,1,3,-,-,10,4,1,3,2,-,-,-,-,-,-,1
,男　Ｍ．,929,654,4,6,3,-,15,242,8,1057,797,10,7,4,-,24,215,4,943,738,4,14,8,-,21,158,8,753,607,9,15,5,-,28,93,1,516,420,5,12,4,-,30,46,3,234,186,4,6,3,-,17,20,1,61,44,2,1,1,-,6,6,2,7,5,-,-,-,-,2,-,-,3,2,-,-,-,-,-,-,1
,女　Ｆ．,158,132,-,-,-,-,4,21,1,258,217,1,4,2,-,7,28,1,269,224,-,2,-,-,10,33,-,337,273,4,7,1,-,19,31,3,353,283,3,10,4,-,28,27,2,310,244,8,21,5,-,24,11,2,156,104,-,13,1,-,31,7,1,32,15,1,3,-,-,8,4,1,-,-,-,-,-,-,-,-,-
11400　　その他の消化器系の疾患　　　　　　　　　　　　　　　　　　　　　　　　,総数,960,760,-,10,5,-,8,175,7,2022,1681,16,15,3,-,34,268,8,3288,2852,23,37,20,-,68,293,15,4945,4306,38,99,43,-,156,320,26,6474,5625,72,145,58,-,274,336,22,6257,5278,71,219,75,-,388,263,38,3409,2678,39,166,57,-,305,198,23,676,485,7,52,13,-,77,50,5,2,1,-,-,-,-,-,-,1
,男　Ｍ．,700,530,-,7,3,-,6,150,7,1384,1119,13,12,2,-,23,209,8,2074,1787,14,23,15,-,40,196,14,2811,2467,15,43,18,-,83,193,10,3030,2662,35,55,21,-,98,173,7,2145,1843,28,63,23,-,102,100,9,789,678,7,16,5,-,46,38,4,104,84,-,6,2,-,7,7,-,2,1,-,-,-,-,-,-,1
,女　Ｆ．,260,230,-,3,2,-,2,25,-,638,562,3,3,1,-,11,59,-,1214,1065,9,14,5,-,28,97,1,2134,1839,23,56,25,-,73,127,16,3444,2963,37,90,37,-,176,163,15,4112,3435,43,156,52,-,286,163,29,2620,2000,32,150,52,-,259,160,19,572,401,7,46,11,-,70,43,5,-,-,-,-,-,-,-,-,-
12000　皮膚及び皮下組織の疾患　　　　　　　　　　　　　　　　　　　　　　　　　,総数,124,113,-,1,-,-,2,8,-,253,215,7,2,1,-,14,15,-,366,311,2,6,1,-,22,24,1,634,525,10,13,4,-,32,51,3,870,690,7,18,4,-,93,57,5,858,643,11,38,13,-,103,55,8,473,322,4,21,6,-,77,46,3,116,66,1,4,1,-,26,17,2,-,-,-,-,-,-,-,-,-
,男　Ｍ．,81,70,-,1,-,-,2,8,-,159,131,5,1,1,-,13,9,-,220,187,1,4,1,-,15,12,1,313,262,3,8,2,-,16,22,2,337,272,3,6,-,-,37,17,2,271,223,5,7,3,-,22,13,1,95,67,1,2,2,-,19,5,1,15,11,-,-,-,-,2,1,1,-,-,-,-,-,-,-,-,-
,女　Ｆ．,43,43,-,-,-,-,-,-,-,94,84,2,1,-,-,1,6,-,146,124,1,2,-,-,7,12,-,321,263,7,5,2,-,16,29,1,533,418,4,12,4,-,56,40,3,587,420,6,31,10,-,81,42,7,378,255,3,19,4,-,58,41,2,101,55,1,4,1,-,24,16,1,-,-,-,-,-,-,-,-,-
13000　筋骨格系及び結合組織の疾患　　　　　　　　　　　　　　　　　　　　　　　,総数,491,409,8,2,-,-,20,50,2,1054,896,11,12,4,-,44,89,2,1641,1394,13,26,10,-,77,123,8,2257,1806,37,68,29,-,140,191,15,2361,1782,45,92,37,-,232,192,18,1771,1158,35,108,39,-,280,176,14,683,349,20,69,16,-,152,89,4,130,47,3,14,2,-,36,28,2,2,-,-,-,-,-,-,-,2
,男　Ｍ．,264,226,4,1,-,-,10,21,2,524,456,7,3,1,-,18,39,1,808,713,5,6,3,-,32,50,2,1004,840,14,25,11,-,45,74,6,942,759,19,23,13,-,70,66,5,553,414,7,22,10,-,55,51,4,155,106,4,12,4,-,21,11,1,15,6,-,-,-,-,3,5,1,1,-,-,-,-,-,-,-,1
,女　Ｆ．,227,183,4,1,-,-,10,29,-,530,440,4,9,3,-,26,50,1,833,681,8,20,7,-,45,73,6,1253,966,23,43,18,-,95,117,9,1419,1023,26,69,24,-,162,126,13,1218,744,28,86,29,-,225,125,10,528,243,16,57,12,-,131,78,3,115,41,3,14,2,-,33,23,1,1,-,-,-,-,-,-,-,1
14000　腎尿路生殖器系の疾患　　　　　　　　　　　　　　　　　　　　　　　　　　,総数,1263,1045,29,10,2,-,43,127,9,2871,2403,46,50,20,-,112,251,9,4914,4126,101,109,44,-,224,333,21,8727,7223,189,241,99,-,447,581,46,12331,9829,263,480,172,-,920,762,77,12227,9257,265,587,214,-,1190,826,102,5604,3978,123,369,129,-,688,398,48,988,632,17,76,26,-,160,89,14,1,-,-,-,-,-,-,-,1
,男　Ｍ．,837,679,18,6,1,-,35,91,8,1898,1574,31,32,13,-,75,179,7,3118,2622,57,70,21,-,126,228,15,4873,4049,95,106,39,-,227,371,25,6042,4856,143,206,77,-,377,426,34,4608,3516,100,174,56,-,397,382,39,1519,1082,34,87,24,-,173,133,10,179,121,6,9,1,-,19,22,2,1,-,-,-,-,-,-,-,1
,女　Ｆ．,426,366,11,4,1,-,8,36,1,973,829,15,18,7,-,37,72,2,1796,1504,44,39,23,-,98,105,6,3854,3174,94,135,60,-,220,210,21,6289,4973,120,274,95,-,543,336,43,7619,5741,165,413,158,-,793,444,63,4085,2896,89,282,105,-,515,265,38,809,511,11,67,25,-,141,67,12,-,-,-,-,-,-,-,-,-
14100　　糸球体疾患及び腎尿細管間質性疾患　　　　　　　　　　　　　　　　　　　,総数,142,121,3,1,-,-,3,14,-,318,273,7,4,1,-,11,21,2,552,489,5,14,5,-,21,19,4,1033,897,14,22,11,-,51,45,4,1482,1229,26,48,16,-,99,69,11,1434,1157,27,59,26,-,142,43,6,655,508,9,37,19,-,73,27,1,128,93,4,3,2,-,11,14,3,1,-,-,-,-,-,-,-,1
,男　Ｍ．,78,66,1,-,-,-,3,8,-,181,154,5,1,1,-,10,10,1,309,273,1,10,4,-,10,12,3,492,429,6,10,4,-,21,26,-,593,498,11,14,4,-,26,38,6,417,342,7,13,5,-,36,17,2,119,91,-,6,1,-,13,9,-,14,11,1,1,-,-,-,1,-,1,-,-,-,-,-,-,-,1
,女　Ｆ．,64,55,2,1,-,-,-,6,-,137,119,2,3,-,-,1,11,1,243,216,4,4,1,-,11,7,1,541,468,8,12,7,-,30,19,4,889,731,15,34,12,-,73,31,5,1017,815,20,46,21,-,106,26,4,536,417,9,31,18,-,60,18,1,114,82,3,2,2,-,11,13,3,-,-,-,-,-,-,-,-,-
14200　　腎不全　　　　　　　　　　　　　　　　　　　　　　　　　　　　　　　　,総数,851,692,25,8,2,-,32,86,8,1857,1535,34,33,12,-,74,175,6,3172,2594,82,71,30,-,159,251,15,5310,4243,153,155,55,-,297,434,28,7137,5377,204,306,102,-,635,566,49,6875,4861,202,356,127,-,742,635,79,2968,1858,92,233,85,-,454,298,33,489,278,9,40,15,-,100,54,8,-,-,-,-,-,-,-,-,-
,男　Ｍ．,616,498,17,6,1,-,25,63,7,1303,1070,23,24,8,-,47,134,5,2149,1779,48,49,15,-,90,172,11,3259,2636,80,69,18,-,171,288,15,3876,2977,122,136,48,-,286,333,22,2994,2175,88,120,43,-,276,305,30,970,635,32,63,20,-,129,103,8,111,69,5,4,-,-,14,17,2,-,-,-,-,-,-,-,-,-
,女　Ｆ．,235,194,8,2,1,-,7,23,1,554,465,11,9,4,-,27,41,1,1023,815,34,22,15,-,69,79,4,2051,1607,73,86,37,-,126,146,13,3261,2400,82,170,54,-,349,233,27,3881,2686,114,236,84,-,466,330,49,1998,1223,60,170,65,-,325,195,25,378,209,4,36,15,-,86,37,6,-,-,-,-,-,-,-,-,-
14201　　　急性腎不全　　　　　　　　　　　　　　　　　　　　　　　　　　　　　,総数,71,60,1,1,1,-,4,5,-,172,162,-,1,-,-,2,7,-,301,269,7,8,3,-,5,11,1,547,496,9,10,3,-,16,16,-,722,653,6,11,6,-,32,19,1,739,647,9,18,9,-,35,26,4,355,289,14,7,4,-,21,20,4,62,53,1,1,1,-,5,1,1,-,-,-,-,-,-,-,-,-
,男　Ｍ．,52,47,1,-,-,-,1,3,-,119,111,-,1,-,-,-,7,-,212,191,5,5,-,-,2,8,1,334,309,3,5,2,-,8,9,-,370,332,3,8,4,-,13,13,1,311,276,2,6,5,-,11,15,1,99,79,5,1,1,-,6,7,1,15,15,-,-,-,-,-,-,-,-,-,-,-,-,-,-,-,-
,女　Ｆ．,19,13,-,1,1,-,3,2,-,53,51,-,-,-,-,2,-,-,89,78,2,3,3,-,3,3,-,213,187,6,5,1,-,8,7,-,352,321,3,3,2,-,19,6,-,428,371,7,12,4,-,24,11,3,256,210,9,6,3,-,15,13,3,47,38,1,1,1,-,5,1,1,-,-,-,-,-,-,-,-,-
14202　　　慢性腎臓病　　　　　　　　　　　　　　　　　　　　　　　　　　　　　,総数,680,563,22,4,1,-,20,63,8,1452,1196,32,26,10,-,60,136,2,2469,2016,65,56,23,-,133,187,12,4023,3171,130,110,38,-,236,354,22,5296,3908,172,236,76,-,491,451,38,5009,3415,168,277,98,-,576,509,64,2056,1207,64,176,66,-,353,232,24,335,168,6,32,11,-,79,45,5,-,-,-,-,-,-,-,-,-
,男　Ｍ．,484,397,14,3,1,-,17,46,7,1017,832,23,17,6,-,40,103,2,1673,1375,40,41,14,-,79,129,9,2485,1987,69,48,10,-,135,234,12,2898,2179,105,107,39,-,225,267,15,2213,1560,71,93,28,-,225,239,25,700,436,25,49,16,-,106,79,5,76,40,3,4,-,-,12,16,1,-,-,-,-,-,-,-,-,-
,女　Ｆ．,196,166,8,1,-,-,3,17,1,435,364,9,9,4,-,20,33,-,796,641,25,15,9,-,54,58,3,1538,1184,61,62,28,-,101,120,10,2398,1729,67,129,37,-,266,184,23,2796,1855,97,184,70,-,351,270,39,1356,771,39,127,50,-,247,153,19,259,128,3,28,11,-,67,29,4,-,-,-,-,-,-,-,-,-
14203　　　詳細不明の腎不全　　　　　　　　　　　　　　　　　　　　　　　　　　,総数,100,69,2,3,-,-,8,18,-,233,177,2,6,2,-,12,32,4,402,309,10,7,4,-,21,53,2,740,576,14,35,14,-,45,64,6,1119,816,26,59,20,-,112,96,10,1127,799,25,61,20,-,131,100,11,557,362,14,50,15,-,80,46,5,92,57,2,7,3,-,16,8,2,-,-,-,-,-,-,-,-,-
,男　Ｍ．,80,54,2,3,-,-,7,14,-,167,127,-,6,2,-,7,24,3,264,213,3,3,1,-,9,35,1,440,340,8,16,6,-,28,45,3,608,466,14,21,5,-,48,53,6,470,339,15,21,10,-,40,51,4,171,120,2,13,3,-,17,17,2,20,14,2,-,-,-,2,1,1,-,-,-,-,-,-,-,-,-
,女　Ｆ．,20,15,-,-,-,-,1,4,-,66,50,2,-,-,-,5,8,1,138,96,7,4,3,-,12,18,1,300,236,6,19,8,-,17,19,3,511,350,12,38,15,-,64,43,4,657,460,10,40,10,-,91,49,7,386,242,12,37,12,-,63,29,3,72,43,-,7,3,-,14,7,1,-,-,-,-,-,-,-,-,-
14300　　その他の腎尿路生殖器系の疾患　　　　　　　　　　　　　　　　　　　　　,総数,270,232,1,1,-,-,8,27,1,696,595,5,13,7,-,27,55,1,1190,1043,14,24,9,-,44,63,2,2384,2083,22,64,33,-,99,102,14,3712,3223,33,126,54,-,186,127,17,3918,3239,36,172,61,-,306,148,17,1981,1612,22,99,25,-,161,73,14,371,261,4,33,9,-,49,21,3,-,-,-,-,-,-,-,-,-
,男　Ｍ．,143,115,-,-,-,-,7,20,1,414,350,3,7,4,-,18,35,1,660,570,8,11,2,-,26,44,1,1122,984,9,27,17,-,35,57,10,1573,1381,10,56,25,-,65,55,6,1197,999,5,41,8,-,85,60,7,430,356,2,18,3,-,31,21,2,54,41,-,4,1,-,5,4,-,-,-,-,-,-,-,-,-,-
,女　Ｆ．,127,117,1,1,-,-,1,7,-,282,245,2,6,3,-,9,20,-,530,473,6,13,7,-,18,19,1,1262,1099,13,37,16,-,64,45,4,2139,1842,23,70,29,-,121,72,11,2721,2240,31,131,53,-,221,88,10,1551,1256,20,81,22,-,130,52,12,317,220,4,29,8,-,44,17,3,-,-,-,-,-,-,-,-,-
15000　妊娠，分娩及び産じょく　　　　　　　　　　　　　　　　　　　　　　　　　,総数,-,-,-,-,-,-,-,-,-,-,-,-,-,-,-,-,-,-,-,-,-,-,-,-,-,-,-,-,-,-,-,-,-,-,-,-,-,-,-,-,-,-,-,-,-,-,-,-,-,-,-,-,-,-,-,-,-,-,-,-,-,-,-,-,-,-,-,-,-,-,-,-,-,-,-,-,-,-,-,-,-
,男　Ｍ．,・,・,・,・,・,・,・,・,・,・,・,・,・,・,・,・,・,・,・,・,・,・,・,・,・,・,・,・,・,・,・,・,・,・,・,・,・,・,・,・,・,・,・,・,・,・,・,・,・,・,・,・,・,・,・,・,・,・,・,・,・,・,・,・,・,・,・,・,・,・,・,・,・,・,・,・,・,・,・,・,・
,女　Ｆ．,-,-,-,-,-,-,-,-,-,-,-,-,-,-,-,-,-,-,-,-,-,-,-,-,-,-,-,-,-,-,-,-,-,-,-,-,-,-,-,-,-,-,-,-,-,-,-,-,-,-,-,-,-,-,-,-,-,-,-,-,-,-,-,-,-,-,-,-,-,-,-,-,-,-,-,-,-,-,-,-,-
16000　周産期に発生した病態　　　　　　　　　　　　　　　　　　　　　　　　　　,総数,-,-,-,-,-,-,-,-,-,-,-,-,-,-,-,-,-,-,-,-,-,-,-,-,-,-,-,-,-,-,-,-,-,-,-,-,-,-,-,-,-,-,-,-,-,-,-,-,-,-,-,-,-,-,-,-,-,-,-,-,-,-,-,-,-,-,-,-,-,-,-,-,-,-,-,-,-,-,-,-,-
,男　Ｍ．,-,-,-,-,-,-,-,-,-,-,-,-,-,-,-,-,-,-,-,-,-,-,-,-,-,-,-,-,-,-,-,-,-,-,-,-,-,-,-,-,-,-,-,-,-,-,-,-,-,-,-,-,-,-,-,-,-,-,-,-,-,-,-,-,-,-,-,-,-,-,-,-,-,-,-,-,-,-,-,-,-
,女　Ｆ．,-,-,-,-,-,-,-,-,-,-,-,-,-,-,-,-,-,-,-,-,-,-,-,-,-,-,-,-,-,-,-,-,-,-,-,-,-,-,-,-,-,-,-,-,-,-,-,-,-,-,-,-,-,-,-,-,-,-,-,-,-,-,-,-,-,-,-,-,-,-,-,-,-,-,-,-,-,-,-,-,-
16100　　妊娠期間及び胎児発育に関連する障害　　　　　　　　　　　　　　　　　　,総数,-,-,-,-,-,-,-,-,-,-,-,-,-,-,-,-,-,-,-,-,-,-,-,-,-,-,-,-,-,-,-,-,-,-,-,-,-,-,-,-,-,-,-,-,-,-,-,-,-,-,-,-,-,-,-,-,-,-,-,-,-,-,-,-,-,-,-,-,-,-,-,-,-,-,-,-,-,-,-,-,-
,男　Ｍ．,-,-,-,-,-,-,-,-,-,-,-,-,-,-,-,-,-,-,-,-,-,-,-,-,-,-,-,-,-,-,-,-,-,-,-,-,-,-,-,-,-,-,-,-,-,-,-,-,-,-,-,-,-,-,-,-,-,-,-,-,-,-,-,-,-,-,-,-,-,-,-,-,-,-,-,-,-,-,-,-,-
,女　Ｆ．,-,-,-,-,-,-,-,-,-,-,-,-,-,-,-,-,-,-,-,-,-,-,-,-,-,-,-,-,-,-,-,-,-,-,-,-,-,-,-,-,-,-,-,-,-,-,-,-,-,-,-,-,-,-,-,-,-,-,-,-,-,-,-,-,-,-,-,-,-,-,-,-,-,-,-,-,-,-,-,-,-
16200　　出産外傷　　　　　　　　　　　　　　　　　　　　　　　　　　　　　　　,総数,-,-,-,-,-,-,-,-,-,-,-,-,-,-,-,-,-,-,-,-,-,-,-,-,-,-,-,-,-,-,-,-,-,-,-,-,-,-,-,-,-,-,-,-,-,-,-,-,-,-,-,-,-,-,-,-,-,-,-,-,-,-,-,-,-,-,-,-,-,-,-,-,-,-,-,-,-,-,-,-,-
,男　Ｍ．,-,-,-,-,-,-,-,-,-,-,-,-,-,-,-,-,-,-,-,-,-,-,-,-,-,-,-,-,-,-,-,-,-,-,-,-,-,-,-,-,-,-,-,-,-,-,-,-,-,-,-,-,-,-,-,-,-,-,-,-,-,-,-,-,-,-,-,-,-,-,-,-,-,-,-,-,-,-,-,-,-
,女　Ｆ．,-,-,-,-,-,-,-,-,-,-,-,-,-,-,-,-,-,-,-,-,-,-,-,-,-,-,-,-,-,-,-,-,-,-,-,-,-,-,-,-,-,-,-,-,-,-,-,-,-,-,-,-,-,-,-,-,-,-,-,-,-,-,-,-,-,-,-,-,-,-,-,-,-,-,-,-,-,-,-,-,-
16300　　周産期に特異的な呼吸障害及び心血管障害　　　　　　　　　　　　　　　　,総数,-,-,-,-,-,-,-,-,-,-,-,-,-,-,-,-,-,-,-,-,-,-,-,-,-,-,-,-,-,-,-,-,-,-,-,-,-,-,-,-,-,-,-,-,-,-,-,-,-,-,-,-,-,-,-,-,-,-,-,-,-,-,-,-,-,-,-,-,-,-,-,-,-,-,-,-,-,-,-,-,-
,男　Ｍ．,-,-,-,-,-,-,-,-,-,-,-,-,-,-,-,-,-,-,-,-,-,-,-,-,-,-,-,-,-,-,-,-,-,-,-,-,-,-,-,-,-,-,-,-,-,-,-,-,-,-,-,-,-,-,-,-,-,-,-,-,-,-,-,-,-,-,-,-,-,-,-,-,-,-,-,-,-,-,-,-,-
,女　Ｆ．,-,-,-,-,-,-,-,-,-,-,-,-,-,-,-,-,-,-,-,-,-,-,-,-,-,-,-,-,-,-,-,-,-,-,-,-,-,-,-,-,-,-,-,-,-,-,-,-,-,-,-,-,-,-,-,-,-,-,-,-,-,-,-,-,-,-,-,-,-,-,-,-,-,-,-,-,-,-,-,-,-
16400　　周産期に特異的な感染症　　　　　　　　　　　　　　　　　　　　　　　　,総数,-,-,-,-,-,-,-,-,-,-,-,-,-,-,-,-,-,-,-,-,-,-,-,-,-,-,-,-,-,-,-,-,-,-,-,-,-,-,-,-,-,-,-,-,-,-,-,-,-,-,-,-,-,-,-,-,-,-,-,-,-,-,-,-,-,-,-,-,-,-,-,-,-,-,-,-,-,-,-,-,-
,男　Ｍ．,-,-,-,-,-,-,-,-,-,-,-,-,-,-,-,-,-,-,-,-,-,-,-,-,-,-,-,-,-,-,-,-,-,-,-,-,-,-,-,-,-,-,-,-,-,-,-,-,-,-,-,-,-,-,-,-,-,-,-,-,-,-,-,-,-,-,-,-,-,-,-,-,-,-,-,-,-,-,-,-,-
,女　Ｆ．,-,-,-,-,-,-,-,-,-,-,-,-,-,-,-,-,-,-,-,-,-,-,-,-,-,-,-,-,-,-,-,-,-,-,-,-,-,-,-,-,-,-,-,-,-,-,-,-,-,-,-,-,-,-,-,-,-,-,-,-,-,-,-,-,-,-,-,-,-,-,-,-,-,-,-,-,-,-,-,-,-
16500　　胎児及び新生児の出血性障害及び血液障害　　　　　　　　　　　　　　　　,総数,-,-,-,-,-,-,-,-,-,-,-,-,-,-,-,-,-,-,-,-,-,-,-,-,-,-,-,-,-,-,-,-,-,-,-,-,-,-,-,-,-,-,-,-,-,-,-,-,-,-,-,-,-,-,-,-,-,-,-,-,-,-,-,-,-,-,-,-,-,-,-,-,-,-,-,-,-,-,-,-,-
,男　Ｍ．,-,-,-,-,-,-,-,-,-,-,-,-,-,-,-,-,-,-,-,-,-,-,-,-,-,-,-,-,-,-,-,-,-,-,-,-,-,-,-,-,-,-,-,-,-,-,-,-,-,-,-,-,-,-,-,-,-,-,-,-,-,-,-,-,-,-,-,-,-,-,-,-,-,-,-,-,-,-,-,-,-
,女　Ｆ．,-,-,-,-,-,-,-,-,-,-,-,-,-,-,-,-,-,-,-,-,-,-,-,-,-,-,-,-,-,-,-,-,-,-,-,-,-,-,-,-,-,-,-,-,-,-,-,-,-,-,-,-,-,-,-,-,-,-,-,-,-,-,-,-,-,-,-,-,-,-,-,-,-,-,-,-,-,-,-,-,-
16600　　その他の周産期に発生した病態　　　　　　　　　　　　　　　　　　　　　,総数,-,-,-,-,-,-,-,-,-,-,-,-,-,-,-,-,-,-,-,-,-,-,-,-,-,-,-,-,-,-,-,-,-,-,-,-,-,-,-,-,-,-,-,-,-,-,-,-,-,-,-,-,-,-,-,-,-,-,-,-,-,-,-,-,-,-,-,-,-,-,-,-,-,-,-,-,-,-,-,-,-
,男　Ｍ．,-,-,-,-,-,-,-,-,-,-,-,-,-,-,-,-,-,-,-,-,-,-,-,-,-,-,-,-,-,-,-,-,-,-,-,-,-,-,-,-,-,-,-,-,-,-,-,-,-,-,-,-,-,-,-,-,-,-,-,-,-,-,-,-,-,-,-,-,-,-,-,-,-,-,-,-,-,-,-,-,-
,女　Ｆ．,-,-,-,-,-,-,-,-,-,-,-,-,-,-,-,-,-,-,-,-,-,-,-,-,-,-,-,-,-,-,-,-,-,-,-,-,-,-,-,-,-,-,-,-,-,-,-,-,-,-,-,-,-,-,-,-,-,-,-,-,-,-,-,-,-,-,-,-,-,-,-,-,-,-,-,-,-,-,-,-,-
17000　先天奇形，変形及び染色体異常　　　　　　　　　　　　　　　　　　　　　　,総数,96,68,4,2,2,-,9,10,3,99,81,3,2,1,-,4,8,1,135,115,3,3,2,-,5,9,-,143,104,4,3,-,-,8,22,2,147,114,3,5,1,-,9,15,1,125,84,3,7,1,-,14,15,2,44,29,2,5,-,-,5,2,1,8,5,-,-,-,-,2,1,-,-,-,-,-,-,-,-,-,-
,男　Ｍ．,51,32,-,1,1,-,7,9,2,48,39,3,1,1,-,1,4,-,66,58,2,1,-,-,2,3,-,66,50,2,1,-,-,3,9,1,54,43,2,1,-,-,1,7,-,42,31,-,2,1,-,2,6,1,11,7,-,1,-,-,-,2,1,2,2,-,-,-,-,-,-,-,-,-,-,-,-,-,-,-,-
,女　Ｆ．,45,36,4,1,1,-,2,1,1,51,42,-,1,-,-,3,4,1,69,57,1,2,2,-,3,6,-,77,54,2,2,-,-,5,13,1,93,71,1,4,1,-,8,8,1,83,53,3,5,-,-,12,9,1,33,22,2,4,-,-,5,-,-,6,3,-,-,-,-,2,1,-,-,-,-,-,-,-,-,-,-
17100　　神経系の先天奇形　　　　　　　　　　　　　　　　　　　　　　　　　　　,総数,2,1,-,-,-,-,1,-,-,2,1,-,-,-,-,-,-,1,3,3,-,-,-,-,-,-,-,2,1,-,-,-,-,-,1,-,1,1,-,-,-,-,-,-,-,-,-,-,-,-,-,-,-,-,-,-,-,-,-,-,-,-,-,-,-,-,-,-,-,-,-,-,-,-,-,-,-,-,-,-,-
,男　Ｍ．,1,-,-,-,-,-,1,-,-,-,-,-,-,-,-,-,-,-,1,1,-,-,-,-,-,-,-,-,-,-,-,-,-,-,-,-,1,1,-,-,-,-,-,-,-,-,-,-,-,-,-,-,-,-,-,-,-,-,-,-,-,-,-,-,-,-,-,-,-,-,-,-,-,-,-,-,-,-,-,-,-
,女　Ｆ．,1,1,-,-,-,-,-,-,-,2,1,-,-,-,-,-,-,1,2,2,-,-,-,-,-,-,-,2,1,-,-,-,-,-,1,-,-,-,-,-,-,-,-,-,-,-,-,-,-,-,-,-,-,-,-,-,-,-,-,-,-,-,-,-,-,-,-,-,-,-,-,-,-,-,-,-,-,-,-,-,-
17200　　循環器系の先天奇形　　　　　　　　　　　　　　　　　　　　　　　　　　,総数,23,18,-,-,-,-,1,3,1,19,14,-,1,-,-,-,4,-,47,38,-,1,1,-,2,6,-,61,44,1,1,-,-,5,9,1,84,68,1,3,1,-,4,8,-,84,57,1,5,1,-,12,9,-,37,23,1,5,-,-,5,2,1,7,4,-,-,-,-,2,1,-,-,-,-,-,-,-,-,-,-
,男　Ｍ．,14,10,-,-,-,-,-,3,1,9,6,-,-,-,-,-,3,-,25,23,-,-,-,-,1,1,-,25,20,-,-,-,-,1,4,-,30,24,1,1,-,-,-,4,-,24,18,-,1,1,-,2,3,-,9,5,-,1,-,-,-,2,1,1,1,-,-,-,-,-,-,-,-,-,-,-,-,-,-,-,-
,女　Ｆ．,9,8,-,-,-,-,1,-,-,10,8,-,1,-,-,-,1,-,22,15,-,1,1,-,1,5,-,36,24,1,1,-,-,4,5,1,54,44,-,2,1,-,4,4,-,60,39,1,4,-,-,10,6,-,28,18,1,4,-,-,5,-,-,6,3,-,-,-,-,2,1,-,-,-,-,-,-,-,-,-,-
17201　　　心臓の先天奇形　　　　　　　　　　　　　　　　　　　　　　　　　　　,総数,18,14,-,-,-,-,1,2,1,15,11,-,1,-,-,-,3,-,34,27,-,1,1,-,2,4,-,36,23,1,1,-,-,3,7,1,39,32,-,1,-,-,1,5,-,31,19,-,4,-,-,3,5,-,8,5,-,-,-,-,2,1,-,-,-,-,-,-,-,-,-,-,-,-,-,-,-,-,-,-,-
,男　Ｍ．,10,7,-,-,-,-,-,2,1,7,5,-,-,-,-,-,2,-,19,17,-,-,-,-,1,1,-,13,9,-,-,-,-,1,3,-,15,11,-,1,-,-,-,3,-,11,9,-,-,-,-,-,2,-,1,-,-,-,-,-,-,1,-,-,-,-,-,-,-,-,-,-,-,-,-,-,-,-,-,-,-
,女　Ｆ．,8,7,-,-,-,-,1,-,-,8,6,-,1,-,-,-,1,-,15,10,-,1,1,-,1,3,-,23,14,1,1,-,-,2,4,1,24,21,-,-,-,-,1,2,-,20,10,-,4,-,-,3,3,-,7,5,-,-,-,-,2,-,-,-,-,-,-,-,-,-,-,-,-,-,-,-,-,-,-,-,-
17202　　　その他の循環器系の先天奇形　　　　　　　　　　　　　　　　　　　　　,総数,5,4,-,-,-,-,-,1,-,4,3,-,-,-,-,-,1,-,13,11,-,-,-,-,-,2,-,25,21,-,-,-,-,2,2,-,45,36,1,2,1,-,3,3,-,53,38,1,1,1,-,9,4,-,29,18,1,5,-,-,3,1,1,7,4,-,-,-,-,2,1,-,-,-,-,-,-,-,-,-,-
,男　Ｍ．,4,3,-,-,-,-,-,1,-,2,1,-,-,-,-,-,1,-,6,6,-,-,-,-,-,-,-,12,11,-,-,-,-,-,1,-,15,13,1,-,-,-,-,1,-,13,9,-,1,1,-,2,1,-,8,5,-,1,-,-,-,1,1,1,1,-,-,-,-,-,-,-,-,-,-,-,-,-,-,-,-
,女　Ｆ．,1,1,-,-,-,-,-,-,-,2,2,-,-,-,-,-,-,-,7,5,-,-,-,-,-,2,-,13,10,-,-,-,-,2,1,-,30,23,-,2,1,-,3,2,-,40,29,1,-,-,-,7,3,-,21,13,1,4,-,-,3,-,-,6,3,-,-,-,-,2,1,-,-,-,-,-,-,-,-,-,-
17300　　消化器系の先天奇形　　　　　　　　　　　　　　　　　　　　　　　　　　,総数,6,6,-,-,-,-,-,-,-,4,4,-,-,-,-,-,-,-,9,9,-,-,-,-,-,-,-,16,12,1,1,-,-,1,1,-,10,8,-,-,-,-,2,-,-,4,2,-,-,-,-,-,2,-,1,1,-,-,-,-,-,-,-,-,-,-,-,-,-,-,-,-,-,-,-,-,-,-,-,-,-
,男　Ｍ．,1,1,-,-,-,-,-,-,-,2,2,-,-,-,-,-,-,-,2,2,-,-,-,-,-,-,-,8,5,1,1,-,-,1,-,-,5,5,-,-,-,-,-,-,-,1,-,-,-,-,-,-,1,-,-,-,-,-,-,-,-,-,-,-,-,-,-,-,-,-,-,-,-,-,-,-,-,-,-,-,-
,女　Ｆ．,5,5,-,-,-,-,-,-,-,2,2,-,-,-,-,-,-,-,7,7,-,-,-,-,-,-,-,8,7,-,-,-,-,-,1,-,5,3,-,-,-,-,2,-,-,3,2,-,-,-,-,-,1,-,1,1,-,-,-,-,-,-,-,-,-,-,-,-,-,-,-,-,-,-,-,-,-,-,-,-,-
17400　　その他の先天奇形及び変形　　　　　　　　　　　　　　　　　　　　　　　,総数,28,21,2,-,-,-,-,5,-,55,48,2,-,-,-,1,4,-,75,64,3,2,1,-,3,3,-,61,46,2,1,-,-,1,10,1,52,37,2,2,-,-,3,7,1,37,25,2,2,-,-,2,4,2,6,5,1,-,-,-,-,-,-,1,1,-,-,-,-,-,-,-,-,-,-,-,-,-,-,-,-
,男　Ｍ．,14,9,-,-,-,-,-,5,-,29,26,2,-,-,-,-,1,-,38,32,2,1,-,-,1,2,-,31,24,1,-,-,-,1,4,1,18,13,1,-,-,-,1,3,-,17,13,-,1,-,-,-,2,1,2,2,-,-,-,-,-,-,-,1,1,-,-,-,-,-,-,-,-,-,-,-,-,-,-,-,-
,女　Ｆ．,14,12,2,-,-,-,-,-,-,26,22,-,-,-,-,1,3,-,37,32,1,1,1,-,2,1,-,30,22,1,1,-,-,-,6,-,34,24,1,2,-,-,2,4,1,20,12,2,1,-,-,2,2,1,4,3,1,-,-,-,-,-,-,-,-,-,-,-,-,-,-,-,-,-,-,-,-,-,-,-,-
17500　　染色体異常，他に分類されないもの　　　　　　　　　　　　　　　　　　　,総数,37,22,2,2,2,-,7,2,2,19,14,1,1,1,-,3,-,-,1,1,-,-,-,-,-,-,-,3,1,-,-,-,-,1,1,-,-,-,-,-,-,-,-,-,-,-,-,-,-,-,-,-,-,-,-,-,-,-,-,-,-,-,-,-,-,-,-,-,-,-,-,-,-,-,-,-,-,-,-,-,-
,男　Ｍ．,21,12,-,1,1,-,6,1,1,8,5,1,1,1,-,1,-,-,-,-,-,-,-,-,-,-,-,2,1,-,-,-,-,-,1,-,-,-,-,-,-,-,-,-,-,-,-,-,-,-,-,-,-,-,-,-,-,-,-,-,-,-,-,-,-,-,-,-,-,-,-,-,-,-,-,-,-,-,-,-,-
,女　Ｆ．,16,10,2,1,1,-,1,1,1,11,9,-,-,-,-,2,-,-,1,1,-,-,-,-,-,-,-,1,-,-,-,-,-,1,-,-,-,-,-,-,-,-,-,-,-,-,-,-,-,-,-,-,-,-,-,-,-,-,-,-,-,-,-,-,-,-,-,-,-,-,-,-,-,-,-,-,-,-,-,-,-
18000　症状，徴候及び異常臨床所見・異常検査所見で他に分類されないもの　　　　　,総数,3861,669,7,28,3,-,152,2849,156,7156,1639,24,157,36,-,741,4340,255,11618,3460,95,493,124,-,2165,5111,294,24403,8591,256,1872,439,-,6766,6424,494,46740,16243,584,4288,990,-,16052,8752,821,70508,22943,1070,7147,1647,-,26606,11409,1333,55088,15822,770,6073,1331,-,22325,9013,1085,19989,4884,263,2495,503,-,8503,3428,416,329,12,-,-,-,-,-,10,307
,男　Ｍ．,3138,491,5,21,3,-,103,2379,139,5287,1082,19,94,21,-,443,3438,211,7208,2009,58,266,60,-,1110,3568,197,11994,4447,126,841,192,-,2689,3632,259,17943,7131,226,1577,357,-,4830,3885,294,20188,7760,340,1945,453,-,6114,3686,343,10389,3593,162,1037,208,-,3486,1902,209,2270,661,35,266,62,-,820,444,44,245,11,-,-,-,-,-,6,228
,女　Ｆ．,723,178,2,7,-,-,49,470,17,1869,557,5,63,15,-,298,902,44,4410,1451,37,227,64,-,1055,1543,97,12409,4144,130,1031,247,-,4077,2792,235,28797,9112,358,2711,633,-,11222,4867,527,50320,15183,730,5202,1194,-,20492,7723,990,44699,12229,608,5036,1123,-,18839,7111,876,17719,4223,228,2229,441,-,7683,2984,372,84,1,-,-,-,-,-,4,79
18100　　老衰　　　　　　　　　　　　　　　　　　　　　　　　　　　　　　　　　,総数,325,111,3,24,2,-,131,44,12,1841,657,19,146,32,-,695,296,28,5485,1965,77,466,117,-,2065,835,77,18272,6549,239,1811,421,-,6607,2780,286,41011,13806,545,4189,955,-,15782,6005,684,66651,21028,1015,7041,1622,-,26303,10013,1251,53514,14960,756,5984,1310,-,22078,8675,1061,19720,4754,260,2478,499,-,8433,3386,409,2,-,-,-,-,-,-,1,1
,男　Ｍ．,222,75,3,17,2,-,87,29,11,1156,413,15,88,18,-,417,203,20,2983,1095,46,255,59,-,1052,491,44,8424,3299,118,816,186,-,2610,1461,120,15149,5925,210,1544,345,-,4742,2507,221,18661,7019,320,1913,446,-,6019,3078,312,9938,3344,158,1026,206,-,3438,1773,199,2220,632,34,265,62,-,813,433,43,1,-,-,-,-,-,-,-,1
,女　Ｆ．,103,36,-,7,-,-,44,15,1,685,244,4,58,14,-,278,93,8,2502,870,31,211,58,-,1013,344,33,9848,3250,121,995,235,-,3997,1319,166,25862,7881,335,2645,610,-,11040,3498,463,47990,14009,695,5128,1176,-,20284,6935,939,43576,11616,598,4958,1104,-,18640,6902,862,17500,4122,226,2213,437,-,7620,2953,366,1,-,-,-,-,-,-,1,-
18200　　乳幼児突然死症候群　　　　　　　　　　　　　　　　　　　　　　　　　　,総数,-,-,-,-,-,-,-,-,-,-,-,-,-,-,-,-,-,-,-,-,-,-,-,-,-,-,-,-,-,-,-,-,-,-,-,-,-,-,-,-,-,-,-,-,-,-,-,-,-,-,-,-,-,-,-,-,-,-,-,-,-,-,-,-,-,-,-,-,-,-,-,-,-,-,-,-,-,-,-,-,-
,男　Ｍ．,-,-,-,-,-,-,-,-,-,-,-,-,-,-,-,-,-,-,-,-,-,-,-,-,-,-,-,-,-,-,-,-,-,-,-,-,-,-,-,-,-,-,-,-,-,-,-,-,-,-,-,-,-,-,-,-,-,-,-,-,-,-,-,-,-,-,-,-,-,-,-,-,-,-,-,-,-,-,-,-,-
,女　Ｆ．,-,-,-,-,-,-,-,-,-,-,-,-,-,-,-,-,-,-,-,-,-,-,-,-,-,-,-,-,-,-,-,-,-,-,-,-,-,-,-,-,-,-,-,-,-,-,-,-,-,-,-,-,-,-,-,-,-,-,-,-,-,-,-,-,-,-,-,-,-,-,-,-,-,-,-,-,-,-,-,-,-
18300　　その他の症状，徴候及び異常臨床所見・異常検査所見で他に分類されないもの,総数,3536,558,4,4,1,-,21,2805,144,5315,982,5,11,4,-,46,4044,227,6133,1495,18,27,7,-,100,4276,217,6131,2042,17,61,18,-,159,3644,208,5729,2437,39,99,35,-,270,2747,137,3857,1915,55,106,25,-,303,1396,82,1574,862,14,89,21,-,247,338,24,269,130,3,17,4,-,70,42,7,327,12,-,-,-,-,-,9,306
,男　Ｍ．,2916,416,2,4,1,-,16,2350,128,4131,669,4,6,3,-,26,3235,191,4225,914,12,11,1,-,58,3077,153,3570,1148,8,25,6,-,79,2171,139,2794,1206,16,33,12,-,88,1378,73,1527,741,20,32,7,-,95,608,31,451,249,4,11,2,-,48,129,10,50,29,1,1,-,-,7,11,1,244,11,-,-,-,-,-,6,227
,女　Ｆ．,620,142,2,-,-,-,5,455,16,1184,313,1,5,1,-,20,809,36,1908,581,6,16,6,-,42,1199,64,2561,894,9,36,12,-,80,1473,69,2935,1231,23,66,23,-,182,1369,64,2330,1174,35,74,18,-,208,788,51,1123,613,10,78,19,-,199,209,14,219,101,2,16,4,-,63,31,6,83,1,-,-,-,-,-,3,79
20000　傷病及び死亡の外因　　　　　　　　　　　　　　　　　　　　　　　　　　　,総数,3522,1819,14,10,6,-,23,1095,561,5774,3157,24,35,14,-,90,1754,714,8152,4915,31,77,34,-,127,2161,841,10646,6841,66,176,71,-,292,2531,740,11415,7862,91,281,114,-,436,2245,500,9191,6426,95,384,118,-,676,1376,234,4072,2752,40,271,92,-,449,500,60,827,460,17,95,19,-,144,98,13,97,13,-,-,-,-,-,-,84
,男　Ｍ．,2520,1272,8,8,5,-,18,774,440,3936,2105,13,30,12,-,67,1177,544,5374,3260,19,57,27,-,91,1340,607,6268,4196,40,91,42,-,182,1263,496,6269,4531,51,138,60,-,177,1062,310,4123,3055,40,112,40,-,221,567,128,1305,976,12,61,24,-,70,165,21,149,89,3,12,2,-,24,18,3,77,11,-,-,-,-,-,-,66
,女　Ｆ．,1002,547,6,2,1,-,5,321,121,1838,1052,11,5,2,-,23,577,170,2778,1655,12,20,7,-,36,821,234,4378,2645,26,85,29,-,110,1268,244,5146,3331,40,143,54,-,259,1183,190,5068,3371,55,272,78,-,455,809,106,2767,1776,28,210,68,-,379,335,39,678,371,14,83,17,-,120,80,10,20,2,-,-,-,-,-,-,18
20100　　不慮の事故　　　　　　　　　　　　　　　　　　　　　　　　　　　　　　,総数,1899,1178,9,4,2,-,11,494,203,3675,2239,15,16,2,-,43,1060,302,5811,3831,20,34,12,-,66,1442,418,8121,5584,44,76,34,-,165,1846,406,9181,6686,69,145,54,-,264,1696,321,7536,5615,72,198,58,-,406,1080,165,3406,2495,35,153,51,-,294,381,48,644,410,13,50,13,-,98,63,10,25,4,-,-,-,-,-,-,21
,男　Ｍ．,1356,826,4,3,2,-,8,346,169,2486,1491,9,13,2,-,32,713,228,3733,2498,11,25,9,-,45,853,301,4684,3384,28,41,22,-,91,871,269,5003,3827,38,76,29,-,110,758,194,3410,2664,29,65,22,-,135,429,88,1110,878,10,37,16,-,43,127,15,126,84,3,7,2,-,19,11,2,16,4,-,-,-,-,-,-,12
,女　Ｆ．,543,352,5,1,-,-,3,148,34,1189,748,6,3,-,-,11,347,74,2078,1333,9,9,3,-,21,589,117,3437,2200,16,35,12,-,74,975,137,4178,2859,31,69,25,-,154,938,127,4126,2951,43,133,36,-,271,651,77,2296,1617,25,116,35,-,251,254,33,518,326,10,43,11,-,79,52,8,9,-,-,-,-,-,-,-,9
20101　　　交通事故　　　　　　　　　　　　　　　　　　　　　　　　　　　　　　,総数,240,197,1,-,-,-,-,2,40,350,279,-,-,-,-,-,3,68,450,387,1,-,-,-,-,3,59,499,431,1,1,1,-,3,2,61,363,312,1,-,-,-,1,3,46,171,152,-,-,-,-,-,4,15,25,24,-,-,-,-,-,1,-,5,5,-,-,-,-,-,-,-,-,-,-,-,-,-,-,-,-
,男　Ｍ．,179,140,1,-,-,-,-,2,36,229,175,-,-,-,-,-,3,51,266,226,1,-,-,-,-,3,36,280,231,1,1,1,-,3,2,42,187,153,1,-,-,-,1,2,30,95,83,-,-,-,-,-,2,10,10,9,-,-,-,-,-,1,-,2,2,-,-,-,-,-,-,-,-,-,-,-,-,-,-,-,-
,女　Ｆ．,61,57,-,-,-,-,-,-,4,121,104,-,-,-,-,-,-,17,184,161,-,-,-,-,-,-,23,219,200,-,-,-,-,-,-,19,176,159,-,-,-,-,-,1,16,76,69,-,-,-,-,-,2,5,15,15,-,-,-,-,-,-,-,3,3,-,-,-,-,-,-,-,-,-,-,-,-,-,-,-,-
20102　　　転倒・転落・墜落　　　　　　　　　　　　　　　　　　　　　　　　　　,総数,249,197,2,-,-,-,1,26,23,496,381,1,1,-,-,2,69,42,1030,861,3,5,2,-,11,98,52,1662,1350,15,27,14,-,45,165,60,2605,2182,33,65,29,-,91,189,45,2987,2386,39,115,30,-,206,199,42,1733,1257,20,105,34,-,186,145,20,413,247,8,34,7,-,79,39,6,3,2,-,-,-,-,-,-,1
,男　Ｍ．,202,153,1,-,-,-,1,24,23,392,301,1,1,-,-,1,54,34,730,608,2,4,1,-,9,67,40,992,827,10,9,5,-,19,81,46,1405,1225,16,25,13,-,32,77,30,1213,1041,13,32,9,-,51,58,18,469,395,7,15,6,-,20,30,2,68,44,2,4,1,-,14,3,1,3,2,-,-,-,-,-,-,1
,女　Ｆ．,47,44,1,-,-,-,-,2,-,104,80,-,-,-,-,1,15,8,300,253,1,1,1,-,2,31,12,670,523,5,18,9,-,26,84,14,1200,957,17,40,16,-,59,112,15,1774,1345,26,83,21,-,155,141,24,1264,862,13,90,28,-,166,115,18,345,203,6,30,6,-,65,36,5,-,-,-,-,-,-,-,-,-
20103　　　不慮の溺死及び溺水　　　　　　　　　　　　　　　　　　　　　　　　　,総数,511,233,2,-,-,-,-,209,67,1112,461,6,-,-,-,2,550,93,1790,853,5,1,-,-,1,786,144,2400,1166,6,-,-,-,4,1096,128,2031,977,4,-,-,-,3,955,92,1077,518,4,-,-,-,5,512,38,239,127,-,-,-,-,2,103,7,8,5,-,-,-,-,-,3,-,4,-,-,-,-,-,-,-,4
,男　Ｍ．,332,146,-,-,-,-,-,133,53,675,255,3,-,-,-,2,347,68,999,473,2,1,-,-,1,421,101,1171,599,3,-,-,-,2,483,84,956,486,2,-,-,-,1,410,57,487,237,1,-,-,-,3,223,23,95,48,-,-,-,-,1,43,3,2,1,-,-,-,-,-,1,-,2,-,-,-,-,-,-,-,2
,女　Ｆ．,179,87,2,-,-,-,-,76,14,437,206,3,-,-,-,-,203,25,791,380,3,-,-,-,-,365,43,1229,567,3,-,-,-,2,613,44,1075,491,2,-,-,-,2,545,35,590,281,3,-,-,-,2,289,15,144,79,-,-,-,-,1,60,4,6,4,-,-,-,-,-,2,-,2,-,-,-,-,-,-,-,2
20104　　　不慮の窒息　　　　　　　　　　　　　　　　　　　　　　　　　　　　　,総数,310,242,2,3,1,-,6,49,8,605,490,1,8,1,-,23,72,11,964,825,4,11,3,-,30,82,12,1438,1235,16,21,4,-,58,99,9,1762,1494,16,31,5,-,101,105,15,1486,1238,13,38,6,-,106,79,12,678,545,8,23,8,-,57,42,3,119,86,3,9,3,-,12,8,1,-,-,-,-,-,-,-,-,-
,男　Ｍ．,201,155,2,2,1,-,3,34,5,377,298,1,5,1,-,18,45,10,590,509,1,7,2,-,14,52,7,832,722,10,12,3,-,28,54,6,904,774,9,16,2,-,37,59,9,584,496,6,12,1,-,34,32,4,192,156,1,8,4,-,10,16,1,21,15,1,1,-,-,2,2,-,-,-,-,-,-,-,-,-,-
,女　Ｆ．,109,87,-,1,-,-,3,15,3,228,192,-,3,-,-,5,27,1,374,316,3,4,1,-,16,30,5,606,513,6,9,1,-,30,45,3,858,720,7,15,3,-,64,46,6,902,742,7,26,5,-,72,47,8,486,389,7,15,4,-,47,26,2,98,71,2,8,3,-,10,6,1,-,-,-,-,-,-,-,-,-
20105　　　煙，火及び火炎への曝露　　　　　　　　　　　　　　　　　　　　　　　,総数,77,24,1,-,-,-,-,46,6,117,46,-,-,-,-,-,64,7,143,48,-,-,-,-,-,87,8,173,74,-,1,1,-,1,85,12,160,67,1,1,-,-,-,78,13,96,45,1,-,-,-,-,44,6,31,10,-,1,-,-,-,19,1,3,2,-,-,-,-,-,1,-,6,1,-,-,-,-,-,-,5
,男　Ｍ．,57,21,-,-,-,-,-,32,4,73,29,-,-,-,-,-,41,3,96,32,-,-,-,-,-,58,6,109,45,-,1,1,-,1,56,6,92,40,1,-,-,-,-,40,11,47,26,1,-,-,-,-,17,3,14,6,-,-,-,-,-,7,1,1,-,-,-,-,-,-,1,-,3,1,-,-,-,-,-,-,2
,女　Ｆ．,20,3,1,-,-,-,-,14,2,44,17,-,-,-,-,-,23,4,47,16,-,-,-,-,-,29,2,64,29,-,-,-,-,-,29,6,68,27,-,1,-,-,-,38,2,49,19,-,-,-,-,-,27,3,17,4,-,1,-,-,-,12,-,2,2,-,-,-,-,-,-,-,3,-,-,-,-,-,-,-,3
20106　　　有害物質による不慮の中毒及び有害物質への曝露　　　　　　　　　　　　,総数,27,8,1,-,-,-,-,13,5,30,11,-,-,-,-,-,14,5,24,19,1,-,-,-,-,4,-,32,20,-,-,-,-,2,10,-,22,19,-,-,-,-,-,3,-,15,9,-,1,1,-,-,5,-,1,-,-,-,-,-,1,-,-,3,3,-,-,-,-,-,-,-,-,-,-,-,-,-,-,-,-
,男　Ｍ．,19,6,-,-,-,-,-,8,5,24,8,-,-,-,-,-,11,5,19,17,-,-,-,-,-,2,-,19,12,-,-,-,-,1,6,-,14,12,-,-,-,-,-,2,-,6,3,-,-,-,-,-,3,-,-,-,-,-,-,-,-,-,-,-,-,-,-,-,-,-,-,-,-,-,-,-,-,-,-,-,-
,女　Ｆ．,8,2,1,-,-,-,-,5,-,6,3,-,-,-,-,-,3,-,5,2,1,-,-,-,-,2,-,13,8,-,-,-,-,1,4,-,8,7,-,-,-,-,-,1,-,9,6,-,1,1,-,-,2,-,1,-,-,-,-,-,1,-,-,3,3,-,-,-,-,-,-,-,-,-,-,-,-,-,-,-,-
20107　　　その他の不慮の事故　　　　　　　　　　　　　　　　　　　　　　　　　,総数,485,277,-,1,1,-,4,149,54,965,571,7,7,1,-,16,288,76,1410,838,6,17,7,-,24,382,143,1917,1308,6,26,14,-,52,389,136,2238,1635,14,48,20,-,68,363,110,1704,1267,15,44,21,-,89,237,52,699,532,7,24,9,-,48,71,17,93,62,2,7,3,-,7,12,3,12,1,-,-,-,-,-,-,11
,男　Ｍ．,366,205,-,1,1,-,4,113,43,716,425,4,7,1,-,11,212,57,1033,633,5,13,6,-,21,250,111,1281,948,4,18,12,-,37,189,85,1445,1137,9,35,14,-,39,168,57,978,778,8,21,12,-,47,94,30,330,264,2,14,6,-,12,30,8,32,22,-,2,1,-,3,4,1,8,1,-,-,-,-,-,-,7
,女　Ｆ．,119,72,-,-,-,-,-,36,11,249,146,3,-,-,-,5,76,19,377,205,1,4,1,-,3,132,32,636,360,2,8,2,-,15,200,51,793,498,5,13,6,-,29,195,53,726,489,7,23,9,-,42,143,22,369,268,5,10,3,-,36,41,9,61,40,2,5,2,-,4,8,2,4,-,-,-,-,-,-,-,4
20200　　自殺　　　　　　　　　　　　　　　　　　　　　　　　　　　　　　　　　,総数,1106,345,2,-,-,-,1,497,261,1282,431,2,-,-,-,10,546,293,1291,435,3,1,-,-,8,568,276,1064,375,7,7,-,-,16,472,187,715,271,3,1,-,-,14,334,92,369,167,2,3,1,-,19,143,35,91,35,-,2,1,-,12,36,6,8,2,-,-,-,-,2,3,1,25,4,-,-,-,-,-,-,21
,男　Ｍ．,762,206,1,-,-,-,1,353,201,857,258,-,-,-,-,5,360,234,881,284,2,1,-,-,6,387,201,681,244,4,3,-,-,10,283,137,465,181,2,1,-,-,9,211,61,225,99,1,3,1,-,11,88,23,57,20,-,1,1,-,7,24,5,3,1,-,-,-,-,-,1,1,22,3,-,-,-,-,-,-,19
,女　Ｆ．,344,139,1,-,-,-,-,144,60,425,173,2,-,-,-,5,186,59,410,151,1,-,-,-,2,181,75,383,131,3,4,-,-,6,189,50,250,90,1,-,-,-,5,123,31,144,68,1,-,-,-,8,55,12,34,15,-,1,-,-,5,12,1,5,1,-,-,-,-,2,2,-,3,1,-,-,-,-,-,-,2
20300　　他殺　　　　　　　　　　　　　　　　　　　　　　　　　　　　　　　　　,総数,17,11,-,-,-,-,-,4,2,10,2,-,-,-,-,-,7,1,30,11,-,-,-,-,1,15,3,25,13,-,-,-,-,-,12,-,8,3,-,-,-,-,-,3,2,11,4,-,-,-,-,-,6,1,4,1,-,-,-,-,-,3,-,1,1,-,-,-,-,-,-,-,-,-,-,-,-,-,-,-,-
,男　Ｍ．,8,6,-,-,-,-,-,1,1,6,2,-,-,-,-,-,4,-,12,5,-,-,-,-,1,5,1,5,4,-,-,-,-,-,1,-,4,2,-,-,-,-,-,-,2,3,2,-,-,-,-,-,-,1,-,-,-,-,-,-,-,-,-,-,-,-,-,-,-,-,-,-,-,-,-,-,-,-,-,-,-
,女　Ｆ．,9,5,-,-,-,-,-,3,1,4,-,-,-,-,-,-,3,1,18,6,-,-,-,-,-,10,2,20,9,-,-,-,-,-,11,-,4,1,-,-,-,-,-,3,-,8,2,-,-,-,-,-,6,-,4,1,-,-,-,-,-,3,-,1,1,-,-,-,-,-,-,-,-,-,-,-,-,-,-,-,-
20400　　その他の外因　　　　　　　　　　　　　　　　　　　　　　　　　　　　　,総数,500,285,3,6,4,-,11,100,95,807,485,7,19,12,-,37,141,118,1020,638,8,42,22,-,52,136,144,1436,869,15,93,37,-,111,201,147,1511,902,19,135,60,-,158,212,85,1275,640,21,183,59,-,251,147,33,571,221,5,116,40,-,143,80,6,174,47,4,45,6,-,44,32,2,47,5,-,-,-,-,-,-,42
,男　Ｍ．,394,234,3,5,3,-,9,74,69,587,354,4,17,10,-,30,100,82,748,473,6,31,18,-,39,95,104,898,564,8,47,20,-,81,108,90,797,521,11,61,31,-,58,93,53,485,290,10,44,17,-,75,50,16,138,78,2,23,7,-,20,14,1,20,4,-,5,-,-,5,6,-,39,4,-,-,-,-,-,-,35
,女　Ｆ．,106,51,-,1,1,-,2,26,26,220,131,3,2,2,-,7,41,36,272,165,2,11,4,-,13,41,40,538,305,7,46,17,-,30,93,57,714,381,8,74,29,-,100,119,32,790,350,11,139,42,-,176,97,17,433,143,3,93,33,-,123,66,5,154,43,4,40,6,-,39,26,2,8,1,-,-,-,-,-,-,7
22000　特殊目的用コード　　　　　　　　　　　　　　　　　　　　　　　　　　　　,総数,791,680,4,15,6,-,34,51,7,1981,1704,13,66,27,-,87,100,11,3649,3153,25,106,35,-,197,158,10,6299,5303,51,197,62,-,442,276,30,8341,6842,67,370,88,-,666,343,53,8353,6311,76,507,124,-,969,433,57,4477,3079,41,309,74,-,730,272,46,1075,609,11,112,26,-,233,97,13,4,2,-,-,-,-,-,-,2
,男　Ｍ．,615,528,4,13,6,-,28,36,6,1509,1297,8,51,20,-,66,78,9,2698,2376,20,68,21,-,124,104,6,4242,3675,30,114,35,-,229,177,17,5005,4271,39,193,49,-,298,178,26,4001,3289,26,185,43,-,301,177,23,1509,1180,7,77,17,-,150,84,11,235,166,1,14,2,-,31,20,3,4,2,-,-,-,-,-,-,2
,女　Ｆ．,176,152,-,2,-,-,6,15,1,472,407,5,15,7,-,21,22,2,951,777,5,38,14,-,73,54,4,2057,1628,21,83,27,-,213,99,13,3336,2571,28,177,39,-,368,165,27,4352,3022,50,322,81,-,668,256,34,2968,1899,34,232,57,-,580,188,35,840,443,10,98,24,-,202,77,10,-,-,-,-,-,-,-,-,-
22100　　重症急性呼吸器症候群［ＳＡＲＳ］　　　　　　　　　　　　　　　　　　　,総数,-,-,-,-,-,-,-,-,-,-,-,-,-,-,-,-,-,-,-,-,-,-,-,-,-,-,-,-,-,-,-,-,-,-,-,-,-,-,-,-,-,-,-,-,-,-,-,-,-,-,-,-,-,-,-,-,-,-,-,-,-,-,-,-,-,-,-,-,-,-,-,-,-,-,-,-,-,-,-,-,-
,男　Ｍ．,-,-,-,-,-,-,-,-,-,-,-,-,-,-,-,-,-,-,-,-,-,-,-,-,-,-,-,-,-,-,-,-,-,-,-,-,-,-,-,-,-,-,-,-,-,-,-,-,-,-,-,-,-,-,-,-,-,-,-,-,-,-,-,-,-,-,-,-,-,-,-,-,-,-,-,-,-,-,-,-,-
,女　Ｆ．,-,-,-,-,-,-,-,-,-,-,-,-,-,-,-,-,-,-,-,-,-,-,-,-,-,-,-,-,-,-,-,-,-,-,-,-,-,-,-,-,-,-,-,-,-,-,-,-,-,-,-,-,-,-,-,-,-,-,-,-,-,-,-,-,-,-,-,-,-,-,-,-,-,-,-,-,-,-,-,-,-
22200　　その他の特殊目的用コード　　　　　　　　　　　　　　　　　　　　　　　,総数,791,680,4,15,6,-,34,51,7,1981,1704,13,66,27,-,87,100,11,3649,3153,25,106,35,-,197,158,10,6299,5303,51,197,62,-,442,276,30,8341,6842,67,370,88,-,666,343,53,8353,6311,76,507,124,-,969,433,57,4477,3079,41,309,74,-,730,272,46,1075,609,11,112,26,-,233,97,13,4,2,-,-,-,-,-,-,2
,男　Ｍ．,615,528,4,13,6,-,28,36,6,1509,1297,8,51,20,-,66,78,9,2698,2376,20,68,21,-,124,104,6,4242,3675,30,114,35,-,229,177,17,5005,4271,39,193,49,-,298,178,26,4001,3289,26,185,43,-,301,177,23,1509,1180,7,77,17,-,150,84,11,235,166,1,14,2,-,31,20,3,4,2,-,-,-,-,-,-,2
,女　Ｆ．,176,152,-,2,-,-,6,15,1,472,407,5,15,7,-,21,22,2,951,777,5,38,14,-,73,54,4,2057,1628,21,83,27,-,213,99,13,3336,2571,28,177,39,-,368,165,27,4352,3022,50,322,81,-,668,256,34,2968,1899,34,232,57,-,580,188,35,840,443,10,98,24,-,202,77,10,-,-,-,-,-,-,-,-,-
22201　　　新型コロナウイルス感染症　　　　　　　　　　　　　　　　　　　　　　,総数,791,680,4,15,6,-,34,51,7,1981,1704,13,66,27,-,87,100,11,3648,3152,25,106,35,-,197,158,10,6297,5301,51,197,62,-,442,276,30,8339,6840,67,370,88,-,666,343,53,8352,6310,76,507,124,-,969,433,57,4475,3079,40,308,74,-,730,272,46,1075,609,11,112,26,-,233,97,13,4,2,-,-,-,-,-,-,2
,男　Ｍ．,615,528,4,13,6,-,28,36,6,1509,1297,8,51,20,-,66,78,9,2697,2375,20,68,21,-,124,104,6,4240,3673,30,114,35,-,229,177,17,5004,4270,39,193,49,-,298,178,26,4001,3289,26,185,43,-,301,177,23,1508,1180,7,76,17,-,150,84,11,235,166,1,14,2,-,31,20,3,4,2,-,-,-,-,-,-,2
,女　Ｆ．,176,152,-,2,-,-,6,15,1,472,407,5,15,7,-,21,22,2,951,777,5,38,14,-,73,54,4,2057,1628,21,83,27,-,213,99,13,3335,2570,28,177,39,-,368,165,27,4351,3021,50,322,81,-,668,256,34,2967,1899,33,232,57,-,580,188,35,840,443,10,98,24,-,202,77,10,-,-,-,-,-,-,-,-,-
22202　　　新型コロナウイルス感染症ワクチン　　　　　　　　　　　　　　　　　　,総数,-,-,-,-,-,-,-,-,-,-,-,-,-,-,-,-,-,-,1,1,-,-,-,-,-,-,-,2,2,-,-,-,-,-,-,-,2,2,-,-,-,-,-,-,-,1,1,-,-,-,-,-,-,-,2,-,1,1,-,-,-,-,-,-,-,-,-,-,-,-,-,-,-,-,-,-,-,-,-,-,-
,男　Ｍ．,-,-,-,-,-,-,-,-,-,-,-,-,-,-,-,-,-,-,1,1,-,-,-,-,-,-,-,2,2,-,-,-,-,-,-,-,1,1,-,-,-,-,-,-,-,-,-,-,-,-,-,-,-,-,1,-,-,1,-,-,-,-,-,-,-,-,-,-,-,-,-,-,-,-,-,-,-,-,-,-,-
,女　Ｆ．,-,-,-,-,-,-,-,-,-,-,-,-,-,-,-,-,-,-,-,-,-,-,-,-,-,-,-,-,-,-,-,-,-,-,-,-,1,1,-,-,-,-,-,-,-,1,1,-,-,-,-,-,-,-,1,-,1,-,-,-,-,-,-,-,-,-,-,-,-,-,-,-,-,-,-,-,-,-,-,-,-
22203　　　その他の特殊目的用コード（22201及び22202を除く）　　　　　　　　　　,総数,-,-,-,-,-,-,-,-,-,-,-,-,-,-,-,-,-,-,-,-,-,-,-,-,-,-,-,-,-,-,-,-,-,-,-,-,-,-,-,-,-,-,-,-,-,-,-,-,-,-,-,-,-,-,-,-,-,-,-,-,-,-,-,-,-,-,-,-,-,-,-,-,-,-,-,-,-,-,-,-,-
,男　Ｍ．,-,-,-,-,-,-,-,-,-,-,-,-,-,-,-,-,-,-,-,-,-,-,-,-,-,-,-,-,-,-,-,-,-,-,-,-,-,-,-,-,-,-,-,-,-,-,-,-,-,-,-,-,-,-,-,-,-,-,-,-,-,-,-,-,-,-,-,-,-,-,-,-,-,-,-,-,-,-,-,-,-
,女　Ｆ．,-,-,-,-,-,-,-,-,-,-,-,-,-,-,-,-,-,-,-,-,-,-,-,-,-,-,-,-,-,-,-,-,-,-,-,-,-,-,-,-,-,-,-,-,-,-,-,-,-,-,-,-,-,-,-,-,-,-,-,-,-,-,-,-,-,-,-,-,-,-,-,-,-,-,-,-,-,-,-,-,-
